rank,smiles,prob_active,deepentxai_score,prediction,observed
1,C[C@@H]1CN(c2c(F)c(N)c3c(=O)c(C(=O)O)cn(C4CC4)c3c2F)C[C@@H](C)N1,0.981,96.98,Active,Active
2,C[C@@H]1CN(c2c(F)c(N)c3c(=O)c(C(=O)O)cn(C4CC4)c3c2F)C[C@H](C)N1,0.981,96.98,Active,Active
3,C[C@@H]1CN(c2c(F)cc3c(=O)c(C(=O)O)cn(C4CC4)c3c2F)C[C@H](C)N1,0.981,96.98,Active,Active
4,C[C@H]1[C@H](N)CN1c1c(F)cc2c(=O)c(C(=O)O)cn(CCF)c2c1F,0.9726,95.67,Active,Active
5,N[C@H]1C[C@@H](CO)N(c2cc3c(cc2F)c(=O)c(C(=O)O)cn3-c2ccc(F)cc2F)C1,0.9726,95.67,Active,Active
6,C[C@@H]1CN(c2c(F)c(Cl)c3c(=O)c(C(=O)O)cn(C4CC4)c3c2F)C[C@H](C)N1,0.9726,95.67,Active,Active
7,C[C@@H]1CN(c2c(F)c(F)c3c(=O)c(C(=O)O)cn(C4CC4)c3c2F)C[C@H](C)N1,0.9726,95.67,Active,Active
8,C[C@@H]1CN(c2c(F)c(N)c3c(=O)c(C(=O)O)cn(C4CC4)c3c2F)CCN1,0.9726,95.67,Active,Active
9,C[C@@H]1CN(c2c(F)cc3c(=O)c(C(=O)O)cn(C4CC4)c3c2F)CCN1,0.9726,95.67,Active,Active
10,C[C@H]1CN(c2cc3c(cc2F)c(=O)c(C(=O)O)cn3-c2ccc(O)cc2)C[C@H]1N,0.9726,95.67,Active,Active
11,C[C@@H]1CN(c2cc3c(cc2F)c(=O)c(C(=O)O)cn3-c2ccc(O)cc2)C[C@H]1N,0.9726,95.67,Active,Active
12,Cc1c(N2CCC(N(C)C3CC3)C2)c(F)cn2c(=O)c(C(=O)O)cc(C3CC3)c12,0.9726,95.67,Active,Active
13,C[C@H]1CN(c2c(F)c(N)c3c(=O)c(C(=O)O)cn(C4CC4)c3c2F)CCN1,0.9726,95.67,Active,Active
14,C[C@H]1CN(C(=O)c2n[nH]c3c2CCC(C)(C)C3)Cc2onc([C@@](C)(O)C(F)(F)F)c21,0.9726,95.67,Active,Active
15,Cc1c(N2C[C@@H]3OCCN[C@@H]3C2)c(F)cn2c(=O)c(C(=O)O)cc(C3CC3)c12,0.9726,95.67,Active,Active
16,C[C@@H]1NCCN(c2c(F)c(N)c3c(=O)c(C(=O)O)cn(C4CC4)c3c2F)[C@@H]1C,0.9726,95.67,Active,Active
17,N[C@H]1CN(c2c(F)cc3c(=O)c(C(=O)O)cn(C4CC4)c3c2Cl)CC12CC2,0.9726,95.67,Active,Active
18,C[C@H]1CN(C(=O)c2ccc(F)c(-c3cncc(F)c3)c2)Cc2cnc([C@@](C)(O)C(F)(F)F)n21,0.9726,95.67,Active,Active
19,C[C@H]1CN(C(=O)c2ccc(C#N)c(C3CC3)c2)Cc2cnc([C@@](C)(O)C(F)(F)F)n21,0.9726,95.67,Active,Active
20,CN(C)CC1CN(c2c(F)c(N)c3c(=O)c(C(=O)O)cn(C4CC4)c3c2F)CCN1,0.9726,95.67,Active,Active
21,CC(C)n1cc(-c2cc(C(N)=O)c3c(c2)C(O)(C(F)(F)F)c2ccccc2-3)cn1,0.9726,95.67,Active,Active
22,N[C@@H]1CN(c2c(F)cc3c(=O)c(C(=O)O)cn(C4CC4)c3c2Cl)CC12CC2,0.9726,95.67,Active,Active
23,O[C@H]1CCN(CCOc2ccc3c(c2)C(O)(C(F)(F)F)c2ccccc2-3)C1,0.9726,95.67,Active,Active
24,CC1CN(c2c(F)c(N)c3c(=O)c(C(=O)O)cn(C4CC4)c3c2F)CCN1,0.9726,95.67,Active,Active
25,Cc1[nH]c(C(=O)Nc2nc3c(OC(C)c4ccc(CN5CCOCC5=O)cc4)cc(C(=O)O)cc3s2)c(Cl)c1Cl,0.9726,95.67,Active,Active
26,O[C@@H]1CCN(CCOc2ccc3c(c2)C(O)(C(F)(F)F)c2ccccc2-3)C1,0.9726,95.67,Active,Active
27,Cc1c(N2C[C@@H]3COC[C@]3(CN)C2)c(F)cn2c(=O)c(C(=O)O)cc(C3CC3)c12,0.9726,95.67,Active,Active
28,Cc1c(N2CCN(C)CC2)c(F)cc2c(=O)c(C(=O)O)cn(C3CC3)c12,0.9726,95.67,Active,Active
29,C[C@H]1C[C@H](N)CN1c1cc2c(cc1F)c(=O)c(C(=O)O)cn2-c1ccc(F)cc1,0.9726,95.67,Active,Active
30,Cc1c(N2C[C@H]3NCCO[C@@H]3C2)c(F)cn2c(=O)c(C(=O)O)cc(C3CC3)c12,0.9726,95.67,Active,Active
31,CC1CN(c2c(F)cc3c(=O)c(C(=O)O)cn(C4CC4)c3c2F)CC(C)N1,0.9726,95.67,Active,Active
32,COc1ccnc(-c2nc(N3CC[C@@H](NC(=O)c4[nH]c(C)c(Cl)c4Cl)[C@@H](OC)C3)sc2C(=O)O)n1,0.9726,95.67,Active,Active
33,C[C@H]1CN(C(=O)c2n[nH]c(C3CC3)c2Cl)Cc2onc([C@@](C)(O)C(F)(F)F)c21,0.9646,94.41,Active,Active
34,Cc1c(N2C[C@H]3CCNC[C@@H]3C2)c(F)cn2c(=O)c(C(=O)O)cc(C3CC3)c12,0.9578,93.36,Active,Active
35,C[C@H]1CN(C(=O)c2cc(C3CC3)[nH]n2)Cc2onc([C@@](C)(O)C(F)(F)F)c21,0.9578,93.36,Active,Active
36,CC(C)(C)n1cc(-c2cc(C(N)=O)c3c(c2)C(O)(C(F)(F)F)c2ccccc2-3)cn1,0.9578,93.36,Active,Active
37,C[C@@H]1[C@@H](N)CN1c1nc2c(cc1F)c(=O)c(C(=O)O)cn2C1CC1,0.9578,93.36,Active,Active
38,O=C(O)CCn1cc(-c2cc(Cl)c3c(c2)C(O)(C(F)(F)F)c2ccccc2-3)cn1,0.9578,93.36,Active,Active
39,CCN1CCC2(CCN(c3c(F)cc4c(=O)c(C(=O)O)cn(C5CC5)c4c3F)C2)C1,0.9578,93.36,Active,Active
40,CN(C)C1CCN(c2cc3c(cc2F)c(=O)c(C(=O)O)cn3-c2ccc(F)cc2)C1,0.9578,93.36,Active,Active
41,C[C@@H](N)[C@H]1CCN(c2cc3c(cc2F)c(=O)c(C(=O)O)cn3-c2ccc(O)cc2)C1,0.9578,93.36,Active,Active
42,NCc1cccc(C2CN(c3c(F)cc4c(=O)c(C(=O)O)cn(C5CC5)c4c3F)CC2CN)c1,0.9578,93.36,Active,Active
43,CC(C)c1ccc(C2CN(c3c(F)cc4c(=O)c(C(=O)O)cn(C5CC5)c4c3F)CC2N)cc1,0.9578,93.36,Active,Active
44,CN1CCN(c2c(N)cc3c(=O)c(C(=O)O)cn(C4CC4)c3c2F)CC1,0.9578,93.36,Active,Active
45,C[C@H]1[C@H](N)CN1c1cc2c(cc1F)c(=O)c(C(=O)O)cn2CCF,0.9578,93.36,Active,Active
46,C[C@H](N)[C@@H]1CCN(c2cc3c(cc2F)c(=O)c(C(=O)O)cn3-c2ccc(O)cc2)C1,0.9578,93.36,Active,Active
47,CCn1cc(C(=O)O)c(=O)c2cc(F)c(N3C[C@H](N)[C@H]3C)c(F)c21,0.9578,93.36,Active,Active
48,C[C@H](N)[C@H]1CCN(c2cc3c(cc2F)c(=O)c(C(=O)O)cn3-c2ccc(O)cc2)C1,0.9578,93.36,Active,Active
49,CCn1cc(C(=O)O)c(=O)c2cc(F)c(N3C[C@@H](N)[C@@H]3C)c(F)c21,0.9578,93.36,Active,Active
50,CC1CN(c2c(F)c(N)c3c(=O)c(C(=O)O)cn(C4CC4)c3c2Cl)CC(C)N1,0.9578,93.36,Active,Active
51,C[C@H]1[C@H](N)CN1c1cc2c(cc1F)c(=O)c(C(=O)O)cn2C(C)(C)C,0.9578,93.36,Active,Active
52,CN1[C@@H]2CC[C@H]1CN(c1c(F)cc3c(=O)c(C(=O)O)cn(C4CC4)c3c1F)C2,0.9578,93.36,Active,Active
53,CC(C)Cn1cc(-c2cc(C(N)=O)c3c(c2)C(O)(C(F)(F)F)c2ccccc2-3)cn1,0.9578,93.36,Active,Active
54,C[C@H]1[C@H](N)CN1c1c(F)cc2c(=O)c(C(=O)O)cn(C(C)(C)C)c2c1F,0.9578,93.36,Active,Active
55,C[C@@H](N)[C@@H]1CCN(c2nc3c(cc2F)c(=O)c(C(=O)O)cn3-c2ccc(F)cc2F)C1,0.9578,93.36,Active,Active
56,C[C@@H](N)[C@H]1CCN(c2nc3c(cc2F)c(=O)c(C(=O)O)cn3-c2ccc(F)cc2F)C1,0.9578,93.36,Active,Active
57,CC(=O)c1cc(-c2cnn(CCC(=O)O)c2)cc2c1-c1ccccc1C2(O)C(F)(F)F,0.9578,93.36,Active,Active
58,N=C(N)c1cccc(C[C@H](NS(=O)(=O)c2ccc3ccccc3c2)C(=O)N2CCC(CCN=C(N)N)CC2)c1,0.9578,93.36,Active,Active
59,Nc1c(N2CCNCC2)c(F)cc2c(=O)c(C(=O)O)cn(C3CC3)c12,0.9578,93.36,Active,Active
60,CC1CN(c2c(F)c(Cl)c3c(=O)c(C(=O)O)cn(C4CC4)c3c2F)CCN1,0.9578,93.36,Active,Active
61,CC[C@H](NC(=O)[C@@H](NC(=O)[C@@H]1CCCN1C(=O)[C@H](CC(N)=O)NC(=O)[C@H](CCC(=O)O)NC(=O)[C@H](Cc1ccc(OP(=O)(O)O)cc1)NC(=O)CN)[C@@H](C)O)C(=O)O,0.9578,93.36,Active,Active
62,NC(=O)CCn1cc(-c2cc(Cl)c3c(c2)C(O)(C(F)(F)F)c2ccccc2-3)cn1,0.9578,93.36,Active,Active
63,C[C@@H]1CN(c2c(F)c(O)c3c(=O)c(C(=O)O)cn(C4CC4)c3c2F)C[C@H](C)N1,0.9578,93.36,Active,Active
64,C[C@H]1[C@H](N)CN1c1nc2c(cc1F)c(=O)c(C(=O)O)cn2C1CC1,0.9578,93.36,Active,Active
65,CC1CN(c2c(F)cc3c(=O)c(C(=O)O)cn(C4CC4)c3c2F)CCN1,0.9578,93.36,Active,Active
66,N[C@@H]1CN(c2cc3c(cc2F)c(=O)c(C(=O)O)cn3-c2ccc(F)cc2)C[C@H]1N,0.9578,93.36,Active,Active
67,CN1CCC2(CCN(c3c(F)cc4c(=O)c(C(=O)O)cn(C5CC5)c4c3F)C2)C1,0.9578,93.36,Active,Active
68,C[C@@H]1C[C@H](N)CN1c1cc2c(cc1F)c(=O)c(C(=O)O)cn2-c1ccc(O)cc1,0.9578,93.36,Active,Active
69,CC(=O)c1cc(-c2cnn(CCO)c2)cc2c1-c1ccccc1C2(O)C(F)(F)F,0.9578,93.36,Active,Active
70,NCC1CCN(c2cc3c(cc2F)c(=O)c(C(=O)O)cn3-c2ccc(O)cc2)C1,0.9557,93.03,Active,Active
71,C[C@H]1CN(C(=O)c2cc(C3CC3)n(C)n2)Cc2onc([C@@](C)(O)C(F)(F)F)c21,0.9557,93.03,Active,Active
72,O=C(O)CCCOc1cc(-c2cccnc2)c2c(c1)C(O)(C(F)(F)F)c1ccccc1-2,0.9557,93.03,Active,Active
73,N[C@@H]1CCCCN(c2c(F)cc3c(=O)c(C(=O)O)cn(C4CC4)c3c2Cl)C1,0.9557,93.03,Active,Active
74,C[C@H]1CN(c2c(F)cc3c(=O)c(C(=O)O)cn(C4CC4F)c3c2F)CCN1,0.9557,93.03,Active,Active
75,CC1CN(c2cc3c(cc2F)c(=O)c(C(=O)O)cn3C2CC2)CC(C)N1,0.9557,93.03,Active,Active
76,CC1CN(c2cc3c(c(N)c2F)c(=O)c(C(=O)O)cn3C2CC2)CCN1,0.9557,93.03,Active,Active
77,NC1CN(c2c(F)cc3c(=O)c(C(=O)O)cn(C4CC4)c3c2F)CC1c1ccc(Cl)c(Cl)c1,0.9557,93.03,Active,Active
78,Nc1nc2c(ncn2[C@@H]2O[C@H](CO)[C@@H](O)[C@H]2OP(=O)(O)O)c(=O)[nH]1,0.9557,93.03,Active,Active
79,C[C@H]1CN(C(=O)c2cc(-c3ccc(F)cc3)ccn2)Cc2cnc([C@@](C)(O)C(F)(F)F)n21,0.9557,93.03,Active,Active
80,CC1CN(c2c(F)cc3c(=O)c(C(=O)O)cn(C4CC4)c3c2Cl)CCN1,0.9557,93.03,Active,Active
81,CCn1cc(-c2cc(C(N)=O)c3c(c2)C(O)(C(F)(F)F)c2ccccc2-3)cn1,0.9557,93.03,Active,Active
82,C[C@H]1CN(C(=O)c2cc(-c3ccc(C#N)cc3)n(C3CC3)n2)Cc2cnc([C@@](C)(O)C(F)(F)F)n21,0.9557,93.03,Active,Active
83,Nc1nc2c(ncn2[C@@H]2O[C@H](CO)[C@@H](O)[C@@H]2OP(=O)(O)O)c(=O)[nH]1,0.9557,93.03,Active,Active
84,CCn1cc(C(=O)O)c(=O)c2cc(F)c(N3CC(N)C3C)c(F)c21,0.9557,93.03,Active,Active
85,C[C@H]1C[C@H](N)CN1c1cc2c(cc1F)c(=O)c(C(=O)O)cn2-c1ccc(F)cc1F,0.9557,93.03,Active,Active
86,CCn1cc(-c2cc(C(C)=O)c3c(c2)C(O)(C(F)(F)F)c2ccccc2-3)cn1,0.9557,93.03,Active,Active
87,CNC(=O)[C@H](CC(C)C)C[C@H](O)[C@H](CC1CCCCC1)NC(=O)[C@H](CC1C=NC=N1)NC(=O)[C@H](Cc1ccccc1)NC(=O)OC(C)(C)C,0.9557,93.03,Active,Active
88,O=C(O)Cn1cc(-c2cc(Cl)c3c(c2)C(O)(C(F)(F)F)c2ccccc2-3)cn1,0.9557,93.03,Active,Active
89,CCC1C[C@H](N)CN1c1cc2c(cc1F)c(=O)c(C(=O)O)cn2-c1ccc(F)cc1F,0.9557,93.03,Active,Active
90,C[C@@H]1CN(c2c(F)c(N)c3c(=O)c(C(=O)O)cn(C4CC4)c3c2F)C[C@H](C)N1C,0.9557,93.03,Active,Active
91,Nc1c(F)c(N2CCNCC2)c(Cl)c2c1c(=O)c(C(=O)O)cn2C1CC1,0.9557,93.03,Active,Active
92,Nc1c(F)c(N2CCNCC2)c(F)c2c1c(=O)c(C(=O)O)cn2C1CC1,0.9557,93.03,Active,Active
93,NC(=O)c1cc(-c2cnn(CCO)c2)cc2c1-c1ccccc1C2(O)C(F)(F)F,0.9557,93.03,Active,Active
94,CC(C)(C)Cn1cc(-c2cc(C(N)=O)c3c(c2)C(O)(C(F)(F)F)c2ccccc2-3)cn1,0.9557,93.03,Active,Active
95,C[C@@H](O)[C@H]1C(=O)N2C(C(=O)O)=C(S[C@@H]3CN[C@H](Cc4cn(C)[n+](CC(N)=O)c4)C3)[C@H](C)[C@H]12,0.9557,93.03,Active,Active
96,C[C@@H](O)[C@H]1C(=O)N2C(C(=O)O)=C(S[C@@H]3CN[C@H](Cc4cn(C)[n+](CC(=O)O)c4)C3)[C@H](C)[C@H]12,0.9557,93.03,Active,Active
97,C[C@@H](O)[C@H]1C(=O)N2C(C(=O)O)=C(S[C@@H]3CN[C@H](Cc4cn(C)[n+](C)c4)C3)[C@H](C)[C@H]12,0.9557,93.03,Active,Active
98,C[C@@H]1CN(c2c(F)cc3c(=O)c(C(=O)O)cn(C4CC4F)c3c2F)CCN1,0.9557,93.03,Active,Active
99,N=C(N)c1cccc(C[C@H](NS(=O)(=O)c2ccc3ccccc3c2)C(=O)N2CCCC[C@@H]2C(=O)O)c1,0.9557,93.03,Active,Active
100,C[C@@H](O)[C@H](NC(=O)[C@@H]1CCCN1C(=O)[C@H](CO[P+](O)(O)O)NC(=O)[C@H](Cc1ccc(O)cc1)NC(=O)[C@H](CO)NC(=O)[C@@H]1CCCN1)C(=O)N[C@@H](CO[P+](O)(O)O)C(=O)N1CCC[C@H]1C=O,0.9557,93.03,Active,Active
101,CN1CCN(c2c(F)cc3c(=O)c(C(=O)O)cn(C4CC4)c3c2F)CC1,0.9557,93.03,Active,Active
102,O=C(O)c1cn(C2CC2)c2c(F)c(N3CCNCC3)c(F)cc2c1=O,0.9557,93.03,Active,Active
103,CN[C@@H]1CN(c2cc3c(cc2F)c(=O)c(C(=O)O)cn3-c2ccc(F)cc2)C[C@H]1NC,0.9557,93.03,Active,Active
104,O=C(O)c1cn(C2CC2)c2c(Cl)c(N3CCNCC3)c(F)cc2c1=O,0.9557,93.03,Active,Active
105,O=C(O)c1cn(C2CC2)c2c(F)c(N3CCC4(CCNC4)C3)c(F)cc2c1=O,0.9557,93.03,Active,Active
106,C[C@@H]1CN(c2c(F)cc3c(=O)c(C(=O)O)cn(C4CC4)c3c2C(F)(F)F)CCN1,0.9557,93.03,Active,Active
107,C[C@@H]1CN(c2cc3c(cc2F)c(=O)c(C(=O)O)cn3C2CC2)CCN1,0.9557,93.03,Active,Active
108,C[C@H](N)[C@H]1CCN(c2nc3c(cc2F)c(=O)c(C(=O)O)cn3-c2ccc(O)cc2)C1,0.9557,93.03,Active,Active
109,NC1CCN(c2cc3c(cc2F)c(=O)c(C(=O)O)cn3-c2ccc(F)cc2)C1,0.9557,93.03,Active,Active
110,C[C@H](N)[C@@H]1CCN(c2nc3c(cc2F)c(=O)c(C(=O)O)cn3-c2ccc(O)cc2)C1,0.9557,93.03,Active,Active
111,C[C@H](N)C(=O)N[C@@H](CCCN=C(N)N)C(=O)N[C@@H](CO)C(=O)N[C@@H](Cc1cnc[nH]1)C(=O)N[C@@H](COP(=O)(O)O)C(=O)N[C@@H](Cc1ccc(O)cc1)C(=O)N1CCC[C@H]1C(=O)N[C@@H](C)C(=O)O,0.9557,93.03,Active,Active
112,CN1[C@@H]2CC[C@H]1CN(c1c(F)cc3c(=O)c(C(=O)O)cn(C4CC4)c3c1Cl)C2,0.9557,93.03,Active,Active
113,NC1CCN(c2cc3c(cc2F)c(=O)c(C(=O)O)cn3-c2ccc(O)cc2)C1,0.9557,93.03,Active,Active
114,CC(C)(N)[C@H]1CCN(c2nc3c(cc2F)c(=O)c(C(=O)O)cn3-c2ccc(F)cc2F)C1,0.9557,93.03,Active,Active
115,CC(C)(N)[C@@H]1CCN(c2nc3c(cc2F)c(=O)c(C(=O)O)cn3-c2ccc(F)cc2F)C1,0.9557,93.03,Active,Active
116,C=CCO[C@H]1CN(c2ncc(C(=O)O)s2)CC[C@H]1NC(=O)c1[nH]c(C)c(Cl)c1Cl,0.9557,93.03,Active,Active
117,C[C@H]1[C@H](N)CN1c1c(F)cc2c(=O)c(C(=O)O)cn(CCF)c2c1Cl,0.9557,93.03,Active,Active
118,C[C@@H]1CN(c2cc3c(cc2N)c(=O)c(C(=O)O)cn3C2CC2)C[C@H](C)N1,0.9557,93.03,Active,Active
119,C[C@@H]1[C@@H](NC(=O)[C@@H](C)N)CN1c1nc2c(cc1F)c(=O)c(C(=O)O)cn2C1CC1,0.9557,93.03,Active,Active
120,NC1CCN(c2c(F)cc3c(=O)c(C(=O)O)cn(-c4ccc(F)cc4)c3c2F)C1,0.9557,93.03,Active,Active
121,N[C@@H]1[C@H]2CN(c3nc4c(cc3F)c(=O)c(C(=O)O)cn4-c3ccc(F)cc3F)C[C@@H]12,0.9557,93.03,Active,Active
122,NC1C=C(c2nc3c(cc2F)c(=O)c(C(=O)O)cn3-c2ccc(F)cc2F)CC1,0.9557,93.03,Active,Active
123,N[C@H]1CC(CO)N(c2cc3c(cc2F)c(=O)c(C(=O)O)cn3-c2ccc(F)cc2F)C1,0.9557,93.03,Active,Active
124,COc1cc(OC)nc(-c2nc(N3CC[C@@H](NC(=O)c4[nH]c(C)c(Cl)c4Cl)[C@@H](OC)C3)sc2C(=O)O)n1,0.9557,93.03,Active,Active
125,C[C@@H]1C[C@H](N)CN1c1cc2c(cc1F)c(=O)c(C(=O)O)cn2-c1ccc(F)cc1F,0.9557,93.03,Active,Active
126,NC1CCN(c2c(F)cc3c(=O)c(C(=O)O)cn(-c4ccc(F)cc4F)c3c2F)C1,0.9557,93.03,Active,Active
127,O=C(O)c1cn(C2CC2)c2c(F)c(N3CCNCC3)c(F)c(Cl)c2c1=O,0.9557,93.03,Active,Active
128,Cc1cc(-c2ccc(F)cc2C#N)ncc1C(=O)N1Cc2cnc([C@@](C)(O)C(F)(F)F)n2[C@@H](C)C1,0.9557,93.03,Active,Active
129,CO[C@H]1CN(c2nc(CO)c(C(=O)O)s2)CC[C@H]1NC(=O)c1[nH]c(C)c(Cl)c1Cl,0.9557,93.03,Active,Active
130,Cc1c(F)c(N2CCNCC2)c(F)c2c1c(=O)c(C(=O)O)cn2C1CC1,0.9557,93.03,Active,Active
131,CO[C@H]1CN(c2nc(-c3ncccn3)c(C(=O)O)s2)CC[C@H]1NC(=O)c1[nH]c(C)c(Cl)c1Cl,0.9557,93.03,Active,Active
132,Cc1c(N2CCN(C)CC2)c(N)cc2c(=O)c(C(=O)O)cn(C3CC3)c12,0.9557,93.03,Active,Active
133,CO[C@H]1CN(c2nc(-c3cnc(N4CCN[C@H](C)C4)cn3)c(C(=O)O)s2)CC[C@H]1NC(=O)c1[nH]c(C)c(Cl)c1Cl,0.9557,93.03,Active,Inactive
134,CC1CN(c2c(F)c(F)c3c(=O)c(C(=O)O)cn(C4CC4)c3c2F)CCN1,0.9557,93.03,Active,Active
135,Cc1c(N2CCNCC2)c(F)c2c(c1N)c(=O)c(C(=O)O)cn2C1CC1,0.9557,93.03,Active,Active
136,CC(C)CN(C[C@@H](O)[C@H](Cc1ccccc1)NC(=O)O[C@@H]1C[C@@H]2CCO[C@@H]2C1)S(=O)(=O)c1ccc(CO)cc1,0.9557,93.03,Active,Active
137,Cc1c(N2CCNCC2)c(N)cc2c(=O)c(C(=O)O)cn(C3CC3)c12,0.9557,93.03,Active,Active
138,CC1CN(c2c(F)c(N)c3c(=O)c(C(=O)O)cn(C4CC4)c3c2Cl)CCN1,0.9557,93.03,Active,Active
139,C#CCO[C@H]1CN(c2ncc(C(=O)O)s2)CC[C@H]1NC(=O)c1[nH]c(C)c(Cl)c1Cl,0.9557,93.03,Active,Active
140,COc1c(N2CCNCC2)c(F)cc2c(=O)c3c(=O)[nH]sc3n(C3CC3)c12,0.9557,93.03,Active,Active
141,CC1CN(c2c(F)c(O)c3c(=O)c(C(=O)O)cn(C4CC4)c3c2F)CCN1,0.9557,93.03,Active,Active
142,COC[C@H](C)NC(=O)c1nc(N2CC[C@@H](NC(=O)c3[nH]c(C)c(Cl)c3Cl)[C@@H](OC)C2)sc1C(=O)O,0.9557,93.03,Active,Active
143,Cc1c(F)c(N2CCNC(C)C2)c(F)c2c1c(=O)c(C(=O)O)cn2C1CC1,0.9557,93.03,Active,Active
144,C[C@H]1[C@H](N)CN1c1nc2c(cc1F)c(=O)c(C(=O)O)cn2C(C)(C)C,0.9557,93.03,Active,Active
145,O=C(O)c1cn(C2CC2)c2c(F)c(N3CCOC(CN4CCCCC4)C3)c(F)cc2c1=O,0.9429,91.06,Active,Active
146,CCNCc1cc2cc3c(cc2n1C)OCCc1c-3[nH]c(=O)c(C(=O)O)c1O,0.9429,91.06,Active,Active
147,O=C(O)c1cn(C2CC2)c2c(F)c(N3CC(N4CCCC4)C3)c(F)cc2c1=O,0.9429,91.06,Active,Active
148,CNC(=O)c1nc(N2CC[C@@H](NC(=O)c3[nH]c(C)c(Cl)c3Cl)[C@@H](OC)C2)sc1C(=O)O,0.9429,91.06,Active,Active
149,NC1(c2ccccc2)CCN(c2c(F)cc3c(=O)c(C(=O)O)cn(C4CC4)c3c2F)C1,0.9429,91.06,Active,Active
150,CO[C@H]1CN(c2nc(C(N)=O)c(C(=O)O)s2)CC[C@H]1NC(=O)c1[nH]c(C)c(Cl)c1Cl,0.9429,91.06,Active,Active
151,Nc1c(F)c(N2CC(N)C(c3ccccc3)C2)c(F)c2c1c(=O)c(C(=O)O)cn2C1CC1,0.9429,91.06,Active,Active
152,CS[C@H]1CN(c2ncc(C(=O)O)s2)CC[C@H]1NC(=O)c1[nH]c(C)c(Cl)c1Cl,0.9429,91.06,Active,Active
153,Cc1c(N2CCNC(C)C2)c(F)c2c(c1N)c(=O)c(C(=O)O)cn2C1CC1,0.9429,91.06,Active,Active
154,C[C@@H]1CN(c2c(F)c(N)c3c(=O)c(C(=O)O)cn(C4CC4)c3c2F)[C@@H](C)CN1,0.9429,91.06,Active,Active
155,Cc1c(N2CCNC(C)C2)c(N)cc2c(=O)c(C(=O)O)cn(C3CC3)c12,0.9429,91.06,Active,Active
156,CNCc1ccc([C@H]2C[C@H](SC3=C(C(=O)O)N4C(=O)[C@H]([C@@H](C)O)[C@H]4[C@H]3C)CN2)s1,0.9429,91.06,Active,Active
157,CCN[C@H](C)[C@@H]1CCN(c2nc3c(cc2F)c(=O)c(C(=O)O)cn3-c2ccc(F)cc2F)C1,0.9429,91.06,Active,Active
158,O=C(O)c1cn(C2CC2)c2c(F)c(N3CCNCC3)c(F)c(O)c2c1=O,0.9429,91.06,Active,Active
159,Cc1c(N2CCNCC2)c(F)cc2c(=O)n(N)c(=O)n(C3CC3)c12,0.9429,91.06,Active,Active
160,CN[C@@H]1CN(c2cc3c(cc2F)c(=O)c(C(=O)O)cn3-c2ccccc2F)C[C@H]1NC,0.9429,91.06,Active,Active
161,O=c1[nH]sc2c1c(=O)c1cc(F)c(-c3cnc4ccccc4c3)cc1n2C1CC1,0.9429,91.06,Active,Active
162,CN(Cc1ccsc1)CC1CCN(CCc2ccc(Cl)cc2Cl)CC1,0.9429,91.06,Active,Active
163,CN(Cc1ccsc1)CC1CCN(CCc2ccc(F)c(F)c2)CC1,0.9429,91.06,Active,Active
164,Nc1c(F)c(N2CCNC(CF)C2)c(F)c2c1c(=O)c(C(=O)O)cn2C1CC1,0.9429,91.06,Active,Active
165,CC(O)c1cc(-c2cnn(CCO)c2)cc2c1-c1ccccc1C2(O)C(F)(F)F,0.9429,91.06,Active,Active
166,Cc1c(N2CCc3ccccc3C2)c(F)cc2c(=O)c(C(=O)O)cn(C3CC3)c12,0.9429,91.06,Active,Active
167,Nc1c(F)c(N2CC(N)C(c3ccc(O)cc3)C2)c(F)c2c1c(=O)c(C(=O)O)cn2C1CC1,0.9429,91.06,Active,Active
168,CCN[C@H](C)[C@H]1CCN(c2nc3c(cc2F)c(=O)c(C(=O)O)cn3-c2ccc(F)cc2F)C1,0.9429,91.06,Active,Active
169,COc1c(N2CC[C@@H](C(N)c3ccccn3)C2)c(F)cc2c(=O)c3c(=O)[nH]sc3n(C3CC3)c12,0.9429,91.06,Active,Active
170,CC(C)C[C@H](NC(=O)[C@H](Cc1c[nH]c2ccccc12)NC(=O)[C@H](CC(=O)O)NC(=O)[C@H](CCC(N)=O)NC(=O)[C@H](CC(N)=O)NC(=O)[C@H](CCCNC(N)N)NC(=O)[C@@H]1CCCN1C(=O)CNC(=O)[C@@H](N)CCC(=O)O)C(=O)O,0.9429,91.06,Active,Active
171,Cc1c(F)c(N2CCNCC2)c(Cl)c2c1c(=O)c(C(=O)O)cn2C1CC1,0.9429,91.06,Active,Active
172,CN(C)[C@@H]1C(O)=C(C(N)=O)C(=O)[C@@]2(O)C(O)=C3C(=O)c4c(O)c(Nc5ccncn5)cc(F)c4C[C@H]3C[C@@H]12,0.9429,91.06,Active,Active
173,CN(C)c1ccc(C2CN(c3c(F)cc4c(=O)c(C(=O)O)cn(C5CC5)c4c3F)CC2N)cc1,0.9429,91.06,Active,Active
174,CO[C@H]1CN(c2nc(C(=O)O)c(C(N)=O)s2)CC[C@H]1NC(=O)c1[nH]c(C)c(Cl)c1Cl,0.9429,91.06,Active,Active
175,O=c1[nH]sc2c1c(=O)c1cc(F)c(-c3ccc(C4CCCCN4)cc3)cc1n2C1CC1,0.9429,91.06,Active,Active
176,N[C@@H]1[C@H]2CN(c3nc4c(cc3F)c(=O)c(C(=O)O)cn4-c3ccc(O)cc3)C[C@@H]12,0.9429,91.06,Active,Active
177,CSCC[C@H](NC(=O)[C@@H]1CCCN1)C(=O)N[C@@H](CCC(N)=O)C(=O)N[C@@H](CO)C(=O)N[C@H](C(=O)N1CCC[C@H]1C(=O)N[C@@H](CC(C)C)C(=O)O)[C@@H](C)OP(=O)(O)O,0.9429,91.06,Active,Active
178,N[C@H]1CC(CF)N(c2nc3c(cc2F)c(=O)c(C(=O)O)cn3-c2ccc(F)cc2F)C1,0.9429,91.06,Active,Active
179,N[C@H]1CCN(c2nc3c(cc2F)c(=O)c(C(=O)O)cn3-c2ccc(F)cc2F)C1,0.9429,91.06,Active,Active
180,CO[C@H]1CN(c2nc(C(=O)O)c(C)s2)CC[C@H]1NC(=O)c1[nH]c(C)c(Cl)c1Cl,0.9429,91.06,Active,Active
181,Cc1c(F)c(N2C[C@H](N)[C@H]2C)nc2c1c(=O)c(C(=O)O)cn2C1CC1,0.9429,91.06,Active,Active
182,Cc1c(N2CC(C)NC(C)C2)c(N)cc2c(=O)c(C(=O)O)cn(C3CC3)c12,0.9429,91.06,Active,Active
183,N[C@H]1CN(c2c(F)cc3c(=O)c(C(=O)O)cn(C4CC4F)c3c2Cl)CC12CC2,0.9429,91.06,Active,Active
184,CCO[C@H]1CN(c2ncc(C(=O)O)s2)CC[C@H]1NC(=O)c1[nH]c(C)c(Cl)c1Cl,0.9429,91.06,Active,Active
185,N[C@H]1CN(c2c(F)cc3c(=O)c(C(=O)O)cn([C@@H]4C[C@@H]4F)c3c2Cl)CC12CC2,0.9429,91.06,Active,Active
186,N[C@H]1CN(c2c(F)cc3c(=O)c(C(=O)O)cn([C@H]4C[C@H]4F)c3c2Cl)CC12CC2,0.9429,91.06,Active,Active
187,CO[C@H]1CN(c2nc(C(=O)O)cs2)CC[C@H]1NC(=O)c1[nH]c(C)c(Cl)c1Cl,0.9429,91.06,Active,Active
188,C[C@@H]1CN(c2nc3c(cc2F)c(=O)c(C(=O)O)cn3-c2ccc(O)cc2)C[C@H]1N,0.9429,91.06,Active,Active
189,CO[C@H]1CN(c2nc(C(C)=O)c(C(=O)O)s2)CC[C@H]1NC(=O)c1[nH]c(C)c(Cl)c1Cl,0.9429,91.06,Active,Active
190,CO[C@H]1CN(c2nc(C)c(C(=O)O)s2)CC[C@H]1NC(=O)c1[nH]c(C)c(Cl)c1Cl,0.9429,91.06,Active,Active
191,CNCc1cc2cc3c(cc2n1C)OCCc1c-3[nH]c(=O)c(C(=O)O)c1O,0.9429,91.06,Active,Active
192,O=C(O)c1cn(-c2ccc(F)cc2)c2cc(N3CCC(O)C3)c(F)cc2c1=O,0.9429,91.06,Active,Active
193,CO[C@H]1CN(c2ncc(C(=O)O)s2)CC[C@@H]1NC(=O)c1[nH]c(C)c(Cl)c1Cl,0.9429,91.06,Active,Inactive
194,CN1CCN(c2c(F)c(Cl)c3c(=O)c(C(=O)O)cn(C4CC4)c3c2F)CC1,0.9429,91.06,Active,Active
195,CC1(N)CN(c2c(F)cc3c(=O)c(C(=O)O)cn(C(C)(C)C)c3c2F)C1,0.9429,91.06,Active,Active
196,CN1CCN(c2c(F)c(N)c3c(=O)c(C(=O)O)cn(C4CC4)c3c2F)CC1,0.9429,91.06,Active,Active
197,CCNCC1CCN(c2c(F)cc3c(=O)c(C(=O)O)cn(-c4ccc(F)cc4)c3c2F)C1,0.9429,91.06,Active,Active
198,C[C@@H](O)[C@H](NC(=O)[C@@H]1CCCN1C(=O)[C@H](CO[P+](O)(O)O)NC(=O)[C@H](Cc1ccc(O)cc1)NC(=O)[C@H](CO)NC(=O)[C@@H]1CCCN1)C(=O)N[C@@H](CO)C(=O)N1CCC[C@H]1C(=O)N[C@@H](CO)C(=O)O,0.9429,91.06,Active,Active
199,Cn1c(CNC2(C)CCC2)cc2cc3c(cc21)CCCc1c-3[nH]c(=O)c(C(=O)O)c1O,0.9429,91.06,Active,Active
200,Cn1cc(-c2cc(C(N)=O)c3c(c2)C(O)(C(F)(F)F)c2ccccc2-3)cn1,0.9429,91.06,Active,Active
201,CCNCC1(c2ccccc2)CCN(c2c(F)cc3c(=O)c(C(=O)O)cn(C4CC4)c3c2F)C1,0.9429,91.06,Active,Active
202,CC(=O)N[C@H](C(=O)N[C@@H](Cc1ccccc1)C[C@H](O)[C@H](Cc1ccccc1)NC(=O)[C@@H]1CN(c2cccc(C(C)=O)c2)C(=O)O1)C(C)C,0.9429,91.06,Active,Active
203,CN1CCN(c2c(N)c(N)c3c(=O)c(C(=O)O)cn(C4CC4)c3c2F)CC1,0.9429,91.06,Active,Active
204,CCNCC1CCN(c2c(F)cc3c(=O)c(C(=O)O)cn(-c4ccccc4)c3c2F)C1,0.9429,91.06,Active,Active
205,C[C@@H](O)C1C(=O)N2C(C(=O)O)=C(S[C@@H]3CN[C@H](CN4CCOS4(=O)=O)C3)[C@H](C)C12,0.9429,91.06,Active,Active
206,CO[C@H]1CN(c2ncc(C(=O)O)s2)CC[C@H]1NC(=O)c1[nH]c(C)c(Cl)c1Cl,0.9429,91.06,Active,Active
207,COc1ccc2ncc(F)c([C@@H](O)[C@H](O)[C@@H]3CC[C@@H](NCc4cc5c(cn4)OCCS5)CO3)c2n1,0.9429,91.06,Active,Active
208,CN1[C@@H]2CC[C@H]1CN(c1cc3c(cc1F)c(=O)c(C(=O)O)cn3C1CC1)C2,0.9429,91.06,Active,Active
209,CC(=O)c1cc(-c2cnn(C)c2)cc2c1-c1ccccc1C2(O)C(F)(F)F,0.9429,91.06,Active,Active
210,COc1ccc(C2CN(c3c(F)cc4c(=O)c(C(=O)O)cn(C5CC5)c4c3F)CC2N)cc1,0.9429,91.06,Active,Active
211,CC(C)C[C@H](N)C(=O)N[C@@H]1CN(c2nc3c(cc2F)c(=O)c(C(=O)O)cn3C2CC2)[C@H]1C,0.9429,91.06,Active,Active
212,Nc1ccc(C2CN(c3c(F)cc4c(=O)c(C(=O)O)cn(C5CC5)c4c3F)CC2N)cc1,0.9429,91.06,Active,Active
213,CNc1cc(F)cc2cc(C(=O)Nc3ccc(C(=O)O)cc3CNCCO)c(=O)[nH]c12,0.9429,91.06,Active,Active
214,CC1(C)[C@@H](N)CN1c1nc2c(cc1F)c(=O)c(C(=O)O)cn2C1CC1,0.9429,91.06,Active,Active
215,CC1COc2c(N3CCOC(CN)C3)c(F)cc3c(=O)c(C(=O)O)cn1c23,0.9429,91.06,Active,Active
216,CNc1c(F)c(N2CCN(C)CC2)c(F)c2c1c(=O)c(C(=O)O)cn2C1CC1,0.9429,91.06,Active,Active
217,O=C(O)c1cn(C2CC2F)c2c(F)c(N3CCNCC3)c(F)cc2c1=O,0.9429,91.06,Active,Active
218,O=c1[nH]sc2c1c(=O)c1cc(F)c(N3CCNCC3)cc1n2C1CC1,0.9429,91.06,Active,Active
219,O=C(c1ccc2c(c1)C(O)(C(F)(F)F)c1ccccc1-2)N1CCC(O)C1,0.9429,91.06,Active,Active
220,O=C(c1ccc2c(c1)C(O)(C(F)(F)F)c1ccccc1-2)N1CCC(CO)C1,0.9429,91.06,Active,Active
221,CC(=O)N(C)C1CCN(C(=O)c2ccc3c(c2)C(O)(C(F)(F)F)c2ccccc2-3)C1,0.9429,91.06,Active,Active
222,C[C@@H](O)[C@H]1C(=O)N2C(C(=O)O)=C(S[C@@H]3CN[C@H](Cc4cn(C)[n+](CCO)c4)C3)[C@H](C)[C@H]12,0.9429,91.06,Active,Active
223,C[C@@H](O)[C@H]1C(=O)N2C(C(=O)O)=C(S[C@@H]3CN[C@H](Cc4cn(C)[n+](C)c4CO)C3)[C@H](C)[C@H]12,0.9429,91.06,Active,Active
224,Cc1c(F)c(N2CCNC(C)C2)cc2c1c(=O)c(C(=O)O)cn2C1CC1,0.9429,91.06,Active,Active
225,CNc1c(F)c(N2CCNCC2)c(F)c2c1c(=O)c(C(=O)O)cn2C1CC1,0.9429,91.06,Active,Active
226,CCC1CN(c2cc3c(cc2F)c(=O)c(C(=O)O)cn3C2CC2)CCN1,0.9429,91.06,Active,Active
227,COc1ccc(S(=O)(=O)N(CC(C)C)C[C@@H](O)[C@H](Cc2ccccc2)NC(=O)OC2C[C@@H]3OCCO[C@@H]3C2)cc1,0.9429,91.06,Active,Active
228,N=C(N)c1ccc(CNC(=O)[C@@H]2CCCN2C(=O)[C@@H](CC2CCCCC2)NCC(=O)O)cn1,0.9429,91.06,Active,Active
229,C[C@@H](O)[C@H]1C(=O)N2C(C(=O)O)=C(S[C@@H]3CN[C@H](Cc4c[n+](CCO)nn4C)C3)[C@H](C)[C@H]12,0.9429,91.06,Active,Active
230,C[C@@H](N)C(=O)N[C@@H]1CN(c2nc3c(cc2F)c(=O)c(C(=O)O)cn3C2CC2)[C@H]1C,0.9429,91.06,Active,Active
231,C[C@@H](O)[C@H]1C(=O)N2C(C(=O)O)=C(S[C@@H]3CN[C@H](Cc4c[n+](C)nn4C)C3)[C@H](C)[C@H]12,0.9429,91.06,Active,Active
232,C[C@@H](O)[C@H]1C(=O)N2C(C(=O)O)=C(S[C@@H]3CN[C@H](COc4ccc(CN)cc4)C3)[C@H](C)[C@H]12,0.9429,91.06,Active,Active
233,C[C@@H](O)[C@H]1C(=O)N2C(C(=O)O)=C(S[C@@H]3CN[C@H](CNc4ccc(CN)cc4)C3)[C@H](C)[C@H]12,0.9429,91.06,Active,Active
234,O=C(c1cc(-c2cncnc2)c2c(c1)C(O)(C(F)(F)F)c1ccccc1-2)N1CCC1,0.9429,91.06,Active,Active
235,COc1c(N2CCNCC2)c(F)cc2c(=O)c(C(=O)O)cn(C3CC3)c12,0.9429,91.06,Active,Active
236,C[C@@H](O)[C@H]1C(=O)N2C(C(=O)O)=C(S[C@@H]3CN[C@@H](c4ccc(CN)s4)C3)[C@H](C)[C@H]12,0.9429,91.06,Active,Active
237,CC1(C)CN(c2c(F)c(N)c3c(=O)c(C(=O)O)cn(C4CC4)c3c2F)CCN1,0.9429,91.06,Active,Active
238,C[C@@H]1C[C@H](N)CN1c1nc2c(cc1F)c(=O)c(C(=O)O)cn2-c1ccc(F)cc1F,0.9429,91.06,Active,Active
239,CC1CN(c2cc3c(cc2N)c(=O)c(C(=O)O)cn3C2CC2)CCN1,0.9429,91.06,Active,Active
240,CC(C)C(=O)c1c2c(c(OCCCN3CCN(C)CC3)c3c1OC1=C(C(=O)C(C)(C)C(=O)C1(C)C)[C@@H]3C(C)C)[C@H](C(C)C)C1=C(O2)C(C)(C)C(=O)C(C)(C)C1=O,0.9429,91.06,Active,Active
241,N[C@@H]1CN(c2c(F)cc3c(=O)c(C(=O)O)cn(C4CC4F)c3c2Cl)CC12CC2,0.9429,91.06,Active,Active
242,COCCNC(=O)c1nc(N2CC[C@@H](NC(=O)c3[nH]c(C)c(Cl)c3Cl)[C@@H](OC)C2)sc1C(=O)O,0.9429,91.06,Active,Active
243,N[C@@H]1CN(c2c(F)cc3c(=O)c(C(=O)O)cn([C@@H]4C[C@@H]4F)c3c2Cl)CC12CC2,0.9429,91.06,Active,Active
244,C[C@H]1CN(c2nc3c(cc2F)c(=O)c(C(=O)O)cn3-c2ccc(O)cc2)C[C@H]1N,0.9429,91.06,Active,Active
245,CC1C(N)CN1c1nc2c(cc1F)c(=O)c(C(=O)O)cn2C1CC1,0.9429,91.06,Active,Active
246,NC1CN(c2c(F)cc3c(=O)c(C(=O)O)cn(C4CC4)c3c2F)CC1c1ccccc1,0.9429,91.06,Active,Active
247,CC[C@H](C)[C@H](NC(=O)[C@H](Cc1cnc[nH]1)NC(C)=O)C(=O)N[C@@H](Cc1ccc(OP(=O)(O)O)cc1)C(=O)N[C@@H](CC(=O)O)C(=O)N[C@@H](CCC(=O)O)C(=O)N[C@H](C(=O)N[C@@H](C)C(=O)N[C@@H](C)C(N)=O)C(C)C,0.9429,91.06,Active,Active
248,NC1CN(c2c(F)cc3c(=O)c(C(=O)O)cn(C4CC4)c3c2F)CC1c1ccc(F)cc1,0.9429,91.06,Active,Active
249,CCn1cc(C(=O)O)c(=O)c2cc(F)c(N3CC(C)(N)C3)c(F)c21,0.9429,91.06,Active,Active
250,CC(C)(O/N=C(\C(=O)N[C@@H]1C(=O)N2C(C(=O)[O-])=C(C[n+]3cc4cc(NC(=O)c5ccc(O)c(O)c5Cl)ccn4c3)CS[C@H]12)c1csc(N)n1)C(=O)O,0.9429,91.06,Active,Active
251,CC1CN(c2cc3c(cc2N)c(=O)c(C(=O)O)cn3C2CC2)CC(C)(C)N1,0.9429,91.06,Active,Active
252,C[C@H]1COc2c(CN3CCCC3)c(F)cc3c(=O)c(C(=O)O)cn1c23,0.9429,91.06,Active,Active
253,O=C(O)c1cn(C2CC2)c2c(F)c(N3CCNCC3)c(F)c(F)c2c1=O,0.9429,91.06,Active,Active
254,C[C@H](NC(=O)[C@H](Cc1ccccc1)CP(=O)(O)[C@H](C)NC(=O)CC[C@H](N)C(=O)N1CCCC1C#N)C(=O)O,0.9429,91.06,Active,Active
255,CC(C)(O/N=C(\C(=O)N[C@@H]1C(=O)N2C(C(=O)[O-])=C(C[N+]3(C)CCN(c4c(F)cc5c(=O)c(C(=O)O)cn(CCF)c5c4F)CC3)CS[C@H]12)c1csc(N)n1)C(=O)O,0.9429,91.06,Active,Active
256,N[C@@H]1CN(c2c(F)cc3c(=O)c(C(=O)O)cn([C@H]4C[C@H]4F)c3c2Cl)CC12CC2,0.9429,91.06,Active,Active
257,COCC(COC)NC(=O)c1nc(N2CC[C@@H](NC(=O)c3[nH]c(C)c(Cl)c3Cl)[C@@H](OC)C2)sc1C(=O)O,0.9429,91.06,Active,Active
258,CC[C@H](C)CN(C[C@@H](O)[C@H](Cc1ccccc1)NC(=O)OCCNC(=O)C(Cl)Cl)S(=O)(=O)c1ccc(OC)cc1,0.9429,91.06,Active,Active
259,COCCNCc1cc2cc3c(cc2n1C)OCCc1c-3[nH]c(=O)c(C(=O)O)c1O,0.9429,91.06,Active,Active
260,CO[C@@H]1CN(c2ncc(C(=O)O)s2)CC[C@@H]1NC(=O)c1[nH]c(C)c(Cl)c1Cl,0.9429,91.06,Active,Inactive
261,CCc1c(F)c(N2CCNC(C)C2)cc2c1c(=O)c(C(=O)O)cn2C1CC1,0.9429,91.06,Active,Active
262,C[C@H](O/N=C(\C(=O)N[C@@H]1C(=O)N2C(C(=O)[O-])=C(C[n+]3cccc4c3nc(N)n4[C@H]3CCNC3)CS[C@H]12)c1nc(N)sc1Cl)C(=O)O,0.9429,91.06,Active,Active
263,C[C@H]1CN(C(=O)c2cc(C3CC3)n(CC(F)(F)F)n2)Cc2cnc([C@@](C)(O)C(F)(F)F)n21,0.9429,91.06,Active,Active
264,CC(C)NCc1cc2cc3c(cc2n1C)OCCc1c-3[nH]c(=O)c(C(=O)O)c1O,0.9429,91.06,Active,Active
265,C[C@H]1CN(C(=O)c2ccc(C3(O)CCCC3)cc2)Cc2cnc([C@@](C)(O)C(F)(F)F)n21,0.9429,91.06,Active,Active
266,Cc1[nH]c(C(=O)N[C@@H]2CCN(c3ncc(C(=O)O)s3)CC23OCC2(CC2)CO3)c(Cl)c1Cl,0.9429,91.06,Active,Active
267,CC1CN(c2cc3c(cc2F)c(=O)c(C(=O)O)cn3C2CC2)CCN1,0.9429,91.06,Active,Active
268,Cc1[nH]c(C(=O)N[C@@H]2CCN(c3ncc(C(=O)O)s3)C[C@@H]2C)c(Cl)c1Cl,0.9429,91.06,Active,Active
269,Cc1[nH]c(C(=O)N[C@@H]2CCN(c3ncc(C(=O)O)s3)C[C@@H]2Cl)c(Cl)c1Cl,0.9429,91.06,Active,Active
270,C[C@H]1CN(C(=O)c2cnc(-c3ccccc3)nc2)Cc2cnc([C@@](C)(O)C(F)(F)F)n21,0.9429,91.06,Active,Active
271,NCC1CCN(c2nc3c(cc2F)c(=O)c(C(=O)O)cn3-c2ccc(F)cc2F)C1,0.9429,91.06,Active,Active
272,Cc1[nH]c(C(=O)N[C@@H]2CCN(c3ncc(C(=O)O)s3)C[C@@H]2F)c(Cl)c1Cl,0.9429,91.06,Active,Active
273,COCCO[C@H]1CN(c2ncc(C(=O)O)s2)CC[C@H]1NC(=O)c1[nH]c(C)c(Cl)c1Cl,0.9429,91.06,Active,Active
274,C[C@H]1CCc2c(N3CCC(O)CC3)c(F)cc3c(=O)c(C(=O)O)cn1c23,0.9429,91.06,Active,Active
275,N[C@@H]1CCN(c2nc3c(cc2F)c(=O)c(C(=O)O)cn3-c2ccc(F)cc2F)C1,0.9429,91.06,Active,Active
276,COC[C@H]1CN(c2ncc(C(=O)O)s2)CC[C@H]1NC(=O)c1[nH]c(C)c(Cl)c1Cl,0.9429,91.06,Active,Active
277,NCC1(c2ccccc2)CCN(c2c(F)cc3c(=O)c(C(=O)O)cn(C4CC4)c3c2F)C1,0.9429,91.06,Active,Active
278,CC1CN(c2c(F)c(N)c3c(=O)c(C(=O)O)cn(C4CC4)c3c2F)CCN1C,0.9429,91.06,Active,Active
279,C[n+]1ccc(Cl)cc1CNC(=O)[C@@H]1CCCN1C(=O)[C@H](N)Cc1ccccc1,0.9429,91.06,Active,Active
280,Nc1nc2ncc(CNc3ccc(S(=O)(=O)Nc4ncccn4)cc3)nc2c(=O)[nH]1,0.9429,91.06,Active,Active
281,C[C@H]1CN(C(=O)c2cc(C3CC3)on2)Cc2cnc([C@@](C)(O)C(F)(F)F)n21,0.9429,91.06,Active,Active
282,Nc1nc2c(ncn2[C@@H]2O[C@H](COP(=O)(O)O)[C@@H](O)[C@H]2O)c(=O)[nH]1,0.9429,91.06,Active,Active
283,CN(C)C1CCN(C(=O)c2ccc3c(c2)C(O)(C(F)(F)F)c2ccccc2-3)C1,0.9429,91.06,Active,Active
284,NC1CCN(c2nc3c(cc2F)c(=O)c(C(=O)O)cn3-c2ccc(F)cc2)C1,0.9429,91.06,Active,Active
285,NC1CCN(c2cc3c(cc2F)c(=O)c(C(=O)O)cn3-c2ccc(F)cc2F)C1,0.9429,91.06,Active,Active
286,NCc1c(F)cc2c(=O)c(C(=O)O)cn(C3CC3)c2c1F,0.9429,91.06,Active,Active
287,CNC1CCN(C(=O)c2ccc3c(c2)C(O)(C(F)(F)F)c2ccccc2-3)C1,0.9429,91.06,Active,Active
288,CC(C)(CF)n1cc(C(=O)O)c(=O)c2cc(F)c(N3CC(N)C3)cc21,0.9429,91.06,Active,Active
289,C[C@H]1C[C@H](N)CN1c1nc2c(cc1F)c(=O)c(C(=O)O)cn2-c1ccc(F)cc1,0.9429,91.06,Active,Active
290,C[C@H]1C[C@H](N)CN1c1nc2c(cc1F)c(=O)c(C(=O)O)cn2-c1ccc(F)cc1F,0.9429,91.06,Active,Active
291,CC(C)C[C@H](NC(=O)[C@H](Cc1ccccc1)NC(=O)[C@@H]1CCCN1C(=O)[C@H](CC(N)=O)NC(=O)[C@@H](NC(=O)[C@@H](N)CO)[C@@H](C)O)C(=O)O,0.9429,91.06,Active,Active
292,CNC1CN(c2nc3c(cc2F)c(=O)c(C(=O)O)cn3C2CC2)C1,0.9429,91.06,Active,Active
293,Nc1nc2c(ncn2[C@@H]2O[C@H](COP(=O)(O)OP(=O)(O)O)[C@@H](O)[C@H]2O)c(=O)[nH]1,0.9429,91.06,Active,Active
294,CN(C)C1CN(c2nc3c(cc2F)c(=O)c(C(=O)O)cn3C2CC2)C1,0.9429,91.06,Active,Active
295,CN(C)CC1(c2ccccc2)CCN(c2c(F)cc3c(=O)c(C(=O)O)cn(C4CC4)c3c2F)C1,0.9429,91.06,Active,Active
296,CO[C@H]1CN(c2nc(C(=O)N(C)C)c(C(=O)O)s2)CC[C@H]1NC(=O)c1[nH]c(C)c(Cl)c1Cl,0.9429,91.06,Active,Active
297,CO[C@H]1CN(c2nc(C(=O)NC[C@H](C)OC)c(C(=O)O)s2)CC[C@H]1NC(=O)c1[nH]c(C)c(Cl)c1Cl,0.9429,91.06,Active,Active
298,CC(C)[C@H](NC(=O)[C@H](CCCNC(N)N)NC(=O)[C@@H](NC(=O)[C@@H]1CCCN1)[C@@H](C)O)C(=O)N[C@@H](CO)C(=O)N[C@@H](CO[P+](O)(O)O)C(=O)N1CCC[C@H]1C(=O)N[C@H](C(=O)N[C@@H](Cc1ccccc1)C(=O)NCC(=O)N[C@@H](C)C(=O)N[C@H](C(=O)O)[C@@H](C)O)C(C)C,0.9429,91.06,Active,Active
299,C[C@H]1[C@H](N)CN1c1nc2c(cc1F)c(=O)c(C(=O)O)cn2CCF,0.9429,91.06,Active,Active
300,Nc1nc2c(ncn2[C@@H]2O[C@H](COP(=O)(O)OP(=O)(O)OP(=O)(O)O)[C@@H](O)[C@H]2O)c(=O)[nH]1,0.9429,91.06,Active,Active
301,Nc1nc2c(ncn2[C@@H]2O[C@H](COP(=O)(O)OP(=O)(O)O)[C@H]3OP(=O)(O)O[C@H]32)c(=O)[nH]1,0.9429,91.06,Active,Active
302,CNC1CCN(c2cc3c(cc2F)c(=O)c(C(=O)O)cn3-c2ccc(F)cc2)C1,0.9429,91.06,Active,Active
303,NC1CCN(c2nc3c(cc2F)c(=O)c(C(=O)O)cn3-c2ccc(F)cc2F)C1,0.9429,91.06,Active,Active
304,CO[C@H]1CN(c2nc(-c3ccncn3)c(C(=O)O)s2)CC[C@H]1NC(=O)c1[nH]c(C)c(Cl)c1Cl,0.9429,91.06,Active,Active
305,CCn1cc(C(=O)O)c(=O)c2cc(F)c(N3C[C@@H](N)[C@@H]3C)nc21,0.9429,91.06,Active,Active
306,CCn1cc(C(=O)O)c(=O)c2cc(F)c(N3C[C@@H](N)[C@@H]3C)cc21,0.9429,91.06,Active,Active
307,CO[C@H]1CN(c2nc(-c3cncnc3)c(C(=O)O)s2)CC[C@H]1NC(=O)c1[nH]c(C)c(Cl)c1Cl,0.9429,91.06,Active,Active
308,CC(C)CNCc1c(F)cc2c(=O)c(C(=O)O)cn(C3CC3)c2c1F,0.9429,91.06,Active,Active
309,C[C@H](N)C(=O)N[C@@H]1CN(c2nc3c(cc2F)c(=O)c(C(=O)O)cn3C2CC2)[C@H]1C,0.9429,91.06,Active,Active
310,CCn1cc(C(=O)O)c(=O)c2cc(F)c(N3C[C@@H](N)[C@@H]3C)c(Cl)c21,0.9429,91.06,Active,Active
311,CC(C)CNCc1cc2cc3c(cc2n1C)OCCc1c-3[nH]c(=O)c(C(=O)O)c1O,0.9429,91.06,Active,Active
312,CSC[C@H](NC(=O)COc1cccc2cnccc12)C(=O)N[C@@H](Cc1ccccc1)[C@H](O)C(=O)N1CSC[C@H]1C(=O)NC(C)(C)C,0.9318,89.36,Active,Active
313,CC1(N)CN(c2c(F)cc3c(=O)c(C(=O)O)cn(CCF)c3c2F)C1,0.9318,89.36,Active,Active
314,C[C@H]1CN(C(=O)c2cnc3ccc(F)cn23)Cc2cnc([C@@](C)(O)C(F)(F)F)n21,0.9318,89.36,Active,Active
315,C[C@@H](O)[C@H](NC(=O)[C@H](CC(N)=O)NC(=O)[C@H](CCC(N)=O)NC(=O)[C@@H]1CCCN1C(=O)[C@H](Cc1cnc[nH]1)NC(=O)[C@H](CO)NC(=O)[C@@H](N)Cc1ccccc1)C(=O)O,0.9318,89.36,Active,Active
316,CC[C@H](C)[C@H](NC(=O)[C@H](CCC(=O)O)NC(=O)[C@H](CCC(=O)O)NC(=O)[C@H]1[C@H](C(=O)NC)[C@@H]1c1ccc(OP(=O)(O)O)cc1)C(=O)O,0.9318,89.36,Active,Active
317,O=C(O)c1cn(C2CC2)c2c(C(F)(F)F)c(N3CCNCC3)c(F)cc2c1=O,0.9318,89.36,Active,Active
318,C[C@H]1NCCn2cc(-c3cc4c(cc3F)C(=O)C(C(=O)O)CN4C3CC3)cc21,0.9318,89.36,Active,Active
319,Nc1nc2c(ncn2[C@@H]2O[C@H](COP(=O)(O)OP(N)(=O)O)[C@@H](O)[C@H]2O)c(=O)[nH]1,0.9318,89.36,Active,Active
320,COc1c(N2CC(C)NC(C)C2)c(F)cc2c(=O)c(C(=O)O)cn(C3CC3)c12,0.9318,89.36,Active,Active
321,CN1CCN(c2cc3c(cc2N)c(=O)c(C(=O)O)cn3C2CC2)CC1,0.9318,89.36,Active,Active
322,COc1c(N2CCNC(C)C2)c(F)cc2c(=O)c(C(=O)O)cn(C3CC3)c12,0.9318,89.36,Active,Active
323,CN1CCN(c2c(F)c(O)c3c(=O)c(C(=O)O)cn(C4CC4)c3c2F)CC1,0.9318,89.36,Active,Active
324,CO/N=C(\C(=O)N[C@@H]1C(=O)N2C(C(=O)[O-])=C(C[N+]3(C)CCN(c4c(F)cc5c(=O)c(C(=O)O)cn(CCF)c5c4F)CC3)CS[C@H]12)c1csc(N)n1,0.9318,89.36,Active,Active
325,O=C(O)c1cn(-c2ccc(F)cc2F)c2nc(C3=CCNCC3)c(F)cc2c1=O,0.9318,89.36,Active,Active
326,C[C@H]1Cn2cc(-c3cc4c(cc3F)C(=O)C(C(=O)O)CN4C3CC3)cc2CN1,0.9318,89.36,Active,Active
327,COc1c(N2CCN(C)CC2)c(F)cc2c(=O)c(C(=O)O)cn(C3CC3)c12,0.9318,89.36,Active,Active
328,CNc1cc(F)cc2c(NCCN)c(C(=O)Nc3ccc(C(=O)O)cc3)c(=O)[nH]c12,0.9318,89.36,Active,Active
329,Nc1nc2c(ncn2[C@@H]2O[C@H](CO)[C@@H](O[P+](=O)O)[C@H]2O)c(=O)[nH]1,0.9318,89.36,Active,Active
330,CC(C)C(=O)c1c2c(c(OCCN3CCCCC3)c3c1OC1=C(C(=O)C(C)(C)C(=O)C1(C)C)[C@@H]3C(C)C)[C@H](C(C)C)C1=C(O2)C(C)(C)C(=O)C(C)(C)C1=O,0.9318,89.36,Active,Active
331,NCC1CN(c2c(F)cc3c(=O)c(C(=O)O)cn(C4CC4)c3c2F)CC1c1ccccc1,0.9318,89.36,Active,Active
332,Nc1nc2c(ncn2[C@@H]2O[C@H](COP(=O)(O)OP(=O)(O)NP(=O)(O)O)[C@@H](O)[C@H]2O)c(=O)[nH]1,0.9318,89.36,Active,Active
333,COCC1C[C@H](N)CN1c1nc2c(cc1F)c(=O)c(C(=O)O)cn2-c1ccc(F)cc1F,0.9318,89.36,Active,Active
334,NCC1CCN(c2nc3c(cc2F)c(=O)c(C(=O)O)cn3-c2ccc(O)cc2)C1,0.9318,89.36,Active,Active
335,CC(C)C(=O)c1c2c(c(OCCN3CCCCCC3)c3c1OC1=C(C(=O)C(C)(C)C(=O)C1(C)C)[C@@H]3C(C)C)[C@H](C(C)C)C1=C(O2)C(C)(C)C(=O)C(C)(C)C1=O,0.9318,89.36,Active,Active
336,CN(C)Cc1cc2cc3c(cc2n1C)OCCc1c-3[nH]c(=O)c(C(=O)O)c1O,0.9318,89.36,Active,Active
337,COc1ccc(S(=O)(=O)N(CC(C)C)C[C@@H](O)[C@H](Cc2ccccc2)NC(=O)O[C@@H]2C[C@@H]3[C@@H](O)CO[C@@H]3C2)cc1,0.9318,89.36,Active,Active
338,N#Cc1cc(OCC2(N)CC2)cc2c1CC(CNCCC1CN(c3ccc4c(n3)NC(=O)CO4)C(=O)O1)C2,0.9318,89.36,Active,Active
339,CC(C)COC(=O)N[C@H](C(=O)N[C@@H](CC1CC1)C(=O)N[C@@H](CC1CC1)[C@@H](O)C(=O)NCC(=O)N[C@H](C(=O)O)c1ccccc1)C1CCCCC1,0.9318,89.36,Active,Active
340,CN(Cc1ccsc1)CC1CCN(CCc2ccc(Cl)c(Cl)c2)CC1,0.9318,89.36,Active,Active
341,CCn1cc(C(=O)O)c(=O)c2cc(F)c(N3CCN(C(=O)/C(C#N)=C/c4cn(CC5CC5)c5ccccc45)CC3)cc21,0.9318,89.36,Active,Active
342,COC(=O)c1ccc(C2CN(c3c(F)cc4c(=O)c(C(=O)O)cn(C5CC5)c4c3F)CC2N)cc1,0.9318,89.36,Active,Active
343,CO[C@@H]1[C@@H](OC(=O)c2ccc(C)[nH]2)[C@@H](O)[C@H](Oc2ccc3c(O)c(NC(=O)/C=C/c4ccc(O)c(Cl)c4)c(=O)oc3c2Cl)OC1(C)C,0.9318,89.36,Active,Active
344,NC1CCN(c2nc3c(cc2F)c(=O)c(C(=O)O)cn3-c2ccc(O)cc2)C1,0.9318,89.36,Active,Active
345,CO[C@H]1CN(c2nc(C(F)F)c(C(=O)O)s2)CC[C@H]1NC(=O)c1[nH]c(C)c(Cl)c1Cl,0.9318,89.36,Active,Active
346,CN(Cc1ccsc1)CC1CCN(CCc2ccc(Br)c(Br)c2)CC1,0.9318,89.36,Active,Active
347,CC(C)COC(=O)N[C@H](C(=O)NN(CC1CC1)C(=O)N[C@@H](CC1CC1)[C@@H](O)C(=O)NCC(=O)N[C@H](C(=O)O)c1ccccc1)C1CCCCC1,0.9318,89.36,Active,Active
348,CN(Cc1ccsc1)CC1CCN(CCc2cc(Cl)cc(Cl)c2)CC1,0.9318,89.36,Active,Active
349,Nc1c(F)c(N2CC(N)C(c3ccc(F)cc3)C2)c(F)c2c1c(=O)c(C(=O)O)cn2C1CC1,0.9318,89.36,Active,Active
350,NCC1CN(c2c(F)cc3c(=O)c(C(=O)O)cn(C4CC4)c3c2F)CC1c1ccc(N)cc1,0.9318,89.36,Active,Active
351,CC(C)NCc1c(F)cc2c(=O)c(C(=O)O)cn(C3CC3)c2c1F,0.9318,89.36,Active,Active
352,CCOc1c(N2CCNC(C)C2)c(F)cc2c(=O)c(C(=O)O)cn(C3CC3)c12,0.9318,89.36,Active,Active
353,CNC1(C)CN(c2nc3c(cc2F)c(=O)c(C(=O)O)cn3C2CC2)C1,0.9318,89.36,Active,Active
354,C[C@@H]1NCCn2cc(-c3cc4c(cc3F)C(=O)C(C(=O)O)CN4C3CC3)cc21,0.9318,89.36,Active,Active
355,CCCNCc1c(F)cc2c(=O)c(C(=O)O)cn(C3CC3)c2c1F,0.9318,89.36,Active,Active
356,Cc1c(F)c(N2CCC(N)C2)cc2c1c(=O)c(C(=O)O)cn2-c1ccc(F)cc1F,0.9318,89.36,Active,Active
357,Cc1c(F)c(N2CCNCC2)cc2c1c(=O)c(C(=O)O)cn2C1CC1,0.9318,89.36,Active,Active
358,NC1CCN(C(=O)[C@@H]2CC[C@@H]3CN2C(=O)N3OS(=O)(=O)O)CC1,0.9318,89.36,Active,Active
359,CC(C)(C)n1cc(C(=O)O)c(=O)c2cc(F)c(N3CCNC(c4ccccc4)C3)cc21,0.9318,89.36,Active,Active
360,CC(C)(C)n1cc(C(=O)O)c(=O)c2cc(F)c(N3C4CCC3CNC4)nc21,0.9318,89.36,Active,Active
361,CC(C)n1cc(-c2cc(CO)c3c(c2)C(O)(C(F)(F)F)c2ccccc2-3)cn1,0.9318,89.36,Active,Active
362,Cc1c(N2CC[C@H](NC3CC3)C2)c(F)cn2c(=O)c(C(=O)O)cc(C3CC3)c12,0.9318,89.36,Active,Active
363,OC1CN=C(c2ccc3cc(-c4ccc(-c5cc6ccc(C7=NCC(O)CN7)cc6o5)s4)[nH]c3c2)NC1,0.9318,89.36,Active,Active
364,CC[C@H](C)CN(C[C@@H](O)[C@H](Cc1ccccc1)NC(=O)OC[C@H](C)C(=O)OC)S(=O)(=O)c1ccc(OC)cc1,0.9318,89.36,Active,Active
365,Nc1c(F)c(N2CCNC(CO)C2)c(F)c2c1c(=O)c(C(=O)O)cn2C1CC1,0.9318,89.36,Active,Active
366,CC1(C)CC[C@]2(C(=O)O)CC[C@]3(C)C(=CC[C@@H]4[C@@]5(C)Cc6nnn(Cc7ccc8cc[nH]c8c7)c6C(C)(C)[C@@H]5CC[C@]43C)[C@@H]2C1,0.9318,89.36,Active,Active
367,Cc1cc(-c2cnn(CCO)c2)cc2c1-c1ccccc1C2(O)C(F)(F)F,0.9318,89.36,Active,Active
368,CC(=O)NC1CCN(c2cc3c(cc2F)c(=O)c(C(=O)O)cn3-c2ccc(F)cc2)C1,0.9318,89.36,Active,Active
369,N=C(N)c1cccc(C[C@H](NS(=O)(=O)c2ccc3ccccc3c2)C(=O)N2CCNCC2)c1,0.9318,89.36,Active,Active
370,O=C(c1cc(-c2cncnc2)c2c(c1)C(O)(C(F)(F)F)c1ccccc1-2)N1CCCC1,0.9318,89.36,Active,Active
371,C[C@@H](O)[C@H]1C(=O)N2C(C(=O)O)=C(S[C@@H]3CN[C@H](CNc4ccccc4)C3)[C@H](C)[C@H]12,0.9318,89.36,Active,Active
372,O=S1(=O)CCCN1CCOc1ccc2c(c1)C(O)(C(F)(F)F)c1ccccc1-2,0.9318,89.36,Active,Active
373,CC(C)(C)n1cc(-c2cc(CO)c3c(c2)C(O)(C(F)(F)F)c2ccccc2-3)cn1,0.9318,89.36,Active,Active
374,CCNCC1CCN(c2cc3c(cc2F)c(=O)c(C(=O)O)cn3-c2ccc(F)cc2F)C1,0.9318,89.36,Active,Active
375,COc1c(N2CCN[C@H](C)C2)c(F)cc2c(=O)c(C(=O)O)cn(C3CC3)c12,0.9318,89.36,Active,Active
376,CCNCC1CCN(c2nc3c(cc2F)c(=O)c(C(=O)O)cn3-c2ccc(F)cc2F)C1,0.9318,89.36,Active,Active
377,CCNCc1c(F)cc2c(=O)c(C(=O)O)cn(C3CC3)c2c1F,0.9318,89.36,Active,Active
378,CCn1cc(C(=O)O)c(=O)c2c(N)c(F)c(N3C[C@H](N)[C@H]3C)c(F)c21,0.9318,89.36,Active,Active
379,CNCC1CCN(c2cc3c(cc2F)c(=O)c(C(=O)O)cn3-c2ccc(F)cc2F)C1,0.9318,89.36,Active,Active
380,NC1CN(c2c(F)cc3c(=O)c(C(=O)O)cn(C4CC4)c3c2F)CC1c1ccc(O)cc1,0.9318,89.36,Active,Active
381,O=c1[nH]sc2c1c(=O)c1cc(F)c(-c3cncnc3)cc1n2C1CC1,0.9318,89.36,Active,Active
382,Cc1[nH]c(C(=O)Nc2nc3ccc(NC(=O)CCN4CCN(c5cc6c(cc5F)c(=O)c(C(=O)O)cn6C5CC5)CC4)cc3s2)c(Cl)c1Cl,0.9318,89.36,Active,Active
383,CCCCNCc1c(F)cc2c(=O)c(C(=O)O)cn(C3CC3)c2c1F,0.9318,89.36,Active,Active
384,CNC(C)C1CCN(c2nc3c(cc2F)c(=O)c(C(=O)O)cn3-c2ccc(F)cc2F)C1,0.9224,87.95,Active,Active
385,Cn1c(CN2CCCC2)cc2cc3c(cc21)OCCc1c-3[nH]c(=O)c(C(=O)O)c1O,0.9224,87.95,Active,Active
386,COc1ccc(S(=O)(=O)N(CC(C)C)C[C@@H](O)[C@H](Cc2ccccc2)NC(=O)O[C@H]2CO[C@H]3O[C@@H]4OCC[C@@H]4[C@H]32)cc1,0.9224,87.95,Active,Active
387,O=C(O)c1cn(C2CC2)c2cc(N3CCNC(CF)C3)c(F)cc2c1=O,0.9224,87.95,Active,Active
388,CNCCCn1ccc2c1ccc[n+]2CC1=C(C(=O)[O-])N2C(=O)[C@@H](NC(=O)/C(=N\OC3(C(=O)O)CC3)c3nc(N)sc3Cl)[C@H]2SC1,0.9224,87.95,Active,Active
389,O=C(O)c1cn(-c2ccc(F)cc2)c2cc(N3CCC[C@@H]3CO)c(F)cc2c1=O,0.9224,87.95,Active,Active
390,CNP(=O)(O)NP(=O)(O)OP(=O)(O)OC[C@H]1O[C@@H](n2cnc3c(=O)[nH]c(N)nc32)[C@H](O)[C@@H]1O,0.9224,87.95,Active,Active
391,NCCN1CCN(c2cc3c(cc2N)c(=O)c(C(=O)O)cn3C2CC2)CC1,0.9224,87.95,Active,Active
392,NCC1CN(c2c(F)c(N)c3c(=O)c(C(=O)O)cn(C4CC4)c3c2F)CC1c1ccc(N)cc1,0.9224,87.95,Active,Active
393,N[C@@H](Cc1ccc(O)cc1)C(=O)N[C@H](C(=O)O)[C@H]1[C@H](O)[C@](O)(CO)[C@@H](O)CN1O,0.9224,87.95,Active,Active
394,COC1(OC)CN(c2ncc(C(=O)O)s2)CC[C@H]1NC(=O)c1[nH]c(C)c(Cl)c1Cl,0.9224,87.95,Active,Active
395,COC1CCN(Cc2ccc(C#Cc3ccc4c(c3)CC[C@@H]4N[C@H](C(=O)NO)[C@@H](C)O)cc2)CC1,0.9224,87.95,Active,Active
396,NCC1CN(c2c(F)c(N)c3c(=O)c(C(=O)O)cn(C4CC4)c3c2F)CC1c1ccccc1,0.9224,87.95,Active,Active
397,CC(C)[C@H](NC(=O)CNC(=O)CNC(=O)[C@@H](NC(=O)[C@H](C)N)[C@@H](C)O)C(=O)N[C@@H](CCCC[N+](C)(C)C)C(=O)N[C@@H](CCCCN)C(=O)N1CCC[C@H]1C(=O)N[C@@H](Cc1cnc[nH]1)C(=O)N[C@@H](CCCNC(N)N)C(=O)N[C@H](C)Cc1ccc(O)cc1,0.9224,87.95,Active,Active
398,COCC(COC)(COC)NC(=O)c1nc(N2CC[C@@H](NC(=O)c3[nH]c(C)c(Cl)c3Cl)[C@@H](OC)C2)sc1C(=O)O,0.9224,87.95,Active,Active
399,COCc1nc(N2CC[C@@H](NC(=O)c3[nH]c(C)c(Cl)c3Cl)[C@@H](OC)C2)sc1C(=O)O,0.9224,87.95,Active,Active
400,CC(C)N1CCN(c2cc3c(cc2F)c(=O)c(C(=O)O)cn3C2CC2)CC1,0.9224,87.95,Active,Active
401,O=C(N[C@H]1CCCNC[C@H]1F)[C@@H]1CC[C@@H]2CN1C(=O)N2OS(=O)(=O)O,0.9224,87.95,Active,Active
402,O=C(O)c1cn(C2CC2)c2cc(N3CCc4ccccc4C3)c(F)cc2c1=O,0.9224,87.95,Active,Active
403,CC(C)CN(C[C@H](O)[C@H](CC1CCCCC1)NC(=O)[C@H](Cc1cnc[nH]1)NC(=O)[C@H](Cc1ccccc1)NC(=O)OC(C)(C)C)C(=O)N[C@@H](CCCCN)C(=O)N[C@@H](Cc1ccccc1)C(=O)O,0.9224,87.95,Active,Active
404,CO[C@@H]1[C@@H](OC(=O)c2ccc(C)[nH]2)[C@@H](O)[C@H](Oc2ccc3c(O)c(NC(=O)/C=C/c4ccccc4)c(=O)oc3c2Cl)OC1(C)C,0.9224,87.95,Active,Active
405,CC(C)C[C@H](N[C@@H](c1ccc(-c2ccc(S(N)(=O)=O)cc2)cc1)C(F)(F)F)C(=O)NCC=N,0.9224,87.95,Active,Active
406,NS(=O)(=O)c1c(CC2CCNCC2)ccc(-c2ccc(C3CCNCC3)cc2)c1-c1nn[nH]n1,0.9224,87.95,Active,Active
407,COc1c(N2C[C@@H](N)C3(CC3)C2)c(F)cc2c(=O)c(C(=O)O)cn([C@@H]3C[C@@H]3F)c12,0.9224,87.95,Active,Active
408,CC(C)C[C@H](NC(=O)[C@H](C)NC(=O)C[C@H](O)[C@H](COCc1ccc(Br)cc1)NC(=O)[C@@H](NC(=O)c1ccccn1)C(C)C)C(N)=O,0.9224,87.95,Active,Active
409,CC(C)C[C@H](NC(=O)[C@@H](NC(=O)[C@H](C)NC(=O)[C@H](Cc1ccc(O)cc1)NC(=O)[C@H](C)NC(=O)[C@@H]1CCCN1C(=O)[C@@H]1CCCN1C(=O)[C@@H]1CCCN1C(=O)[C@H](C)NC(=O)[C@@H](N)[C@@H](C)O)[C@@H](C)O)C(=O)NCC(=O)O,0.9224,87.95,Active,Active
410,COc1c(F)c(N2CCN(C)CC2)c(F)c2c1c(=O)c(C(=O)O)cn2C1CC1,0.9224,87.95,Active,Active
411,COc1c(N2CCC(N)C2)c(F)cc2c(=O)c(C(=O)O)cn(-c3ccc(O)cc3)c12,0.9224,87.95,Active,Active
412,O=CN1CCN(c2cc3c(cc2F)c(=O)c(C(=O)O)cn3C2CC2)CC1,0.9224,87.95,Active,Active
413,CC(C)(O/N=C(\C(=O)N[C@@H]1C(=O)N2C(C(=O)[O-])=C(C[N+]3(CCNC(=O)c4ccc(O)c(O)c4Cl)CCCCC3)CS[C@H]12)c1csc(N)n1)C(=O)O,0.9224,87.95,Active,Active
414,CC(C)(O/N=C(\C(=O)N[C@@H]1C(=O)N2C(C(=O)[O-])=C(C[N+]3(CCNC(=O)c4ccc(=O)n(O)c4)CCCC3)CS[C@H]12)c1csc(N)n1)C(=O)O,0.9224,87.95,Active,Active
415,N[C@@H]1CNC[C@H]1NC(=O)[C@@H]1CC[C@@H]2CN1C(=O)N2OS(=O)(=O)O,0.9224,87.95,Active,Active
416,O=C(O)c1cn(C2CC2)c2nc(C3=CCNCC3)c(F)cc2c1=O,0.9224,87.95,Active,Active
417,O=C(O)c1cn(CC2CC2)c2cc(N3CCNCC3)c(F)cc2c1=O,0.9224,87.95,Active,Active
418,CC1(N)CN(c2nc3c(cc2F)c(=O)c(C(=O)O)cn3C2CC2)C1,0.9224,87.95,Active,Active
419,CC1(N)CN(c2cc3c(cc2F)c(=O)c(C(=O)O)cn3CCF)C1,0.9224,87.95,Active,Active
420,CC1(N)CN(c2cc3c(cc2F)c(=O)c(C(=O)O)cn3C(C)(C)C)C1,0.9224,87.95,Active,Active
421,CC1(N)CN(c2c(F)cc3c(=O)c(C(=O)O)cn(CCF)c3c2Cl)C1,0.9224,87.95,Active,Active
422,CO/N=C(\C(=O)N[C@@H]1C(=O)N2C(C(=O)[O-])=C(C[n+]3ccc4sc(C(=O)O)cc4c3)CS[C@H]12)c1csc(N)n1,0.9224,87.95,Active,Active
423,CO/N=C(\C(=O)N[C@@H]1C(=O)N2C(C(=O)[O-])=C(C[n+]3ccc4sc(C)cc4c3)CS[C@H]12)c1csc(N)n1,0.9224,87.95,Active,Active
424,CO/N=C(\C(=O)N[C@@H]1C(=O)N2C(C(=O)[O-])=C(C[n+]3ccc4scc(C(=O)O)c4c3)CS[C@H]12)c1csc(N)n1,0.9224,87.95,Active,Active
425,NC(=O)C1CCN(C(=O)c2ccc3c(c2)C(O)(C(F)(F)F)c2ccccc2-3)C1,0.9224,87.95,Active,Active
426,NC(=O)C1CCN(c2ccc3c(c2)C(O)(C(F)(F)F)c2ccccc2-3)CC1,0.9224,87.95,Active,Active
427,CC(C)(C)Cn1cc(-c2cc(CO)c3c(c2)C(O)(C(F)(F)F)c2ccccc2-3)cn1,0.9224,87.95,Active,Active
428,Nc1cc2c(=O)c(C(=O)O)cn(C3CC3)c2cc1N1CCNCC1,0.9224,87.95,Active,Active
429,CC(C)(C)NC(=O)[C@@H]1C[C@@H]2CCCC[C@@H]2CN1C[C@@H](O)[C@H](Cc1ccccc1)NC(=O)[C@@H](NC(=O)COc1cccnc1)C(C)(C)S(C)(=O)=O,0.9224,87.95,Active,Active
430,Nc1c(F)c(N2CCNCC2)cc2c1c(=O)c(C(=O)O)cn2C1CC1,0.9224,87.95,Active,Active
431,NC1(COc2cc(F)c3c(c2)CC(CNCCC2CN(c4ccc5c(n4)NC(=O)CO5)C(=O)O2)C3)CC1,0.9224,87.95,Active,Active
432,NC1C2CN(c3nc4c(cc3F)c(=O)c(C(=O)O)cn4-c3ccc(F)cc3F)CC12,0.9224,87.95,Active,Active
433,CC(C)(O)Cn1cc(-c2cc(CO)c3c(c2)C(O)(C(F)(F)F)c2ccccc2-3)cn1,0.9224,87.95,Active,Active
434,CNC(=O)CCC(=O)N[C@@H](Cc1ccccc1)[C@H](O)CN(CC1CC1)S(=O)(=O)c1cccc(OC)c1,0.9224,87.95,Active,Active
435,N[C@@H]1C[C@H](N)CN(c2nc(N3C[C@H](N)C[C@H](N)C3)c3[nH]c(Nc4ccc(NC(=O)c5ccc6cccnc6c5O)cc4)nc3n2)C1,0.9224,87.95,Active,Active
436,COc1c(N2CC(C)NC(C)C2)c(F)c(N)c2c(=O)c(C(=O)O)cn(C3CC3)c12,0.9224,87.95,Active,Active
437,CNC(=O)C1CCN(c2ccc3c(c2)C(O)(C(F)(F)F)c2ccccc2-3)CC1,0.9224,87.95,Active,Active
438,Nc1nc2c(ncn2[C@@H]2O[C@H](COP(=O)(O)OP(=O)(O)OP(O)(O)=S)[C@@H](O)[C@H]2O)c(=O)[nH]1,0.9224,87.95,Active,Active
439,C[C@@H](O)[C@H]1C(=O)N2C(C(=O)O)=C(S[C@@H]3CN[C@H](COc4ccccc4)C3)[C@H](C)[C@H]12,0.9224,87.95,Active,Active
440,C[C@H]1COc2c(N3CCN(CC(=O)c4ccc(Cl)cc4Cl)CC3)c(F)cc3c(=O)c(C(=O)O)cn1c23,0.9224,87.95,Active,Active
441,CCc1c(F)c(N2CCNCC2)cc2c1c(=O)c(C(=O)O)cn2C1CC1,0.9224,87.95,Active,Active
442,C[C@@H](O)[C@H]1C(=O)N2C(C(=O)O)=C(S[C@@H]3CN[C@H](C4CC[N+](C)(C)O4)C3)[C@H](C)[C@H]12,0.9224,87.95,Active,Active
443,C[C@@H](O)[C@H]1C(=O)N2C(C(=O)O)=C(S[C@@H]3CN[C@H](C(=O)NCCS(=O)(=O)N4CCCC4)C3)[C@H](C)[C@H]12,0.9224,87.95,Active,Active
444,C[C@@H](O)[C@H]1C(=O)N2C(C(=O)O)=C(S[C@@H]3CN[C@H](/C=C\c4cnoc4)C3)[C@H](C)[C@H]12,0.9224,87.95,Active,Active
445,CCC1CN(c2c(F)cc3c(=O)c(C(=O)O)cn(C4CC4)c3c2OC)CCN1,0.9224,87.95,Active,Active
446,CC[C@H]1OC(=O)[C@H](C)[C@H]2OC3(CCN(CCc4ccnc5ccccc45)CC3)O[C@](C)(C[C@@H](C)CN(C)[C@H](C)[C@@H](O)[C@]1(C)O)[C@H](O[C@@H]1O[C@H](C)C[C@H](N(C)C)[C@H]1O)[C@H]2C,0.9224,87.95,Active,Active
447,CN1CCC(C#CC#Cc2cc3n(c2)C(=O)N(CC[C@](C)(C(=O)NO)S(C)(=O)=O)C3)CC1,0.9224,87.95,Active,Active
448,C[C@H]1[C@H](C)CC[C@]2(C(=O)O)CC[C@]3(C)C(=CC[C@@H]4[C@@]5(C)Cc6nnn(Cc7ccc8cc[nH]c8c7)c6C(C)(C)[C@@H]5CC[C@]43C)[C@H]12,0.9224,87.95,Active,Active
449,C[C@@H](O)[C@H](N[C@H]1CCc2cc(C#Cc3ccc(CN4CCCCC4)cc3)ccc21)C(=O)NO,0.9224,87.95,Active,Active
450,Nc1ncnc2c1ncn2CCOCP(=O)(O)OP(=O)(O)OP(=O)(O)O,0.9224,87.95,Active,Active
451,CN1CCC(F)(C#CC#Cc2cc3n(c2)C(=O)N(CC[C@](C)(C(=O)NO)S(C)(=O)=O)C3)CC1,0.9224,87.95,Active,Active
452,CC[C@H](C)[C@H](NC(C)=O)C(=O)N1CCC[C@H]1C(=O)N[C@H](CO)Cc1ccccc1,0.9224,87.95,Active,Active
453,CNC(=O)C1CCN(C(=O)c2ccc3c(c2)C(O)(C(F)(F)F)c2ccccc2-3)C1,0.9224,87.95,Active,Active
454,CN1CCN(c2c(F)c(F)c3c(=O)c(C(=O)O)cn(C4CC4)c3c2F)CC1,0.9224,87.95,Active,Active
455,Cc1[nH]c(C(=O)N[C@@H]2CCN(c3ncc(C(=O)O)s3)C[C@@H]2S(C)(=O)=O)c(Cl)c1Cl,0.9224,87.95,Active,Active
456,CN1CCN(c2c(F)c(NCCO)c3c(=O)c(C(=O)O)cn(C4CC4)c3c2F)CC1,0.9224,87.95,Active,Active
457,C[C@@H](O)[C@H](N)C(=O)NS(=O)(=O)N1CCc2ccc(-c3ncnc4[nH]ccc34)cc2C1,0.9224,87.95,Active,Active
458,CN1CCN(c2c(F)cc3c(=O)c(C(=O)O)cn(C4CC4F)c3c2F)CC1,0.9224,87.95,Active,Active
459,CC(=O)N[C@@H](CS)C(=O)N[C@@H](Cc1cnc[nH]1)C(=O)N1CCC[C@H]1C(=O)N[C@@H](CCC(N)=O)C(=O)N[C@@H](CC(N)=O)C(=O)N[C@H](C(N)=O)[C@@H](C)O,0.9224,87.95,Active,Active
460,O=C(O)C1CCN(C(=O)c2ccc3c(c2)C(O)(C(F)(F)F)c2ccccc2-3)C1,0.9224,87.95,Active,Active
461,CC(=O)N1CCN(C(=O)[C@H](Cc2cccc(C(=N)N)c2)NS(=O)(=O)c2ccc3ccccc3c2)CC1,0.9224,87.95,Active,Active
462,CN(Cc1ccsc1)CC1CCN(CCc2ccccc2I)CC1,0.9224,87.95,Active,Active
463,Nc1nc2c(ncn2[C@@H]2O[C@H](CO)[C@@H](O)[C@H]2O)c(=O)[nH]1,0.9224,87.95,Active,Active
464,C[C@H]1CN(c2ccncc2NC(=O)c2ccc(F)c(-c3c(F)cccc3F)n2)C[C@@H](N)[C@@H]1O,0.9224,87.95,Active,Active
465,CN(Cc1ccsc1)CC1CCN(CCc2c(F)cccc2F)CC1,0.9224,87.95,Active,Active
466,OCCn1cc(-c2cc(CO)c3c(c2)C(O)(C(F)(F)F)c2ccccc2-3)cn1,0.9224,87.95,Active,Active
467,CN(Cc1ccsc1)CC1CCN(CCc2cc(Br)cc(Br)c2)CC1,0.9224,87.95,Active,Active
468,C[C@@H]1N[C@@H]2C[C@H]1N(c1nc3c(cc1F)c(=O)c(C(=O)O)cn3-c1ccc(F)cc1F)C2,0.9224,87.95,Active,Active
469,C[C@@H]1CN(c2c(F)cc3c(=O)c(C(=O)O)c4scc5n4c3c2OC5)C[C@H](C)N1,0.9224,87.95,Active,Active
470,CN(C)[C@@H]1C(O)=C(C(N)=O)C(=O)[C@@]2(O)C(O)=C3C(=O)c4c(O)c(NC(=O)CN5Cc6ccccc6C5)cc(F)c4C[C@H]3C[C@@H]12,0.9224,87.95,Active,Active
471,C[C@@](CCN1Cc2cc(C#CC#CC3(O)COC3)sc2C1=O)(C(=O)NO)S(C)(=O)=O,0.9224,87.95,Active,Active
472,CN(Cc1ccsc1)CC1CCN(CCc2ccc(I)cc2)CC1,0.9224,87.95,Active,Active
473,Nc1nc(/C(=N/OC2CCCC2)C(=O)N[C@@H]2C(=O)N3C(C(=O)O)=C(CSc4cc[n+](CC(=O)N5CCOCC5)cc4)OC[C@H]23)cs1,0.9224,87.95,Active,Active
474,C[C@H](N)C(=O)N[C@@H](C)C(=O)N1CCC[C@H]1C(=O)N[C@H]([Al])Cc1ccccc1,0.9224,87.95,Active,Active
475,C[C@H](N)C(=O)N[C@@H](C)C(=O)N[C@@H]1CN(c2nc3c(cc2F)c(=O)c(C(=O)O)cn3C2CC2)[C@H]1C,0.9224,87.95,Active,Active
476,Nc1nc(/C(=N\OCCF)C(=O)N[C@@H]2C(=O)N3C(C(=O)O)=C(Sc4nc(-c5ccccc5)cs4)CC[C@H]23)cs1,0.9224,87.95,Active,Active
477,Cc1ccccc1C(=O)Nc1cc(N(C)C)c2c(c1O)C(O)=C1C(=O)[C@]3(O)C(O)=C(C(N)=O)C(=O)[C@@H](N(C)C)C3CC1C2,0.9224,87.95,Active,Active
478,CN(Cc1ccsc1)CC1CCN(CCc2cccc(Cl)c2)CC1,0.9224,87.95,Active,Active
479,CCn1cc(C(=O)O)c(=O)c2cc(F)c(N3CC(N)C3)nc21,0.9224,87.95,Active,Active
480,CCn1cc(C(=O)O)c(=O)c2cc(F)c(N3CC(C)(N)C3)c(Cl)c21,0.9224,87.95,Active,Active
481,CN(Cc1ccsc1)CC1CCN(CCc2cccc(F)c2)CC1,0.9224,87.95,Active,Active
482,CCn1cc(-c2cc(CO)c3c(c2)C(O)(C(F)(F)F)c2ccccc2-3)cn1,0.9224,87.95,Active,Active
483,CN(Cc1ccsc1)CC1CCN(CCc2cccc(I)c2)CC1,0.9224,87.95,Active,Active
484,C[C@H]1CN(C(=O)C2Cc3ccccc3C2)Cc2cnc([C@@](C)(O)C(F)(F)F)n21,0.9224,87.95,Active,Active
485,C[C@H]1CN(C(=O)c2cc(C3(C)CC3)n(C)n2)Cc2onc([C@@](C)(O)C(F)(F)F)c21,0.9224,87.95,Active,Active
486,CN1CCN(c2cc3c(cc2F)c(=O)c(C(=O)O)cn3C2CC2)CC1,0.9224,87.95,Active,Active
487,C[n+]1ccccc1CNC(=O)[C@@H]1CCCN1C(=O)[C@H](N)Cc1ccccc1,0.9224,87.95,Active,Active
488,CCCNC(=O)[C@@H](Cc1ccccc1)NC(=O)C[C@H](O)[C@H](Cc1ccccc1)NC(=O)[C@@H](NC(=O)c1ccccn1)C(C)C,0.9224,87.95,Active,Active
489,CN1CCN(c2cc3c(cc2F)c(=O)c(C(=O)O)cn3[C@@H]2C[C@@H]2F)CC1,0.9224,87.95,Active,Active
490,O=C(N[C@@H]1CCCNC[C@@H]1F)[C@@H]1CC[C@@H]2CN1C(=O)N2OS(=O)(=O)O,0.9224,87.95,Active,Active
491,O=C(O)c1cn(C2CC2)c2cc(C3CCNCC3)c(F)cc2c1=O,0.9224,87.95,Active,Active
492,CCN1CCN(c2cc3c(cc2F)c(=O)c(C(=O)O)cn3C2CC2)CC1,0.9224,87.95,Active,Active
493,Cc1c(F)c(N2CC[C@H](N)C2)nc2c1c(=O)c(C(=O)O)cn2-c1ccc(F)cc1F,0.9224,87.95,Active,Active
494,O=C(O)C1(n2cc(-c3cc(F)cc4c3-c3ccccc3C4(O)C(F)(F)F)cn2)CCCC1,0.9224,87.95,Active,Active
495,CCOC1CN(c2nc3c(cc2F)c(=O)c(C(=O)O)cn3CC)C1,0.9224,87.95,Active,Active
496,Cc1c(N2CCCCCC2)c(N)cc2c(=O)c(C(=O)O)cn(C3CC3)c12,0.9224,87.95,Active,Active
497,CC1Cc2cc(N3CCNCC3)c(F)cc2-c2cc(=O)c(C(=O)O)cn21,0.9224,87.95,Active,Active
498,Cc1c(N2CCc3ccccc3C2)c(N)cc2c(=O)c(C(=O)O)cn(C3CC3)c12,0.9224,87.95,Active,Active
499,CN1C[C@@H]2C[C@H]1CN2c1nc2c(cc1F)c(=O)c(C(=O)O)cn2-c1ccc(F)cc1,0.9224,87.95,Active,Active
500,CC1Sc2c(C(=O)O)c(=O)c3cc(F)c(N4CCCNCC4)cc3n21,0.9224,87.95,Active,Active
501,O=C(O)c1cn(-c2ccc(F)cc2F)c2nc(N3C[C@@H]4C[C@H]3CN4)c(F)cc2c1=O,0.9224,87.95,Active,Active
502,COc1ncc(-c2cc3c(cc2F)c(=O)c2c(=O)[nH]sc2n3C2CC2)cn1,0.9224,87.95,Active,Active
503,CCC(=O)CCC(=O)N[C@@H](Cc1ccccc1)[C@H](O)CN(C[C@@H](C)CC)S(=O)(=O)c1ccc(OC)cc1,0.9224,87.95,Active,Active
504,Cc1cc(-c2nc3c(cc2F)c(=O)c(C(=O)O)cn3C2CC2)cc(C)n1,0.9224,87.95,Active,Active
505,Nc1ncnc2c1ncn2[C@@H]1O[C@H](COP(=O)(O)OP(=O)(O)OC[C@H]2O[C@@H](O)[C@H](O)[C@@H]2O)[C@@H](O)[C@H]1OP(=O)(O)O,0.9224,87.95,Active,Active
506,Cc1ccc(C[n+]2csc(CCOP(=O)(O)OP(=O)(O)O)c2C)c(N)n1,0.9224,87.95,Active,Active
507,Cc1nc(SCC2=C(C(=O)O)N3C(=O)[C@@H](NC(=O)/C(=N\OCc4cc(=O)c(O)cn4O)c4csc(N)n4)[C@H]3CS2)sc1CC(=O)O,0.9224,87.95,Active,Active
508,O=c1[nH]cnc2c1ncn2[C@@H]1O[C@H](COP(=O)(O)O)[C@@H](O)[C@H]1O,0.9224,87.95,Active,Active
509,Nc1ncnc2c1ncn2[C@@H]1O[C@H](COP(=O)(O)OP(=O)(O)OC[C@H]2O[C@@H](N3C=CC=C(C(=O)O)C3)[C@H](O)[C@@H]2O)[C@@H](O)[C@H]1O,0.9224,87.95,Active,Active
510,Nc1ncnc2c1ncn2[C@@H]1O[C@H](COP(=O)(O)OP(=O)(O)OC[C@H]2OC[C@H](O)[C@@H]2O)[C@@H](O)[C@H]1OP(=O)(O)O,0.9224,87.95,Active,Active
511,COc1ccccc1C1CN(c2c(F)cc3c(=O)c(C(=O)O)cn(C4CC4)c3c2F)CC1N,0.9224,87.95,Active,Active
512,Nc1ncnc2c1ncn2[C@@H]1O[C@H](COP(=O)(O)OP(=O)(O)OC[C@H]2NC[C@H](O)[C@@H]2O)[C@@H](O)[C@H]1O,0.9224,87.95,Active,Active
513,NCC1CCCCN1C(=O)[C@@H]1CC[C@@H]2CN1C(=O)N2OS(=O)(=O)O,0.9109,86.22,Active,Active
514,CN(C)c1cccc(CNC[C@@H](O)[C@H](Cc2ccccc2)NC(=O)[C@]2(Cc3ccccc3)CN(Cc3ccccc3)C(=O)N2)c1,0.9109,86.22,Active,Active
515,CCN1CCN(c2c(F)cc3c(=O)c(C(=O)O)cn(C4CC4)c3c2OC)CC1,0.9109,86.22,Active,Active
516,CC(C)C[C@H](NC(=O)[C@H](CC(=O)O)NC(=O)[C@@H](NC(=O)[C@H](CC(=O)O)NC(=O)[C@H](Cc1ccccc1)NC(=O)[C@H](Cc1c[nH]c2ccccc12)NC(=O)[C@H](C)NC(=O)[C@H](CC(C)C)NC(=O)[C@@H](N)CCC(N)=O)[C@@H](C)O)C(=O)O,0.9109,86.22,Active,Active
517,CCn1cc(C(=O)O)c(=O)c2cc(F)c(N3CCCNCC3)nc21,0.9109,86.22,Active,Active
518,CCn1cc(C(=O)O)c(=O)c2c(N)c(F)c(N3CC(N)C3)c(F)c21,0.9109,86.22,Active,Active
519,O[C@@H]1[C@H](O)[C@@H](CO[P+](O)(O)O)O[C@H]1n1cnc2c(NC3CCCC3)ncnc21,0.9109,86.22,Active,Active
520,O=C(N[C@@H]1CNC[C@H]1O)[C@@H]1CC[C@@H]2CN1C(=O)N2OS(=O)(=O)O,0.9109,86.22,Active,Active
521,COc1c(N2CC3(CC3)[C@@](C)(N)C2)c(F)cc2c(=O)c(C(=O)O)cn([C@@H]3C[C@@H]3F)c12,0.9109,86.22,Active,Active
522,COc1c(N2CC3(CC3)[C@](C)(N)C2)c(F)cc2c(=O)c(C(=O)O)cn([C@@H]3C[C@@H]3F)c12,0.9109,86.22,Active,Active
523,CCn1cc(C(=O)O)c(=O)c2cc(F)c(N3CC(C)(N)C3)cc21,0.9109,86.22,Active,Active
524,Nc1ccn([C@@H]2O[C@H](COP(=O)(O)OP(=O)(O)OP(=O)(O)O)[C@@H](O)[C@H]2O)c(=O)n1,0.9109,86.22,Active,Active
525,CCn1cc(C(=O)O)c(=O)c2cc(F)c(N3CC(O)C3)nc21,0.9109,86.22,Active,Active
526,CCn1cc(C(=O)O)c(=O)c2cc(F)c(N3CCNC(=O)C3)cc21,0.9109,86.22,Active,Active
527,C[C@H](NC(=O)[C@@H]1CCCN1C(=O)[C@H](CCCN=C(N)N)NC(=O)[C@@H](NC(=O)[C@H](CC(=O)O)NC(=O)[C@@H]1CCCN1C(=O)[C@H](C)NC(=O)[C@@H](N)CO)[C@@H](C)O)C(=O)O,0.9109,86.22,Active,Active
528,CN(C)CCNc1c(F)c(N2CCN(C)CC2)c(F)c2c1c(=O)c(C(=O)O)cn2C1CC1,0.9109,86.22,Active,Active
529,C[C@@](CCN1Cc2cc(C#Cc3ccc([C@@H]4C[C@H]4CO)cc3)cn2C1=O)(C(=O)NO)S(C)(=O)=O,0.9109,86.22,Active,Active
530,O=C(N[C@H]1CNC[C@H]1F)[C@@H]1CC[C@@H]2CN1C(=O)N2OS(=O)(=O)O,0.9109,86.22,Active,Active
531,COc1c(-c2cc3n(c2)CCNC3)c(F)cc2c1N(C1CC1)CC(C(=O)O)C2=O,0.9109,86.22,Active,Active
532,CC(C)(C)n1cc(C(=O)O)c(=O)c2cc(N)c(N3CCSCC3)cc21,0.9109,86.22,Active,Active
533,CC(C)(O)C#CC#Cc1ccc2c(c1)CN(CC[C@](C)(C(=O)NO)S(C)(=O)=O)C2=O,0.9109,86.22,Active,Active
534,CN(C)C(=O)C1CCCN1C(=O)c1ccc2c(c1)C(O)(C(F)(F)F)c1ccccc1-2,0.9109,86.22,Active,Inactive
535,CC(C)(O)[C@H](N[C@H]1CCc2cc(C#Cc3ccc(CN4CCOCC4)cc3)ccc21)C(=O)NO,0.9109,86.22,Active,Active
536,C[C@@](CCN1Cc2cc(C#Cc3ccc([C@H]4C[C@@H]4CO)cc3)cn2C1=O)(C(=O)NO)S(C)(=O)=O,0.9109,86.22,Active,Active
537,CCn1cc(C(=O)O)c(=O)c2cc(F)c(N3CC[N+](C)(CC4=C(C(=O)[O-])N5C(=O)[C@@H](NC(=O)/C(=N\OC)c6csc(N)n6)[C@H]5SC4)CC3)cc21,0.9109,86.22,Active,Active
538,O=C(N[C@@H]1CNC[C@@H]1F)[C@@H]1CC[C@@H]2CN1C(=O)N2OS(=O)(=O)O,0.9109,86.22,Active,Active
539,Nc1ccn([C@H]2O[C@H](CO)[C@@H](OP(=O)(O)O)[C@@H]2O)c(=O)n1,0.9109,86.22,Active,Active
540,O=C(N[C@@H](CCCCNC(=O)c1ccc(I)cc1)C(=O)O)N[C@@H](Cc1ccncc1)C(=O)O,0.9109,86.22,Active,Active
541,CCN1CCN(C(=O)NC[C@H]2OCC[C@H]2SC2=C(C(=O)O)N3C(=O)[C@H]([C@@H](C)O)[C@H]3[C@H]2C)C(=O)C1=O,0.9109,86.22,Active,Active
542,O=C(N[C@@H]1CNC[C@@H]1O)[C@@H]1CC[C@@H]2CN1C(=O)N2OS(=O)(=O)O,0.9109,86.22,Active,Active
543,CCCN(CCC)C(=O)c1cc(C(N)=O)cc(C(=O)N[C@@H](Cc2cc(F)cc(F)c2)[C@H](O)CNCc2cccc(OC)c2)c1,0.9109,86.22,Active,Active
544,C[C@H]1COc2c(N3CCN(CC(=O)c4ccc(Cl)cc4)CC3)c(F)cc3c(=O)c(C(=O)O)cn1c23,0.9109,86.22,Active,Active
545,CCCCCN(C)Cc1cc(C(=O)O)ccc1NC(=O)c1cc2cc(F)cc(NC)c2[nH]c1=O,0.9109,86.22,Active,Active
546,CC[C@H](C)[C@H](NC(=O)[C@H](CO)NC(=O)[C@@H](NC(=O)[C@@H]1CCCN1C(=O)[C@H](Cc1c[nH]c2ccccc12)NC(=O)[C@H](CCCNC(N)N)NC(=O)[C@@H](N)CO)[C@@H](C)O)C(=O)N[C@@H](CC(C)C)C(=O)O,0.9109,86.22,Active,Active
547,Nc1ncnc2c1ncn2[C@@H]1O[C@H](COP(=O)(O)OP(=O)(O)OC[C@H]2O[C@H](O)[C@H](O)[C@@H]2O)[C@@H](O)[C@H]1O,0.9109,86.22,Active,Active
548,CC(C)C(O/N=C(\C(=O)N[C@@H]1C(=O)N2C(C(=O)O)=C(CS[C@H]3CC[C@@H](NC(=O)c4ccc(O)c(O)c4Cl)CC3)CS[C@H]12)c1csc(N)n1)C(=O)O,0.9109,86.22,Active,Active
549,CC[C@H](C)[C@H](NC(=O)[C@@H](N)Cc1ccc(O)cc1)C(=O)N[C@@H](Cc1cnc[nH]1)C(=O)N1CCC[C@H]1C(N)=O,0.9109,86.22,Active,Active
550,Cc1[nH]c(C(=O)N[C@H]2CCc3nc(NC(=O)CNC(=O)c4ccc(O)c(O)c4)sc3C2)c(Cl)c1Cl,0.9109,86.22,Active,Active
551,NS(=O)(=O)c1c(S(=O)C2CCNCC2)ccc(-c2ccc(C3CCNCC3)cc2)c1-c1nn[nH]n1,0.9109,86.22,Active,Active
552,NCCOc1cc(C(=O)N[C@@H](Cc2ccccc2)C(=O)O)ccc1NC(=O)c1cc(Br)c(Br)[nH]1,0.9109,86.22,Active,Active
553,Nc1ncnc2c1ncn2[C@@H]1O[C@H](COP(=O)(O)OP(=O)(O)OC[C@H]2O[C@@H](O)[C@H](O)[C@@H]2O)[C@@H](O)[C@H]1O,0.9109,86.22,Active,Active
554,O=C(O)C1CCN(c2ccc3c(c2)C(O)(C(F)(F)F)c2ccccc2-3)CC1,0.9109,86.22,Active,Active
555,Cc1[nH]c(C(=O)Nc2nc3cc(NCc4ccccc4)c(C(=O)O)cc3s2)c(Cl)c1Cl,0.9109,86.22,Active,Active
556,CO[C@@H]1[C@@H](OC(=O)c2ccc(C)[nH]2)[C@@H](O)[C@H](Oc2ccc3c(O)c(NC(=O)/C=C/c4ccc(O)c(Cl)c4)c(=O)oc3c2)OC1(C)C,0.9109,86.22,Active,Active
557,Nc1nc2ncc(CNc3ccc(S(=O)(=O)Nc4ccccn4)cc3)nc2c(=O)[nH]1,0.9109,86.22,Active,Active
558,CC(C)C[C@H](NC(=O)c1cc(C(=O)N[C@H](C)c2ccccc2)cc(N(C)S(C)(=O)=O)c1)[C@@H](O)C[C@@H](C)C(=O)N[C@H](C(=O)NC(C)C)C(C)C,0.9109,86.22,Active,Active
559,CC(C)CN(C[C@@H](O)[C@H](Cc1ccccc1)NC(=O)[C@@H]1CN(c2ccccc2O)C(=O)O1)S(=O)(=O)c1ccc2c(c1)OCO2,0.9109,86.22,Active,Active
560,O=C(O)C1=CS[C@@H]2/C(=C\c3cn4c5c(sc4n3)COCC5)C(=O)N12,0.9109,86.22,Active,Active
561,O=C(O)C1=CS[C@@H]2/C(=C\c3cc4n(n3)CCSC4)C(=O)N12,0.9109,86.22,Active,Active
562,O=C(O)C1=CS[C@@H]2/C(=C\c3cc4n(n3)CCCC4)C(=O)N12,0.9109,86.22,Active,Active
563,COc1cc(/C=C/C(=O)Nc2c(O)c3ccc(O[C@@H]4OC(C)(C)[C@H](OC)[C@@H](OC(=O)c5ccc(C)[nH]5)[C@H]4O)c(Cl)c3oc2=O)ccc1O,0.9109,86.22,Active,Active
564,CC[C@H](C)[C@H](NC(=O)[C@H](CO)NC(=O)[C@@H](NC(=O)[C@@H]1CCCN1C(=O)[C@H](Cc1c[nH]c2ccccc12)NC(=O)[C@@H](N)CCCNC(N)N)[C@@H](C)O)C(=O)N[C@@H](CC(C)C)C(=O)O,0.9109,86.22,Active,Active
565,O=C1COCCN1CCOc1ccc2c(c1)C(O)(C(F)(F)F)c1ccccc1-2,0.9109,86.22,Active,Active
566,CC(C)c1ccc(CCN2CCC(CN(C)Cc3ccsc3)CC2)cc1,0.9109,86.22,Active,Active
567,Nc1ncnc2c1ncn2[C@@H]1O[C@H](COP(=O)(O)OP(=O)(O)O[C@@H]2O[C@H]([C@@H](O)CO)[C@@H](O)[C@H](O)[C@H]2F)[C@@H](O)[C@H]1O,0.9109,86.22,Active,Active
568,Cc1cc(-c2cnn(C3(CO)CCCC3)c2)c2c(c1)C(O)(C(F)(F)F)c1ccccc1-2,0.9109,86.22,Active,Active
569,CCCN(CCC)C(=O)c1cc(C)cc(C(=O)N[C@@H](Cc2cc(F)cc(F)c2)[C@H](O)CNCc2cccc(I)c2)c1,0.9109,86.22,Active,Active
570,CCNCC1CCN(c2cc3c(c(C)c2F)c(=O)c(C(=O)O)cn3-c2ccc(F)cc2F)C1,0.9109,86.22,Active,Active
571,N[C@@H](CO)C(=O)N[C@@H](Cc1c[nH]c2ccccc12)C(=O)N[C@@H](Cc1ccccc1)C(=O)N1CCC[C@H]1C(=O)O,0.9109,86.22,Active,Active
572,Cc1cc(-c2cc3c(cc2F)c(=O)c(C(=O)O)cn3C(C)(C)C)cc(C)n1,0.9109,86.22,Active,Active
573,CC[C@H]1OC(=O)[C@H](C)[C@H]2OC3(CCN(c4nccs4)CC3)O[C@](C)(C[C@@H](C)CN(C)[C@H](C)[C@@H](O)[C@]1(C)O)[C@H](O[C@@H]1O[C@H](C)CC(N(C)C)[C@H]1O)[C@H]2C,0.9109,86.22,Active,Active
574,O=C1CCN(c2nc3c(cc2F)c(=O)c(C(=O)O)cn3-c2ccc(F)cc2F)CC1,0.9109,86.22,Active,Active
575,CC[C@H]1OC(=O)[C@H](C)[C@H]2OC3(CCN(c4nc5ccccc5[nH]4)CC3)O[C@](C)(C[C@@H](C)CN(C)[C@H](C)[C@@H](O)[C@]1(C)O)[C@H](O[C@@H]1O[C@H](C)CC(N(C)C)[C@H]1O)[C@H]2C,0.9109,86.22,Active,Active
576,CC(C)[C@H](NC(=O)[C@H](Cc1ccccc1)NC(=O)OCc1ccccc1)P(=O)(O)O[C@@H](Cc1ccccc1)C(=O)O,0.9109,86.22,Active,Active
577,Cc1c(N2CCNCC2)ccc2c(=O)c(C(=O)O)cn(C3CC3)c12,0.9109,86.22,Active,Active
578,CC(C)C[C@H](NC(=O)[C@H](CC(N)=O)NC(=O)[C@H](CC(C)C)NC(=O)[C@@H](NC(=O)[C@@H](NC(=O)[C@@H]1CCCN1C(=O)[C@H](CCCNC(N)N)NC(=O)[C@H](CCCCN)NC(=O)[C@@H]1CCCN1)[C@@H](C)O)[C@@H](C)O)C(=O)N[C@@H](Cc1ccccc1)C(=O)O,0.9109,86.22,Active,Active
579,Cc1c(N2CCN(C)CC2)ccc2c(=O)c(C(=O)O)cn(C3CC3)c12,0.9109,86.22,Active,Active
580,CC[C@H]1OC(=O)[C@H](C)[C@H]2OC3(CCN(CCc4ccnc5ccccc45)CC3)O[C@](C)(C[C@@H](C)CN[C@H](C)[C@@H](O)[C@]1(C)O)[C@H](O[C@@H]1O[C@H](C)C[C@H](N(C)C)[C@H]1O)[C@H]2C,0.9109,86.22,Active,Active
581,CCC[C@H](NC(=O)[C@@H]1[C@H]2CCC[C@H]2CN1C(=O)[C@@H](NC(=O)[C@@H](NC(=O)c1cnccn1)C1CCCCC1)C(C)(C)C)[C@@H](O)C(=O)NC1CC1,0.9109,86.22,Active,Active
582,O=C(O)CCCC(=O)N[C@H](Cc1ccccc1)P(=O)(O)OCC(=O)NCCc1ccccc1,0.9109,86.22,Active,Active
583,CCCCOC(=O)[C@@H](NC(=O)[C@@H](N)Cc1ccc(O)cc1)[C@H]1[C@H](O)[C@](O)(CO)[C@@H](O)CN1O,0.9109,86.22,Active,Active
584,CCCCOC(=O)[C@@H](O)[C@@H](NC(=O)[C@@H]1CC[C@H]2CN(S(=O)(=O)Cc3ccccc3)CC(=O)N21)C1CCC(N)CC1,0.9109,86.22,Active,Active
585,OC[C@@H]1[C@@H](O)[C@H](O)[C@@H](O)c2cn[nH][n+]21,0.9109,86.22,Active,Active
586,CC(C)Cn1cc(-c2cc(CO)c3c(c2)C(O)(C(F)(F)F)c2ccccc2-3)cn1,0.9109,86.22,Active,Active
587,CN(Cc1ccsc1)CC1CCN(CCc2ccccc2F)CC1,0.9109,86.22,Active,Active
588,CO/N=C(\C(=O)N[C@@H]1C(=O)N2C(C(=O)[O-])=C(C[n+]3ccc4ncn(C)c4c3)CS[C@H]12)c1csc(N)n1,0.9109,86.22,Active,Active
589,CN[C@H]1CCN(c2nc3c(c(C)c2F)c(=O)c(C(=O)O)cn3-c2ccc(F)cc2F)C1,0.9109,86.22,Active,Active
590,CC1(C)CC1n1cc(C(=O)O)c(=O)c2cc(F)c(N3CCNCC3)cc21,0.9109,86.22,Active,Active
591,C[C@@H](O)[C@H]1C(=O)N2C(C(=O)O)=C(S[C@@H]3CN[C@H](C4CC[N+](C)(CC(N)=O)O4)C3)[C@H](C)[C@H]12,0.9109,86.22,Active,Active
592,O=C(O)c1cn(C2CC2)c2cc(N3CCNCC3)ccc2c1=O,0.9109,86.22,Active,Active
593,O=C(c1cc(CO)c2c(c1)C(O)(C(F)(F)F)c1ccccc1-2)N1CCCC1,0.9109,86.22,Active,Active
594,CC(=O)N1CCC[C@H]1C(=O)N[C@@H](CC(C)C)C(=O)N[C@@H](Cc1c[n+](C)cn1CCCCCCCCc1ccccc1)C(=O)N[C@@H](CO)C(=O)N[C@H](C(N)=O)[C@@H](C)O[P+](O)(O)O,0.9109,86.22,Active,Active
595,C[C@@H](O)[C@H](NC(=O)[C@H](CC(N)=O)NC(=O)[C@H](CCC(N)=O)NC(=O)[C@@H]1CCCN1C(=O)[C@H](Cc1cnc[nH]1)NC(=O)[C@H](CS)NC(=O)[C@@H](N)Cc1ccccc1)C(N)=O,0.9109,86.22,Active,Active
596,Nc1cc2c(=O)c(C(=O)O)cn(C3CC3)c2cc1N1CCc2ccccc2C1,0.9109,86.22,Active,Inactive
597,C[C@@H](O)[C@H](NC(=O)[C@@H]1CCCN1C(=O)[C@H](CO)NC(=O)[C@H](Cc1ccc(O)cc1)NC(=O)[C@H](CO)NC(=O)[C@@H]1CCCN1)C(=O)N[C@@H](CO)C(=O)N1CCC[C@H]1C(=O)N[C@H](C=O)CO,0.9109,86.22,Active,Active
598,CN(Cc1ccsc1)CC1CCN(CCc2ccccc2Cl)CC1,0.9109,86.22,Active,Active
599,O=C(O)c1cn(C2CC2)c2cc(N3CCNCC3)c(F)cc2c1=O,0.9109,86.22,Active,Active
600,CNn1cc(C(=O)O)c(=O)c2cc(F)c(N3CCCN(C)CC3)cc21,0.9109,86.22,Active,Active
601,CN(Cc1ccsc1)CC1CCN(CCc2ccccc2Br)CC1,0.9109,86.22,Active,Active
602,CN1CCN(c2cc3c(cc2F)c(=O)c(C(=O)O)cn3C2CC2F)CC1,0.9109,86.22,Active,Active
603,O=C(O[C@@H]1CCNC[C@@H]1F)[C@@H]1CC[C@@H]2CN1C(=O)N2OS(=O)(=O)O,0.9109,86.22,Active,Active
604,CO/N=C(\C(=O)N[C@@H]1C(=O)N2C(C(=O)[O-])=C(C[n+]3ccc4oc(C)nc4c3)CS[C@H]12)c1csc(N)n1,0.9109,86.22,Active,Active
605,C[C@@H](O)[C@H]1C(=O)N2C(C(=O)O)=C(c3cn4cnc(C(=O)C5CCNCC5)c4s3)[C@H](C)[C@H]12,0.9109,86.22,Active,Active
606,NC(=O)C1=CC=CN([C@@H]2O[C@H](COP(=O)(O)OP(=O)(O)OC[C@H]3O[C@@H](n4cnc5c(N)ncnc54)[C@H](O)[C@@H]3O)[C@@H](O)[C@H]2O)C1,0.9109,86.22,Active,Active
607,CO/N=C(\C(=O)N[C@@H]1C(=O)N2C(C(=O)[O-])=C(C[n+]3cccc4ccc(O)cc43)CS[C@H]12)c1csc(N)n1,0.9109,86.22,Active,Active
608,N=C(N)c1csc(CNC(=O)[C@@H]2C=CCN2C(=O)[C@@H](CC2CCCCC2)NCC(=O)O)n1,0.9109,86.22,Active,Active
609,CC(=O)N[C@H]1[C@@H](O[C@H]2[C@@H](O)[C@@H](CO)O[C@@H](O[C@H]3[C@H](O)[C@@H](CO)O[C@@H](O[C@H]4[C@@H](O)[C@@H](CO)O[C@@H](O[C@H]5[C@H](O)[C@@H](O)[C@@H](O)O[C@@H]5CO)[C@@H]4O)[C@@H]3NC(C)=O)[C@@H]2O[C@@H]2O[C@@H](C)[C@@H](O)[C@@H](O)[C@@H]2O)O[C@H](CO)[C@H](O)[C@@H]1O,0.9109,86.22,Active,Active
610,COc1c(N2CC(C)(N)C3(CC3)C2)c(F)cc2c(=O)c(C(=O)O)cn([C@@H]3C[C@@H]3F)c12,0.9109,86.22,Active,Active
611,O=C(O[C@@H]1CCNC[C@H]1F)[C@@H]1CC[C@@H]2CN1C(=O)N2OS(=O)(=O)O,0.9109,86.22,Active,Active
612,O=C(O[C@H]1CCNC[C@@H]1F)[C@@H]1CC[C@@H]2CN1C(=O)N2OS(=O)(=O)O,0.9109,86.22,Active,Active
613,O=C(O[C@H]1CCNC[C@H]1F)[C@@H]1CC[C@@H]2CN1C(=O)N2OS(=O)(=O)O,0.9109,86.22,Active,Active
614,O=C(O)c1cn(C2CC2F)c2cc(N3CCNCC3)c(F)cc2c1=O,0.9109,86.22,Active,Active
615,O=C(O)c1cn(-c2ccc(F)cc2)c2nc(N3CCC(O)C3)c(F)cc2c1=O,0.9109,86.22,Active,Active
616,CN1CCN(c2c(F)c(N(C)C)c3c(=O)c(C(=O)O)cn(C4CC4)c3c2F)CC1,0.9109,86.22,Active,Active
617,CO/N=C(\C(=O)N[C@@H]1C(=O)N2C(C(=O)[O-])=C(C[n+]3ccc4sc(N)cc4c3)CS[C@H]12)c1csc(N)n1,0.9109,86.22,Active,Active
618,CO/N=C(\C(=O)N[C@@H]1C(=O)N2C(C(=O)[O-])=C(C[n+]3cccc4cc(O)ccc43)CS[C@H]12)c1csc(N)n1,0.9109,86.22,Active,Active
619,C[C@@H](O)[C@H](N[C@@H]1CCc2cc(C#Cc3ccc(CN4CCOCC4)cc3)ccc21)C(=O)NO,0.9109,86.22,Active,Active
620,CO/N=C(\C(=O)N[C@@H]1C(=O)N2C(C(=O)[O-])=C(C[n+]3cccc4c(N)cccc43)CS[C@H]12)c1csc(N)n1,0.9109,86.22,Active,Active
621,C[C@@H](O)[C@H](N[C@H]1CCc2cc(C#Cc3ccc(CN4CCOCC4)cc3)ccc21)C(=O)NO,0.9109,86.22,Active,Active
622,CC(=O)N[C@H]1[C@H]([C@H](O)[C@H](O)CO)O[C@@](O[C@H]2[C@@H](O)[C@@H](CO)O[C@@H](O[C@H]3[C@H](O)[C@@H](O)[C@@H](O)O[C@@H]3CO)[C@@H]2O)(C(=O)O)C[C@@H]1O,0.9109,86.22,Active,Active
623,CO/N=C(\C(=O)N[C@@H]1C(=O)N2C(C(=O)[O-])=C(C[n+]3cccc4c3CCCC4)CS[C@H]12)c1csc(N)n1,0.9109,86.22,Active,Active
624,CC(=O)N[C@H]1[C@H]([C@H](O)[C@H](O)CO)O[C@@](O[C@H]2[C@@H](O)[C@@H](CO)O[C@@H](O[C@H]3[C@H](O)[C@@H](O)[C@H](O)O[C@@H]3CO)[C@@H]2O)(C(=O)O)C[C@@H]1O,0.9109,86.22,Active,Active
625,C[C@@H](C(=O)N1CCOCC1)N1CC[C@H](NS(=O)(=O)/C=C/c2ccc(Cl)s2)C1=O,0.9109,86.22,Active,Active
626,O=C(c1ccc2c(c1)C(O)(C(F)(F)F)c1ccccc1-2)N1CCCC1CO,0.9109,86.22,Active,Active
627,CN1CCN(c2c(F)c(S)c3c(=O)c(C(=O)O)cn(C4CC4)c3c2F)CC1,0.9109,86.22,Active,Active
628,CO/N=C(\C(=O)N[C@@H]1C(=O)N2C(C(=O)[O-])=C(C[n+]3ccc4nc(C)n(C)c4c3)CS[C@H]12)c1csc(N)n1,0.9109,86.22,Active,Active
629,FC1CN=C(c2ccc3cc(-c4ccc(-c5cc6ccc(C7=NCC(F)CN7)cc6o5)s4)[nH]c3c2)NC1,0.9109,86.22,Active,Active
630,C[C@@H](O)[C@H]1C(=O)N2C(C(=O)[O-])=C(Sc3nc(-c4ccc[n+](CC(N)=O)c4)cs3)[C@H](C)[C@H]12,0.9109,86.22,Active,Active
631,NC(N)NC[C@H]1Cc2ccccc2[C@@H]1NC(=O)C(=O)Nc1ccc(Cl)c(F)c1,0.9109,86.22,Active,Active
632,CO/N=C(/C(=O)N[C@@H]1C(=O)N2C(C(=O)[O-])=C(C[n+]3cccc(-c4cc(C)[nH]n4)c3)CS[C@H]12)c1csc(N)n1,0.9109,86.22,Active,Active
633,CC(O)c1cc(-c2cnn(C)c2)cc2c1-c1ccccc1C2(O)C(F)(F)F,0.9109,86.22,Active,Active
634,CC(C)(C)[C@H](NC(=O)[C@H](CC1CCCC1)CN(O)C=O)C(=O)c1cc(F)c(F)cc1N1CCC[C@H]1CO,0.9109,86.22,Active,Active
635,CC(C)(C)[C@H](NC(=O)[C@H](CC1CCCC1)CN(O)C=O)C(=O)c1cc(F)c(F)cc1N1CCN(CCN2CCCC2)CC1,0.9109,86.22,Active,Active
636,CC1CNCCN1c1c(F)c(N)c2c(=O)c(C(=O)O)cn(C3CC3)c2c1F,0.9109,86.22,Active,Active
637,CC(C)(C)[C@H](NC(=O)[C@H](CC1CCCC1)CN(O)C=O)C(=O)c1cc(F)c(F)cc1N1CCN(CCN2CCOCC2)CC1,0.9109,86.22,Active,Active
638,CC(C)(C)[C@H](NC(=O)[C@H](CC1CCCC1)CN(O)C=O)C(=O)c1cc(F)c(F)cc1N1CCOCC1,0.9109,86.22,Active,Active
639,CC(=O)Nc1nc2ncc(CNc3ccc(S(=O)(=O)Nc4ncccn4)cc3)nc2c(=O)[nH]1,0.9109,86.22,Active,Active
640,COc1ccc2nccc(NC(=O)[C@@H]3CC[C@@H](NCc4cc5c(cn4)OCCO5)CO3)c2n1,0.9109,86.22,Active,Active
641,CN(Cc1ccsc1)CC1CCN(CCc2ccc(Cl)cc2)CC1,0.9109,86.22,Active,Active
642,CN(Cc1ccsc1)CC1CCN(CCc2ccc(Br)cc2)CC1,0.9109,86.22,Active,Active
643,C=Cn1cc(C(=O)O)c(=O)c2cc(F)c(N3CC(N)C3)nc21,0.9109,86.22,Active,Active
644,OCCn1cc(-c2ccc3c(c2)C(O)(C(F)(F)F)c2cccc(CO)c2-3)cn1,0.9109,86.22,Active,Active
645,C=C[C@H]1C[C@@]1(NC(=O)c1ccc(NC(=O)c2ccc(C#N)cc2)cc1)C(=O)Nc1ccc(C(=O)Nc2ccc(C(=O)Nc3ccc(C(=O)O)cc3)c(O)c2OC(C)C)cc1,0.9109,86.22,Active,Active
646,CNC(=O)C1CCCN1C(=O)c1ccc2c(c1)C(O)(C(F)(F)F)c1ccccc1-2,0.9109,86.22,Active,Active
647,CC1COc2c(CN3CCCC3)c(F)cc3c(=O)c(C(=O)O)cn1c23,0.9109,86.22,Active,Active
648,C[C@@H](O)[C@H]1C(=O)N2C(C(=O)[O-])=C(Sc3nc(-c4ccc[n+](C)c4)cs3)[C@H](C)[C@H]12,0.9109,86.22,Active,Active
649,C[C@@H](O)[C@H](NC1CCCCc2cc(C#Cc3ccccc3)ccc21)C(=O)NO,0.9109,86.22,Active,Active
650,CCCC(CCC)S(=O)(=O)C[C@@H](NC(=O)OCc1ccccc1)C(=O)N[C@@H](Cc1ccccc1)[C@H](O)CNCc1cccc(OC)c1,0.9109,86.22,Active,Active
651,COC(=O)N[C@H](C(=O)NN(CCC[C@@]1(Cc2ccccc2)C(=O)N([C@H]2c3ccccc3C[C@H]2O)C[C@H]1O)Cc1ccc(-c2ccccc2)cc1)C(C)(C)C,0.9109,86.22,Active,Active
652,Cc1nc(-c2ccc(CSSC3CCCC3)cc2)ncc1C(=O)N[C@@H](CCN)C(=O)N(C)[C@@H]1C(=O)N[C@@H](C)C(=O)N[C@H](C(=O)NCC#N)Cc2ccc(OCCN)c(c2)-c2cc1ccc2OCCN,0.9109,86.22,Active,Active
653,CSc1c(F)c(N2CCN(C)CC2)c(F)c2c1c(=O)c(C(=O)O)cn2C1CC1,0.9109,86.22,Active,Active
654,CNCCn1ccc2c[n+](CC3=C(C(=O)[O-])N4C(=O)[C@@H](NC(=O)/C(=N\O[C@@H](C)C(=O)O)c5nc(N)sc5Cl)[C@H]4SC3)ccc21,0.9109,86.22,Active,Active
655,COC(=O)N[C@@H]1CO[C@@H]2C[C@H](OC(=O)N[C@@H](Cc3ccccc3)[C@H](O)CN(CC(C)C)S(=O)(=O)c3ccc(OC)cc3)C[C@H]12,0.9109,86.22,Active,Active
656,O=C(c1cnc2c(c1)C(O)(C(F)(F)F)c1ccccc1-2)N1CCC1,0.9109,86.22,Active,Active
657,CN(Cc1ccsc1)CC1CCN(CCc2cccc(Br)c2)CC1,0.9109,86.22,Active,Active
658,NC(=O)c1cn([C@@H](CO)CCn2ccc3ccc(NC(=O)CCCCc4ccccc4)cc32)cn1,0.9109,86.22,Active,Active
659,C[C@@H](O)[C@H]1C(=O)N2C(C(=O)[O-])=C(/C=C/CSc3cc[n+](C)cc3)[C@H](C)[C@H]12,0.9109,86.22,Active,Active
660,Nc1c(F)c(N2C[C@H]3C[C@@H]4C[C@@H]4[C@@H](N)[C@H]3C2)c(F)c2c1c(=O)c(C(=O)O)cn2[C@@H]1C[C@@H]1F,0.9109,86.22,Active,Active
661,Nc1c(F)c(N2C[C@H]3C[C@@H]4C[C@@H]4[C@H](N)[C@H]3C2)c(F)c2c1c(=O)c(C(=O)O)cn2[C@@H]1C[C@@H]1F,0.9109,86.22,Active,Active
662,O=C(O)c1cn(C2CC2)c2cc(N3CCNCC3)c(F)c(O)c2c1=O,0.9109,86.22,Active,Active
663,CN(Cc1ccsc1)CC1CCN(CCc2cccc(Cl)c2Cl)CC1,0.9109,86.22,Active,Active
664,O=C(OC1CCNCC1)[C@@H]1CC[C@@H]2CN1C(=O)N2OS(=O)(=O)O,0.9103,86.12,Active,Active
665,O=C(O)c1cn(C2CC=CC2)c2cc(N3CCNCC3)c(F)cc2c1=O,0.9103,86.12,Active,Active
666,CO/N=C(/C(=O)N[C@@H]1C(=O)N2C(C(=O)[O-])=C(C[n+]3cccc(-c4cc(CO)[nH]n4)c3)CS[C@H]12)c1csc(N)n1,0.9103,86.12,Active,Active
667,CO/N=C(\C(=O)N[C@@H]1C(=O)N2C(C(=O)[O-])=C(C[n+]3ccc4cncnc4c3)CS[C@H]12)c1csc(N)n1,0.9103,86.12,Active,Active
668,CNc1cc(F)cc2c(N[C@H]3C[C@@H](N)C3)c(C(=O)Nc3ccc(C(=O)O)cc3)c(=O)[nH]c12,0.9103,86.12,Active,Active
669,CN1CCN(c2cc3c(c(N)c2N)c(=O)c(C(=O)O)cn3C2CC2)CC1,0.9103,86.12,Active,Inactive
670,Nc1nc2cc3nc(NCCN4CCOCC4)[nH]c3cc2c(=O)[nH]1,0.9103,86.12,Active,Active
671,Nc1ccn([C@@H]2O[C@H](CO)[C@@H](O[P+](O)(O)O)[C@H]2O)c(=O)n1,0.9103,86.12,Active,Active
672,NCC(=O)N[C@@H](Cc1c[nH]c2ccccc12)C(=O)N[C@@H](CC(N)=O)C(=O)N[C@@H](CO)C(=O)N[C@@H](Cc1ccccc1)C(=O)N[C@@H](CCC(N)=O)C(=O)N[C@@H](CO)C(=O)N[C@@H](CO)C(=O)O,0.9103,86.12,Active,Active
673,COC(=O)C1CCN(C(=O)c2ccc3c(c2)C(O)(C(F)(F)F)c2ccccc2-3)C1,0.9103,86.12,Active,Active
674,COc1c(N2C[C@@H](C)[C@@H](C)C2)c(F)cc2c(=O)c(C(=O)O)cn(-c3ccc(O)cc3)c12,0.9103,86.12,Active,Active
675,Cc1c(N2CCc3ccccc3C2)ccc2c(=O)c(C(=O)O)cn(C3CC3)c12,0.9103,86.12,Active,Active
676,C[C@H]1C([C@@H](O)C2CC2)=C(C(=O)O)N2C(=O)[C@H]([C@@H](C)O)C12,0.9103,86.12,Active,Active
677,CN(C)C(=O)C1CCN(C(=O)c2ccc3c(c2)C(O)(C(F)(F)F)c2ccccc2-3)C1,0.9103,86.12,Active,Active
678,Cn1cc(-c2ccc3c(c2)C(O)(C(F)(F)F)c2ccccc2-3)cn1,0.9103,86.12,Active,Active
679,CNc1cc(F)cc2c(NCC3(N)CCC3)c(C(=O)Nc3ccc(C(=O)O)cc3)c(=O)[nH]c12,0.9103,86.12,Active,Active
680,CN1C[N+]([C@@H]2O[C@H](CO[P+](O)(O)O[P+](O)(O)O)[C@@H](O)[C@H]2O)=C2NC(N)NC(=O)C21,0.9103,86.12,Active,Active
681,CCn1cc(C(=O)O)c(=O)c2cc(F)c(N3CC(OC)C3)nc21,0.9103,86.12,Active,Active
682,C[C@H]1C([C@H](O)C2CC2)=C(C(=O)O)N2C(=O)[C@H]([C@@H](C)O)C12,0.9071,85.66,Active,Active
683,CNC1(C)CN(c2cc3c(cc2F)c(=O)c(C(=O)O)cn3C(C)(C)C)C1,0.9034,85.1,Active,Active
684,CNC1(C)CN(c2nc3c(cc2F)c(=O)c(C(=O)O)cn3C(C)(C)C)C1,0.9034,85.1,Active,Active
685,CNCCCc1c(C(=O)Nc2ccc(C(=O)O)cc2)c(=O)[nH]c2c(NC)cc(F)cc12,0.9034,85.1,Active,Active
686,O=C(CC1CCNC1)[C@@H]1CCC2CN1C(=O)N2OS(=O)(=O)O,0.9034,85.1,Active,Active
687,O=C(O)c1cn(-c2ccc(O)cc2)c2nc(N3CC4CC3CN4)c(F)cc2c1=O,0.9034,85.1,Active,Active
688,CN[C@@H](C)C(=O)N[C@@H](CCCCN)C(=O)N1CCC[C@H]1C(=O)N[C@@H](Cc1ccccc1)C(=O)O,0.9034,85.1,Active,Active
689,CO/N=C(/C(=O)N[C@@H]1C(=O)N2C(C(=O)[O-])=C(C[n+]3cccc(-c4cc(C(N)=O)[nH]n4)c3)CS[C@H]12)c1csc(N)n1,0.9034,85.1,Active,Active
690,O=C(O)c1cn(-c2ccc(F)cc2F)c2nc(N3CC4CC3CN4)c(F)cc2c1=O,0.9034,85.1,Active,Active
691,CNn1cc(C(=O)O)c(=O)c2cc(F)c(N3CCCNCC3)cc21,0.9034,85.1,Active,Active
692,O=C(O)c1cn(-c2ccc(F)cc2)c2cc(N3CCCC3)c(F)cc2c1=O,0.9034,85.1,Active,Active
693,CO/N=C(/C(=O)N[C@@H]1C(=O)N2C(C(=O)[O-])=C(C[n+]3cccc(-c4cc[nH]n4)c3)CS[C@H]12)c1csc(N)n1,0.9034,85.1,Active,Active
694,CO/N=C(/C(=O)N[C@@H]1C(=O)N2C(C(=O)[O-])=C(C[n+]3cccc(-c4cc(N)n(CCO)n4)c3)CS[C@H]12)c1csc(N)n1,0.9034,85.1,Active,Active
695,CC[C@H](C)[C@H](NC(=O)[C@H](Cc1ccc(O)cc1)NC(=O)[C@@H]1CCCN1C(=O)[C@H](CCCN=C(N)N)NC(=O)[C@H](CCCN=C(N)N)NC(=O)CNC(=O)CN)C(=O)N[C@@H](CC(C)C)C(=O)O,0.9034,85.1,Active,Active
696,O=C(O)C1=C(NC[C@H](O)[C@H](O)[C@H](O)COP(=O)(O)O)CCC=C1,0.9034,85.1,Active,Active
697,COC(=O)N[C@H](C(=O)N/[N+](=C\c1ccc(C2=CCSC2)cc1)CCC[C@@]1(O)Cc2ccc(cc2)C/C=C\CNC(=O)[C@H](C(C)C)NC1=O)C(C)(C)C,0.9034,85.1,Active,Active
698,O=C(c1ccc(OCCN2CCCC2)cc1)c1c(-c2ccc(O)cc2)sc2cc(O)ccc12,0.9034,85.1,Active,Active
699,Nc1nc(N)c2cc(Sc3c(F)c(F)cc(F)c3F)ccc2n1,0.9034,85.1,Active,Active
700,O=C(O)CNC(=O)/C=C/C1=C(C(=O)O)N2C(=O)/C(=C/c3ccccn3)[C@H]2S(=O)(=O)C1,0.9034,85.1,Active,Active
701,CCn1cc(C(=O)O)c(=O)c2cc(F)c(-c3cc(C)nc(C)c3)cc21,0.9034,85.1,Active,Active
702,COC(=O)C1CCN(C(=O)[C@H](Cc2cccc(C(=N)N)c2)NS(=O)(=O)c2ccc3ccccc3c2)CC1,0.9034,85.1,Active,Active
703,COC(=O)C1CCN(c2ccc3c(c2)C(O)(C(F)(F)F)c2ccccc2-3)CC1,0.9034,85.1,Active,Active
704,CCn1cc(C(=O)O)c(=O)c2cc(F)c(N3CC(C)(N)C3)nc21,0.9034,85.1,Active,Active
705,Nc1nc(/C(=N\OCCF)C(=O)N[C@@H]2C(=O)N3C(C(=O)O)=C(Sc4snc5ccccc45)CC[C@H]23)cs1,0.9034,85.1,Active,Active
706,O=C(O)c1c(=O)c2cc(F)c(N3CCNCC3)c3c2n2c(csc12)CO3,0.9034,85.1,Active,Active
707,O=C(c1ccc(F)c(F)c1Nc1ccc(I)cc1F)N1CC(O)([C@@H]2CCCCN2)C1,0.9034,85.1,Active,Active
708,CN(C)C(=O)C1CCN(c2ccc3c(c2)C(O)(C(F)(F)F)c2ccccc2-3)CC1,0.9034,85.1,Active,Active
709,Nc1nc(/C(=N/OC2(C(=O)O)CCCC2)C(=O)N[C@@H]2C(=O)N3C(C(=O)O)=C(CNC(=O)c4cc(O)c(O)c(Br)c4)CSC23)cs1,0.9034,85.1,Active,Active
710,Nc1nc(/C(=N/O)C(=O)N[C@@H]2C(=O)N3C(C(=O)O)=C(/C=C4\CN(c5ccccc5)C4=O)CS[C@H]23)cs1,0.9034,85.1,Active,Active
711,CN(C)CCOc1ccc(-c2[nH]c3ncnc(NCC4SCCS4)c3c2-c2ccccc2)cc1,0.9034,85.1,Active,Active
712,Nc1nc(/C(=N/O)C(=O)N[C@@H]2C(=O)N3C(C(=O)O)=C(/C=C4/CN(c5ccccc5)C4=O)CS[C@H]23)cs1,0.9034,85.1,Active,Active
713,Nc1ccn([C@@H]2O[C@H](CO[P+](O)(O)O)[C@@H](O)[C@H]2O)c(=O)n1,0.9034,85.1,Active,Active
714,Nc1ccn([C@@H]2O[C@H](COP(=O)(O)O)[C@@H](O)[C@@H]2O)c(=O)n1,0.9034,85.1,Active,Active
715,CN(CCCC(=O)NCCCNC(=O)CCCN(C)C[C@H]1O[C@@H](n2cnc3c(N)ncnc32)[C@H](O)[C@@H]1O)C[C@H]1O[C@@H](n2cnc3c(N)ncnc32)[C@H](O)[C@@H]1O,0.9034,85.1,Active,Active
716,CC(C)c1ccc(NC(=O)[C@@H]2CCCN2C(=O)[C@H](CCCCN)NC(=O)C(F)(F)F)cc1,0.9034,85.1,Active,Active
717,CO/N=C1\CC(N)CN(c2nc3c(cc2F)c(=O)c(C(=O)O)cn3C2CC2)C1,0.9034,85.1,Active,Active
718,Nc1ncnc2c1N=NC2[C@@H]1O[C@H](COP(=O)(O)O)[C@@H](O)[C@H]1O,0.9034,85.1,Active,Active
719,CC[C@H](C)[C@H](NC(=O)[C@@H](NC(=O)[C@H](CO)NC(=O)[C@@H](NC(=O)[C@@H]1CCCN1C(=O)[C@H](Cc1c[nH]c2ccccc12)NC(=O)[C@H](CCCNC(N)N)NC(=O)[C@H](CO)NC(=O)[C@H](CC(N)=O)NC(=O)[C@H](C)N)[C@@H](C)O)[C@@H](C)CC)C(=O)O,0.9034,85.1,Active,Active
720,O=C(OC1CNNC1)[C@@H]1CC[C@@H]2CN1C(=O)N2OS(=O)(=O)O,0.9034,85.1,Active,Active
721,O=C(O)C1=CS[C@@H]2/C(=C\c3cc4n(n3)CCCO4)C(=O)N12,0.9034,85.1,Active,Active
722,O=C1N2C[C@@H](CC[C@H]2C(F)(F)c2nccs2)N1OS(=O)(=O)O,0.9034,85.1,Active,Active
723,CC1(N)CN(c2nc3c(cc2F)c(=O)c(C(=O)O)cn3CCF)C1,0.9034,85.1,Active,Active
724,CC1(N)CN(c2nc3c(cc2F)c(=O)c(C(=O)O)cn3C(C)(C)C)C1,0.9034,85.1,Active,Active
725,CC(C)N(C)c1cc2c(cc1F)c(=O)c(C(=O)O)cn2-c1ccc(F)cc1,0.9034,85.1,Active,Active
726,O=C(O)C1CN(C2CC2)c2c(ccc(-c3cc4n(c3)CCNC4)c2OC(F)F)C1=O,0.9034,85.1,Active,Active
727,CC[C@H](C)[C@H](N)C(=O)N1CCC[C@H]1C(=O)N[C@@H](Cc1ccccc1)C(=O)O,0.9034,85.1,Active,Active
728,CC[C@H](C)[C@H](NC(=O)[C@H](CC(C)C)NC(=O)[C@@H](N)CCC(N)=O)C(=O)N[C@@H](CC(N)=O)C(=O)N[C@H](C(=O)N[C@@H](CC(N)=O)C(=O)NCC(=O)N[C@@H](CO)C(=O)N[C@@H](Cc1c[nH]c2ccccc12)C(=O)N[C@@H](Cc1cnc[nH]1)C(=O)N[C@H](C(=O)O)C(C)C)[C@@H](C)O,0.9034,85.1,Active,Active
729,CO/N=C(\C(=O)N[C@@H]1C(=O)N2C(C(=O)[O-])=C(C[n+]3cccc4ccccc43)CS[C@H]12)c1csc(N)n1,0.9034,85.1,Active,Active
730,CN1CCN(c2c(F)c(Br)c3c(=O)c(C(=O)O)cn(C4CC4)c3c2F)CC1,0.9034,85.1,Active,Active
731,CC[C@H](C)[C@H](NC(=O)[C@H](CO)NC(=O)[C@@H]1CCCN1C(=O)[C@@H](NC(=O)[C@@H](NC(=O)[C@H](Cc1ccccc1)NC(=O)[C@H](C)NC(=O)[C@@H](N)[C@@H](C)O)[C@@H](C)O)[C@@H](C)CC)C(=O)O,0.9034,85.1,Active,Active
732,COCC(O)CN1C[C@@H]2[C@@H](C#Cc3ccc(-c4cc(Cn5ccnc5[C@H](C)O)on4)cc3)[C@@H]2C1,0.9034,85.1,Active,Active
733,Nc1ccn([C@@H]2O[C@H](CO)[C@@H](O)[C@H]2O[P+](O)(O)O)c(=O)n1,0.9034,85.1,Active,Active
734,CN1CCN(Cc2cc(COCc3ccccc3)c3cccnc3c2O)CC1,0.9034,85.1,Active,Active
735,CO/N=C(\C(=O)N[C@@H]1C(=O)N2C(C(=O)[O-])=C(C[n+]3cccc4c(O)cccc43)CS[C@H]12)c1csc(N)n1,0.9034,85.1,Active,Active
736,CC(C)[C@H](NC(=O)[C@@H]1CCCN1C(=O)[C@@H](N)Cc1cnc[nH]1)C(=O)NCC(=O)N[C@@H](CCC(N)=O)C(=O)N[C@@H](C)C(=O)N[C@@H](CC(=O)O)C(=O)N[C@@H](Cc1ccc(O)cc1)C(=O)N[C@@H](Cc1ccccc1)C(=O)N[C@@H](CCC(=O)O)C(=O)N[C@@H](Cc1ccc(O)cc1)C(=O)O,0.9034,85.1,Active,Active
737,CC(C)[C@H](NC(=O)[C@@H]1CCCN1C(=O)[C@@H](N)Cc1cnc[nH]1)C(=O)N[C@@H](C)C(=O)N[C@@H](CCC(=O)O)C(=O)N[C@@H](C)C(=O)N[C@@H](CC(=O)O)C(=O)N[C@@H](Cc1ccc(O)cc1)C(=O)N[C@@H](Cc1ccccc1)C(=O)N[C@@H](CCC(=O)O)C(=O)N[C@@H](Cc1ccc(O)cc1)C(=O)O,0.9034,85.1,Active,Active
738,N[C@H]1CCN(c2cc3c(cc2F)n2ccnc2c(=O)n3C2CC2)C1,0.9034,85.1,Active,Inactive
739,O=C(N[C@H](CCS)C(=O)N[C@H](Cc1ccccc1)C(=O)O)c1cc2ccccc2[nH]1,0.9034,85.1,Active,Inactive
740,CC(C)(C)OC(=O)N1CCCN1C(=O)[C@H](CC1CCCC1)CN(O)C=O,0.9034,85.1,Active,Active
741,CC(C)(O/N=C(\C(=O)N[C@@H]1C(=O)N2C(C(=O)O)=C(CS[C@H]3CC[C@@H](NC(=O)c4ccc(O)c(O)c4Cl)CC3)CS[C@H]12)c1csc(N)n1)C(=O)O,0.9034,85.1,Active,Active
742,C[C@@H](O)[C@H](NC1CCc2cc(C#Cc3ccc(CN4CCOCC4)cc3)ccc21)C(=O)NO,0.9034,85.1,Active,Active
743,C[C@@H](O)[C@H](NC1COCc2cc(C#Cc3ccc(CN4CCOCC4)cc3)ccc21)C(=O)NO,0.9034,85.1,Active,Active
744,NC(=O)c1csc([C@@H]2O[C@H](COP(=O)(O)CP(=O)(O)OC[C@H]3O[C@@H](n4cnc5c(N)ncnc54)[C@H](O)[C@@H]3O)[C@@H](O)[C@H]2O)n1,0.9034,85.1,Active,Active
745,C[C@@H](O)[C@H]1C(=O)N2C(C(=O)O)=C(CSC(=S)N(C)Cc3ccccc3)S[C@H]12,0.9034,85.1,Active,Active
746,CC(C)(C)OC(=O)N[C@@H]1CC[C@@H](n2cnc3cnc4[nH]ccc4c32)C1,0.9034,85.1,Active,Active
747,C[C@@H](O)[C@H]1C(=O)N2C(C(=O)O)=C(Sc3nc4ccccc4s3)[C@H](C)[C@H]12,0.9034,85.1,Active,Active
748,OC1CN=C(c2ccc3cc(-c4ccc(-c5cc6ccc(C7=NCC(O)CN7)cc6o5)cc4)[nH]c3c2)NC1,0.9034,85.1,Active,Active
749,C[C@@H]1NCCn2cc(-c3c(F)cc4c(c3OC(F)F)N(C3CC3)CC(C(=O)O)C4=O)cc21,0.9034,85.1,Active,Active
750,C[C@@H]1O[C@@H](O[C@H]2[C@H](O[C@H]3[C@H](O)[C@@H](O)[C@H](O)O[C@@H]3CO)O[C@H](CO)[C@H](O)[C@@H]2O)[C@@H](O)[C@H](O)[C@@H]1O,0.9034,85.1,Active,Active
751,OC[C@H]1O[C@H](O[C@@H]2[C@@H](O[C@@H]3[C@@H](O[C@@H]4[C@H](O)[C@H](O)O[C@H](CO)[C@H]4O)O[C@H](CO)[C@@H](O)[C@@H]3O)O[C@H](CO)[C@@H](O)[C@@H]2O)[C@@H](O)[C@@H](O)[C@@H]1O,0.9034,85.1,Active,Active
752,OC[C@H]1O[C@H](S[C@H]2[C@H](O)[C@@H](O)[C@@H](O[C@H]3[C@H](O)[C@@H](O)[C@@H](O[C@H]4[C@H](O)[C@@H](O)[C@@H](O[C@H]5[C@H](O)[C@@H](O)[C@H](O)O[C@@H]5CO)O[C@@H]4CO)O[C@@H]3CO)O[C@@H]2CO)[C@H](O)[C@@H](O)[C@@H]1O,0.9034,85.1,Active,Active
753,CC(=O)NC[C@H]1CN(c2ccc3c(c2)CCCc2c(-c4ccno4)n[nH]c2-3)C(=O)O1,0.9034,85.1,Active,Active
754,O=CN(O)C[C@@H](CC1CCCC1)C(=O)N1CCCCN1C(=O)c1ccncc1,0.9034,85.1,Active,Active
755,C[C@H](NC(=O)[C@@H]1CCCN1C(=O)[C@@H](N)CC(=O)O)C(=O)N1CCC[C@H]1C(=O)N[C@@H](CO)C(=O)N[C@@H](Cc1ccc(O)cc1)C(=O)NCC(=O)N[C@@H](CO)C(=O)N[C@@H](Cc1cnc[nH]1)C(N)=O,0.9034,85.1,Active,Active
756,C[C@H](NC(=O)[C@H](Cc1ccc(-c2ccccc2)cc1)CP(=O)(O)[C@H](C)N)C(=O)O,0.9034,85.1,Active,Active
757,COc1cc(Cc2cnc(N)nc2N)cc2c1NC(C)(CF)C=C2CF,0.9034,85.1,Active,Active
758,Cc1c(CN(C)C(=O)/C=C/c2cnc3c(c2)CC(N)C(=O)N3)oc2ccccc12,0.9034,85.1,Active,Active
759,C[C@H]1CN2c3c(cc4c(-c5snn[n+]5C)noc4c3F)CC3(C(=O)NC(=O)NC3=O)[C@@H]2[C@@H](C)O1,0.9034,85.1,Active,Active
760,C[C@H]1COc2c(C3(N)CC3)c(F)cc3c(=O)c(C(=O)O)cn1c23,0.9034,85.1,Active,Active
761,c1cc2cc(-c3ccc(-c4cc5ccc(C6=NCCCN6)cc5o4)s3)[nH]c2cc1C1=NCCCN1,0.9034,85.1,Active,Active
762,C[C@H]1COc2c(N3CCN(CC(=O)c4ccc(F)cc4)CC3)c(F)cc3c(=O)c(C(=O)O)cn1c23,0.9034,85.1,Active,Active
763,C[N+](C)(CCCC(=O)NCCOC1CCCCCc2c1nnn2CCNC(=O)CCC[N+](C)(C)C[C@H]1O[C@@H](n2cnc3c(N)ncnc32)[C@H](O)[C@@H]1O)C[C@H]1O[C@@H](n2cnc3c(N)ncnc32)[C@H](O)[C@@H]1O,0.9034,85.1,Active,Active
764,C[C@@H](O)[C@H](NC1CCCc2cc(C#Cc3ccccc3)ccc21)C(=O)NO,0.9034,85.1,Active,Active
765,Cc1[nH]c(C(=O)Nc2ccc3[nH]c(C(=O)O)cc3c2)c(Cl)c1Cl,0.9034,85.1,Active,Active
766,C[C@@H](O)[C@H](NC(=O)[C@@H]1CCCN1)C(=O)N[C@@H](CCC(=O)O)C(=O)N[C@H](CN[C@@H](Cc1ccccc1)C(=O)N[C@@H](CCCN=C(N)N)C(=O)N[C@@H](CCC(=O)O)C(=O)O)Cc1ccccc1,0.9034,85.1,Active,Active
767,NC(=O)C1=CN([C@@H]2O[C@H](COP(=O)(O)OP(=O)(O)OC[C@H]3O[C@@H](n4cnc5c(N)ncnc54)[C@H](O)[C@@H]3O)[C@@H](O)[C@H]2O)CC=C1,0.9034,85.1,Active,Active
768,Cn1cc(NC(=O)c2cc(NC(=O)c3cc(NC(=O)c4nsc(NCCCCN)c4Cl)cn3C)cn2C)cc1C(=O)NCCN1CCOCC1,0.9034,85.1,Active,Active
769,Cn1cc(-c2cc(CO)c3c(c2)C(O)(C(F)(F)F)c2ccccc2-3)cn1,0.9034,85.1,Active,Active
770,COc1ccc2nc(C)cc(-n3cc(CN4CCN(C(C)=O)CC4)nn3)c2c1,0.9034,85.1,Active,Active
771,Cc1nc(-c2ccc(C3SCCS3)cc2)ncc1C(=O)N[C@@H](CCN)C(=O)N(C)[C@@H]1C(=O)N[C@@H](C)C(=O)N[C@H](C(=O)NCC#N)Cc2ccc(OCCN)c(c2)-c2cc1ccc2OCCN,0.9034,85.1,Active,Active
772,CC(=O)N[C@@H]1[C@@H](O)[C@H](O[C@@H]2O[C@H](CO)[C@H](O)[C@H](O[C@]3(C(=O)O)C[C@H](O)[C@@H](NC(C)=O)[C@H]([C@H](O)[C@H](O)CO)O3)[C@H]2O)[C@@H](CO)O[C@H]1O,0.9034,85.1,Active,Active
773,COc1c(N2CCN(CCC#N)C(C)C2)c(F)cc2c(=O)c(C(=O)O)cn(C3CC3)c12,0.9034,85.1,Active,Inactive
774,NC(=O)/C=C/C1=C(C(=O)O)N2C(=O)/C(=C/c3ccccn3)[C@H]2S(=O)(=O)C1,0.9034,85.1,Active,Active
775,N=C(N)c1cccc(COc2cc(OCc3cccc(C(=N)N)c3)cc(C(=O)NC3CCC(N)CC3)c2)c1,0.9034,85.1,Active,Active
776,COc1c(N2C[C@@H](C)[C@H](C)C2)c(F)cc2c(=O)c(C(=O)O)cn(-c3ccc(O)cc3)c12,0.9034,85.1,Active,Active
777,NC(=O)C1CCCN1C(=O)c1ccc2c(c1)C(O)(C(F)(F)F)c1ccccc1-2,0.9034,85.1,Active,Active
778,CC(C)(C)C(O/N=C(\C(=O)N[C@@H]1C(=O)N2C(C(=O)O)=C(CS[C@H]3CC[C@@H](NC(=O)c4ccc(O)c(O)c4Cl)CC3)CS[C@H]12)c1csc(N)n1)C(=O)O,0.9034,85.1,Active,Active
779,NC(=O)CC[C@H](NC(=O)CCc1ccc(-c2cc(-c3ccccc3)cs2)cc1)C(=O)N[C@@H](CCC(=O)O)C(N)=O,0.9034,85.1,Active,Active
780,COc1ncc(-c2cc3c(cc2F)c(=O)c2c(=O)[nH]sc2n3C2CC2)c(OC)n1,0.9034,85.1,Active,Active
781,C[C@@H]1CN2c3c(cc4c(-c5cccnc5)noc4c3Cl)CC3(C(=O)NC(=O)NC3=O)[C@H]2[C@H](C)O1,0.8667,79.73,Active,Active
782,C[n+]1cc(Cc2ccccc2)c(N)nc1SCC1=C(C(=O)[O-])N2C(=O)C(NC(=O)/C(=N\OC(C)(C)C(=O)O)c3cnc(N)s3)C2SC1,0.8667,79.73,Active,Active
783,CC[C@H](C)[C@H](NC(=O)[C@H](CS)NC(=O)[C@@H](N)[C@@H](C)O)C(=O)N[C@@H](Cc1ccc(O)cc1)C(=O)N[C@@H](CC(N)=O)C(=O)N1CCC[C@H]1C(=O)N[C@@H](CC(C)C)C(=O)N[C@@H](Cc1ccccc1)C(=O)NCC(=O)N[C@@H](CO)C(=O)O,0.8667,79.73,Active,Active
784,O=C1c2ccc(Nc3ccc(F)cc3F)cc2CCc2ccc(OC[C@H](O)CO)cc21,0.8667,79.73,Active,Active
785,C[N+](C)(CC[C@H](N)C(=O)NCc1ccccc1)C[C@H]1O[C@@H](n2cnc3c(N)ncnc32)[C@H](O)[C@@H]1O,0.8667,79.73,Active,Active
786,N#C/C=C/C1=C(C(=O)O)N2C(=O)/C(=C/c3ccccn3)C2S(=O)(=O)C1,0.8667,79.73,Active,Active
787,O=C1COc2ccc(N3C(=O)O[C@H]4C[C@@H](NCCCn5c(=O)cnc6ccc(F)cc65)CC[C@@H]43)nc2N1,0.8667,79.73,Active,Active
788,Cn1cc(NC(=O)c2cc(NC(=O)c3cc(NC(=O)c4nsc(NCCN5CCOCC5)c4Cl)cn3C)cn2C)cc1C(=O)NCCN1CCOCC1,0.8667,79.73,Active,Active
789,O=c1[nH]c(=O)n([C@@H]2O[C@H](COP(=O)(O)OP(=O)(O)O[C@H]3O[C@H](CO)[C@H](O)[C@H](O)[C@H]3O)[C@@H](O)[C@H]2O)cc1C1CCC(CO)S1,0.8667,79.73,Active,Active
790,O[C@@H]1[C@H](O)[C@H](Cc2ccccc2)NC[C@H]1O,0.8667,79.73,Active,Active
791,CC1CC1n1cc(C(=O)O)c(=O)c2cc(F)c(N3CCNCC3)cc21,0.8667,79.73,Active,Active
792,CNC(=O)c1noc2c(Cl)c3c(nc12)CC1(C(=O)NC(=O)NC1=O)[C@H]1[C@H](C)O[C@H](C)CN31,0.8667,79.73,Active,Active
793,CC[C@H](C)[C@H](NC(=O)[C@H](CC(C)C)NC(=O)[C@@H](N)CCC(N)=O)C(=O)N[C@@H](CC(N)=O)C(=O)N[C@H](C(=O)N[C@@H](CC(N)=O)C(=O)NCC(=O)N[C@@H](CO)C(=O)N[C@@H](Cc1c[nH]c2ccccc12)C(=O)N[C@@H](Cc1cnc[nH]1)C(=O)N[C@H](C(=O)N[C@@H](CC(N)=O)C(=O)O)C(C)C)[C@@H](C)O,0.8667,79.73,Active,Active
794,Cc1nc(C2CCC3(CC2)CC3)ncc1C(=O)N[C@@H](CCN)C(=O)N(C)[C@@H]1C(=O)N[C@@H](C)C(=O)N[C@H](C(=O)NCC#N)Cc2ccc(OCCN)c(c2)-c2cc1ccc2OCCN,0.8667,79.73,Active,Active
795,CC(=O)N[C@@H]1[C@@H](O[C@@H]2O[C@@H](C)[C@@H](O)[C@@H](O)[C@@H]2O)[C@H](O[C@@H]2O[C@H](CO)[C@H](O)[C@H](O)[C@H]2O[C@@H]2O[C@@H](C)[C@@H](O)[C@@H](O)[C@@H]2O)[C@@H](CO)O[C@H]1O,0.8667,79.73,Active,Active
796,CO/N=C(/C(=O)N[C@@H]1C(=O)N2C(C(=O)[O-])=C(C[n+]3cccc(-c4cc(N)n(C)n4)c3)CS[C@H]12)c1csc(N)n1,0.8667,79.73,Active,Active
797,NC(=O)/C=C/C1=C(C(=O)O)N2C(=O)/C(=C/c3ccccn3)C2S(=O)(=O)C1,0.8667,79.73,Active,Active
798,CN(C(=O)CC[C@@H](C1CCCCC1)N1Cc2cc(Oc3ccccc3)ccc2N=C1N)C1CCCCC1,0.8667,79.73,Active,Active
799,C[C@@H](O)[C@H]1C(=O)N2C(C(=O)O)=C(c3cn4cnc(C(=O)c5ccncc5)c4s3)[C@H](C)[C@H]12,0.8667,79.73,Active,Active
800,OC[C@H]1O[C@H](O[C@H]2[C@@H](O)[C@@H](CO)O[C@@H](O[C@H]3[C@H](O)[C@@H](O)[C@H](O)O[C@@H]3CO)[C@@H]2O)[C@H](O)[C@@H](O)[C@H]1O,0.8667,79.73,Active,Active
801,CO/N=C(/C(=O)N[C@@H]1C(=O)N2C(C(=O)[O-])=C(C[n+]3cccc(-c4cc(N)[nH]n4)c3)CS[C@H]12)c1csc(N)n1,0.8667,79.73,Active,Active
802,COc1c(N2CCN(CC#N)C(C)C2)c(F)cc2c(=O)c(C(=O)O)cn(C3CC3)c12,0.8667,79.73,Active,Active
803,Cc1c(F)c(N2CC[C@H](N)C2)nc2c1c(=O)c(C(=O)O)cn2-c1ccc(F)cc1,0.8667,79.73,Active,Active
804,O=C(NC1CCCNCC1)[C@@H]1CCC2CN1C(=O)N2OS(=O)(=O)O,0.8667,79.73,Active,Active
805,Nc1nc2ccc(C[C@@H](C(=O)O)c3ccc(C(=O)N[C@@H](CCC(=O)O)C(=O)O)cc3)cc2c(=O)[nH]1,0.8667,79.73,Active,Active
806,Nc1nc2ccc(C[C@H](C(=O)O)c3ccc(C(=O)N[C@@H](CCC(=O)O)C(=O)O)cc3)cc2c(=O)[nH]1,0.8667,79.73,Active,Active
807,COc1c(-c2cc3n(c2)CCN[C@H]3C)c(F)cc2c1N(C1CC1)CC(C(=O)O)C2=O,0.8667,79.73,Active,Active
808,Cc1c(N2CC(N)C2)c(F)cc2c(=O)c(C(=O)O)cn(-c3nc(N)c(F)cc3F)c12,0.8667,79.73,Active,Active
809,O=C(O)/C=C/C1=C(C(=O)O)N2C(=O)/C(=C/c3ccccn3)C2S(=O)(=O)C1,0.8667,79.73,Active,Active
810,O=C(N[C@@H]1CCCNCC1)[C@@H]1CC[C@@H]2CN1C(=O)N2OS(=O)(=O)O,0.8636,79.3,Active,Active
811,Cc1cn([C@@H]2O[C@H](COP(=O)(O)O)[C@@H](O)[C@@H]2O)c(=O)nc1N,0.8636,79.3,Active,Inactive
812,CSCC[C@H](NC(=O)[C@H](Cc1c[nH]c2ccccc12)NC(=O)[C@@H]1CCCN1C(=O)[C@H](C)NC(=O)[C@H](CCC(N)=O)NC(=O)[C@@H]1CCCN1C(=O)[C@@H](N)CCC(=O)O)C(=O)N[C@@H](CCC(=O)O)C(=O)O,0.8636,79.3,Active,Active
813,CC(C)C(=O)c1c2c(c(OCc3c(F)c(F)c(F)c(F)c3F)c3c1OC1=C(C(=O)C(C)(C)C(=O)C1(C)C)[C@@H]3C(C)C)[C@H](C(C)C)C1=C(O2)C(C)(C)C(=O)C(C)(C)C1=O,0.8636,79.3,Active,Active
814,CCOC(=O)C(C#N)c1cc2c(cc1F)c(=O)c(C(=O)O)cn2C1CC1,0.8636,79.3,Active,Active
815,CC(C)C[C@H](NC(=O)[C@@H]1CCCN1C(=O)[C@H](CO)NC(=O)[C@H](Cc1ccc(O)cc1)NC(=O)[C@@H](NC(=O)[C@H](Cc1c[nH]c2ccccc12)NC(=O)[C@@H](N)CO)C(C)C)C(=O)N[C@@H](Cc1cnc[nH]1)C(=O)N[C@@H](Cc1ccc(O)cc1)C(=O)N[C@@H](CO)C(=O)N[C@@H](C)C(=O)O,0.8583,78.53,Active,Active
816,O=c1[nH]cnc2c1ncn2[C@@H]1O[C@H](CO)[C@@H](O)[C@H]1O,0.8583,78.53,Active,Active
817,O=C(O)c1cn(C2CC2)c2c(F)c(N3CCN(O)CC3)c(F)cc2c1=O,0.8583,78.53,Active,Active
818,O=CN(O)C[C@@H](CC1CCCC1)C(=O)N1CCCN1C(=O)Nc1ccccc1,0.8583,78.53,Active,Active
819,C[C@@H](O)[C@H](NC1CCN(C)c2cc(C#Cc3ccccc3)ccc21)C(=O)NO,0.8583,78.53,Active,Active
820,CC(C)CN(C[C@@H](O)[C@H](Cc1ccccc1)NC(=O)[C@@H]1CN(c2cccc(C(F)(F)F)c2)C(=O)O1)S(=O)(=O)c1ccc2c(c1)OCO2,0.8583,78.53,Active,Active
821,CC(C)[C@H](NC(=O)[C@H](Cc1cccc2ccccc12)CS(=O)(=O)C(C)(C)C)C(=O)N[C@@H](Cc1ccccc1)[C@@H](O)[C@H](O)[C@H](Cc1ccccc1)NC(=O)[C@@H](NC(=O)[C@H](Cc1cccc2ccccc12)CS(=O)(=O)C(C)(C)C)C(C)C,0.8583,78.53,Active,Active
822,C=CC(O)[C@H]1C(=O)N2C(C(=O)O)=C(SCc3ccccn3)[C@H](C)[C@H]12,0.8583,78.53,Active,Active
823,CC(C)C[C@H](NC(=O)[C@H](CCCN=C(N)N)NC(=O)[C@@H](NC(=O)[C@@H](NC(=O)[C@@H]1CCCN1C(=O)[C@H](Cc1c[nH]c2ccccc12)NC(=O)[C@H](CCCN=C(N)N)NC(=O)[C@@H](N)CO)[C@@H](C)O)[C@@H](C)O)C(=O)O,0.8583,78.53,Active,Active
824,COc1c(N2C[C@H]3CCCN(C(=O)c4ccc(Cl)cc4)[C@H]3C2)c(F)cc2c(=O)c(C(=O)O)cn(C3CC3)c12,0.8583,78.53,Active,Active
825,OC1(C(F)(F)F)c2ccccc2-c2c(Cl)cc(-c3ccncc3)cc21,0.8583,78.53,Active,Active
826,O=C(O)C1=C(/C=C/c2ccccn2)CS(=O)(=O)[C@@H]2/C(=C\c3ccccn3)C(=O)N12,0.8583,78.53,Active,Active
827,CC[C@H](C)[C@H](NC(=O)[C@@H](N)CC(=O)O)C(=O)N1CCC[C@H]1C(=O)N[C@@H](Cc1ccccc1)C(=O)O,0.8583,78.53,Active,Active
828,C[C@H]1NCCn2cc(-c3ccc4c(c3OC(F)F)N(C3CC3)CC(C(=O)O)C4=O)cc21,0.8583,78.53,Active,Active
829,C[C@@H](O)[C@H]1C(=O)N2C(C(=O)O)=C(c3cn4cnc(C(=O)c5cn(C)c6ccccc56)c4s3)[C@H](C)[C@H]12,0.8583,78.53,Active,Active
830,CNn1cc(C(=O)O)c(=O)c2cc(F)c(N3CCSCC3)cc21,0.8583,78.53,Active,Active
831,CN(C)c1cc(NC(=O)CCC2CCCC2)c(O)c2c1CC1CC3[C@H](N(C)C)C(=O)C(C(N)=O)=C(O)[C@@]3(O)C(=O)C1=C2O,0.8583,78.53,Active,Inactive
832,Nc1ccn([C@H]2C[C@H](O)[C@@H](COP(=O)(O)O)O2)c(=O)n1,0.8583,78.53,Active,Active
833,C[C@@H]1NCCn2cc(-c3ccc4c(c3OC(F)F)N(C3CC3)CC(C(=O)O)C4=O)cc21,0.8583,78.53,Active,Active
834,CC(C)C[C@H](NC(=O)[C@H](Cc1ccccc1)NC(=O)c1cnccn1)B(O)O,0.8583,78.53,Active,Active
835,C[C@H]1Cn2cc(-c3ccc4c(c3OC(F)F)N(C3CC3)CC(C(=O)O)C4=O)cc2CN1,0.8583,78.53,Active,Active
836,O=C(O)C1CCCN1C(=O)c1ccc2c(c1)C(O)(C(F)(F)F)c1ccccc1-2,0.8583,78.53,Active,Inactive
837,O=C(c1ccc2c(c1)C(O)(C(F)(F)F)c1ccccc1-2)N1CCCC1,0.8524,77.69,Active,Active
838,NC(=O)[C@H](CCC(=O)O)NC(=O)[C@H](CCC(=O)O)NC(=O)CCc1ccc(-c2cc(-c3ccccc3)cs2)cc1,0.8524,77.69,Active,Active
839,CC(C)(C)NC(=O)[C@@H]1CCCCN1C[C@@H](O)[C@@H]1Cc2ccc(cc2)OCCCC(=O)N[C@@H](CC(N)=O)C(=O)N1,0.8524,77.69,Active,Active
840,NS(=O)(=O)O[C@@H]1CCN(S(=O)(=O)[C@@H]2O[C@@H](CO)[C@@H](O)[C@H](O)[C@@H]2O)C1,0.8524,77.69,Active,Active
841,C[C@@H]1CN2c3c(cc4c(-n5nccn5)noc4c3F)CC3(C(=O)NC(=O)NC3=O)[C@H]2[C@H](C)O1,0.8524,77.69,Active,Active
842,COC(=O)C1CCCN1C(=O)c1ccc2c(c1)C(O)(C(F)(F)F)c1ccccc1-2,0.8524,77.69,Active,Active
843,Cc1[nH]c(C(=O)Nc2ccc(-c3nnn[nH]3)cc2N2CCCC(CNC(=O)OC(C)(C)C)C2)c(Cl)c1Cl,0.8524,77.69,Active,Active
844,CC(O)[C@H]1C(=O)N2C(C(=O)O)=C(SCc3nccn3C)[C@H](C)C12,0.8524,77.69,Active,Active
845,CC(C)C[C@H](NC(=O)[C@H](Cc1ccccc1)NC(=O)[C@H](CC(=O)O)NC(=O)[C@H](Cc1c[nH]c2ccccc12)NC(=O)[C@@H](N)CC(=O)O)C(=O)N1CCC[C@H]1C(=O)N1CCC[C@H]1C(N)=O,0.8524,77.69,Active,Active
846,CCOC(=O)N1CCc2c(oc3cc(/C=C4/C(=O)N5C(C(=O)O)=CS[C@H]45)nn23)C1,0.8524,77.69,Active,Inactive
847,CN1CCC(C2Oc3cc(Cl)ccc3Sc3ccccc32)CC1,0.8524,77.69,Active,Active
848,Cc1c(N2CC(NC(C)(C)C)C2)c(F)cc2c(=O)c(C(=O)O)cn(-c3nc(N)c(F)cc3F)c12,0.8524,77.69,Active,Active
849,O=C(COc1ccc2c(c1)C(O)(C(F)(F)F)c1ccccc1-2)N1CCOCC1,0.8524,77.69,Active,Active
850,CN(c1cc(C(=O)N[C@@H](Cc2ccccc2)[C@H](O)CNC2CC2)cc(C(=O)c2ccccc2)c1)S(C)(=O)=O,0.8524,77.69,Active,Active
851,O=C(NC/C=C/[C@H]1O[C@@H](n2cnc3cncnc32)[C@H](O)[C@@H]1O)c1cc([N+](=O)[O-])cc(O)c1O,0.8524,77.69,Active,Active
852,OCC1(n2cc(-c3cc(F)cc4c3-c3ccccc3C4(O)C(F)(F)F)cn2)CCCC1,0.8524,77.69,Active,Active
853,CC(=O)N[C@@H]1[C@@H](O[C@H]2O[C@H](CO)[C@H](O[C@H]3O[C@H](CO[C@@H]4O[C@@H](C)[C@H](O)[C@@H](O)[C@H]4O)[C@@H](O)[C@H](O)[C@H]3O)[C@H](O[C@@H]3O[C@H](CO)[C@@H](O)[C@H](O)[C@H]3NC(C)=O)[C@H]2O)[C@H](O)[C@@H](CO[C@H]2O[C@H](CO)[C@@H](O)[C@H](O)[C@H]2O)O[C@@H]1O,0.8524,77.69,Active,Active
854,CC(=O)N[C@@H]1[C@@H](O[C@H]2O[C@H](CO)[C@H](O[C@H]3O[C@H](CO[C@@H]4O[C@@H](C)[C@H](O)[C@@H](O)[C@H]4O)[C@@H](O)[C@H](O)[C@H]3O)[C@H](O[C@@H]3O[C@H](CO)[C@@H](O)[C@H](O)[C@H]3NC(C)=O)[C@H]2O)[C@H](O)[C@@H](CO[C@H]2O[C@H](CO)[C@@H](O)[C@H](O)[C@H]2O)O[C@H]1O,0.8524,77.69,Active,Active
855,CNn1cc(C(=O)O)c(=O)c2cc(F)c(-c3cc(C)nc(C)c3)cc21,0.8524,77.69,Active,Active
856,COc1c(-c2cc3n(c2)C[C@H](C)N[C@@H]3C)c(F)cc2c1N(C1CC1)CC(C(=O)O)C2=O,0.8524,77.69,Active,Active
857,CN[C@H](C(=O)N[C@@H](CNC(=O)CCn1cnc2cc(Cl)c(F)cc2c1=O)c1cccc(-c2ccccc2)c1)[C@@H](C)O,0.8524,77.69,Active,Inactive
858,Cn1cc(NC(=O)c2cc(NC(=O)c3cc(NC(=O)c4nsc(NCCCO)c4Cl)cn3C)cn2C)cc1C(=O)NCCN1CCOCC1,0.8524,77.69,Active,Active
859,CCN1CCN(C(=O)NC(C(=O)NC2C(=O)N3C(C(=O)O)=C(CSc4nnnn4C)COC23)c2ccc(OC(N)=O)cc2)C(=O)C1=O,0.8524,77.69,Active,Active
860,CC1(OC(=O)c2ccco2)C(=O)C=C2C=C(c3ccsc3)OC=C2C1=O,0.8524,77.69,Active,Inactive
861,O=c1[nH]c(Cl)c(CCCCOP(=O)(O)O)c(=O)[nH]1,0.8524,77.69,Active,Active
862,Cn1cc(-c2cc(CCO)c3c(c2)C(O)(C(F)(F)F)c2ccccc2-3)cn1,0.8524,77.69,Active,Active
863,Cn1cc(-c2cc(C#CCO)c3c(c2)C(O)(C(F)(F)F)c2ccccc2-3)cn1,0.8524,77.69,Active,Active
864,CNCCc1c(C(=O)Nc2ccc(C(=O)O)cc2)c(=O)[nH]c2c(NC)cc(F)cc12,0.8524,77.69,Active,Active
865,CC1CCC(C(C)C)C(OC(=O)C[n+]2cc(-c3ccc(Cl)cc3)n3c2CCC3)C1,0.8524,77.69,Active,Active
866,N=C(N)NCCNC(=O)/C=C/C1=C(C(=O)O)N2C(=O)/C(=C/c3ccccn3)[C@H]2S(=O)(=O)C1,0.8524,77.69,Active,Active
867,CO/N=C(\C(=O)N[C@@H]1C(=O)N2C(C(=O)[O-])=C(C[n+]3ccc4sccc4c3)CS[C@H]12)c1csc(N)n1,0.8524,77.69,Active,Active
868,CC1(C)N=C(N)N=C(N)N1c1ccc(CCCCc2ccc(S(=O)(=O)F)cc2Cl)c(Cl)c1,0.8524,77.69,Active,Active
869,CC1CN(c2c(F)cc3c(=O)c(C(=O)O)c4scc5n4c3c2OC5)CCN1,0.8524,77.69,Active,Active
870,CC1CN(c2c(F)cc3c(=O)c(C(=O)O)cn(C4CC4)c3c2F)CCN1O,0.8524,77.69,Active,Active
871,COc1cccc(Sc2ccc3nc(N)nc(N)c3c2)c1,0.8524,77.69,Active,Active
872,CCNC(=O)c1noc2c(Cl)c3c(nc12)CC1(C(=O)NC(=O)NC1=O)[C@H]1[C@H](C)O[C@H](C)CN31,0.8524,77.69,Active,Active
873,CC(C)C[C@H](NC(=O)[C@@H]1CCCN1C(=O)CNC(=O)[C@@H]1CCCN1)C(=O)N1CCC[C@H]1C(=O)N[C@@H](C)C(=O)O,0.8524,77.69,Active,Active
874,O=C(Nc1ccc2c(c1)CCN2)[C@@H]1CC[C@@H]2CN1C(=O)N2OS(=O)(=O)O,0.8524,77.69,Active,Active
875,O=C(O)c1cn(C2CC2)c2c([N+](=O)[O-])c(N3CCNCC3)c(F)cc2c1=O,0.8524,77.69,Active,Active
876,CS(=O)(=O)c1ccccc1-c1ccc(N2CC[C@H](NS(=O)(=O)/C=C/c3ccc(Cl)s3)C2=O)c(F)c1,0.8524,77.69,Active,Active
877,CC(C)(C)C(=O)N1CCN(c2cc3c(cc2F)c(=O)c(C(=O)O)cn3C2CC2)CC1,0.8524,77.69,Active,Inactive
878,O=C(NC[C@H]1CNCCCO1)[C@@H]1CC[C@@H]2CN1C(=O)N2OS(=O)(=O)O,0.8524,77.69,Active,Active
879,CCOCCCNc1snc(C(=O)Nc2cc(C(=O)Nc3cc(C(=O)Nc4cc(C(=O)NCCN5CCOCC5)n(C)c4)n(C)c3)n(C)c2)c1Cl,0.8524,77.69,Active,Active
880,O=C(NC[C@@H]1CNCCCO1)[C@@H]1CC[C@@H]2CN1C(=O)N2OS(=O)(=O)O,0.8524,77.69,Active,Active
881,CC(=O)N[C@H]1[C@H]([C@H](O)[C@H](O)CO)O[C@@](O[C@@H]2[C@@H](O)[C@H](O)O[C@H](CO)[C@@H]2O)(C(=O)O)C[C@@H]1O,0.8524,77.69,Active,Active
882,C[C@@H]1N[C@H](CNC(=O)c2cc3ccccc3[nH]2)[C@@H](O)[C@H](O)[C@@H]1O,0.8524,77.69,Active,Active
883,CC(=O)N[C@@H](Cc1cccc2ccccc12)C(=O)N[C@H](C(=O)N[C@@H](CC(C)C)[C@@H](O)CC(=O)N[C@@H](CCC(=O)O)C(=O)N[C@@H](Cc1cccc2ccccc12)C(N)=O)C(C)C,0.8524,77.69,Active,Active
884,Cc1cccc(Sc2ccc3nc(N)nc(N)c3c2)c1,0.8524,77.69,Active,Active
885,O[P+](O)(O)O[C@@H]1C(OCc2ccccc2)[C@H](O[P+](O)(O)O)[C@@H](O[P+](O)(O)O)C(OCc2ccccc2)[C@H]1O[P+](O)(O)O,0.8524,77.69,Active,Active
886,C[C@H]1COc2c(N3CCN(CC(=O)c4ccc(Br)cc4)CC3)c(F)cc3c(=O)c(C(=O)O)cn1c23,0.8524,77.69,Active,Active
887,CCn1cc(C(=O)O)c(=O)c2c(N)c(F)c(N3CC(C)(N)C3)c(F)c21,0.8524,77.69,Active,Active
888,CCn1cc(C(=O)O)c(=O)c2c(F)c(F)c(N3CCSCC3)c(F)c21,0.8524,77.69,Active,Active
889,Cc1ccc(S(=O)(=O)N2C=Cc3cc(C)sc3B2O)c(Cl)c1,0.8524,77.69,Active,Active
890,NS(=O)(=O)c1ccc2c(c1)CNCC2,0.8524,77.69,Active,Active
891,O=C(/C=C/C1=C(C(=O)O)N2C(=O)/C(=C/c3ccccn3)[C@H]2S(=O)(=O)C1)NCCO,0.8524,77.69,Active,Active
892,C[C@H]1CN2c3c(cc4c(-c5cccnn5)noc4c3F)CC3(C(=O)NC(=O)NC3=O)[C@@H]2[C@@H](C)O1,0.8524,77.69,Active,Active
893,NCC1CCC(C(=O)N[C@@H](Cc2ccccc2)c2nc(-c3ccc4c(N)n[nH]c4c3)c(Cl)[nH]2)CC1,0.8524,77.69,Active,Active
894,COc1cc(Cc2cnc(N)nc2N)cc(OC)c1OCCN1C(=O)c2ccccc2C1=O,0.8524,77.69,Active,Active
895,CCCCCCc1ccc(-c2ccc(C(=O)N[C@@H](CCCN)C(=O)N[C@H](C(=O)N[C@@H](C)C(=O)N[C@@H](CC(N)=O)C(=O)N[C@@H](C)B(O)O)[C@@H](C)O)cc2)cc1,0.8524,77.69,Active,Active
896,O=CN(O)C[C@@H](CC1CCCC1)C(=O)N1CCCN1C(=O)Nc1ccc(F)cc1,0.8524,77.69,Active,Active
897,CCn1cc(C(=O)O)c(=O)c2cc(F)c(N3CCSCC3)cc21,0.8524,77.69,Active,Active
898,CC(C)[C@H](NC(=O)[C@@H]1CCCN1C(=O)[C@@H](N)Cc1cnc[nH]1)C(=O)NCC(=O)N[C@@H](CC(=O)O)C(=O)N[C@@H](C)C(=O)N[C@@H](CC(=O)O)C(=O)N[C@@H](Cc1ccc(O)cc1)C(=O)N[C@@H](Cc1ccccc1)C(=O)N[C@@H](CCC(=O)O)C(=O)N[C@@H](Cc1ccc(O)cc1)C(=O)O,0.8524,77.69,Active,Active
899,Nc1nc(N)c2c(ccc3c2ccn3Cc2ccc(-c3ccccc3)cc2)n1,0.8524,77.69,Active,Active
900,CC(C)c1ccc(C[C@@H](C)C(=O)N[C@@H]2O[C@H](CO)[C@@H](O)[C@H](O)[C@H]2O)cc1,0.8524,77.69,Active,Active
901,CC(C)(O/N=C(\C(=O)N[C@@H]1C(=O)N2C(C(=O)O)=C(CCc3ccc(O)c(O)c3)CSC12)c1csc(N)n1)C(=O)O,0.8524,77.69,Active,Active
902,NCCSc1cc2c(cc1N)c(=O)c(C(=O)O)cn2C1CC1,0.8524,77.69,Active,Active
903,CCn1cc(C(=O)OCC2=C(C(=O)O)N3C(=O)[C@@H](NC(=O)/C(=N/OC)c4csc(N)n4)C3SC2)c(=O)c2cc(F)c(N3CCSCC3)cc21,0.8524,77.69,Active,Active
904,C[C@H]1O[C@H](O[C@H]2[C@H](O)[C@@H](O)[C@@H](O)O[C@@H]2CO)[C@H](O)[C@@H](O)[C@@H]1N[C@H]1C[C@H](CO)[C@@H](O[C@H]2O[C@H](CO)[C@@H](O[C@H]3O[C@H](CO)[C@@H](O)[C@H](O)[C@H]3O)[C@H](O)[C@H]2O)[C@H](O)[C@H]1O,0.8524,77.69,Active,Active
905,C[C@@](CCN1Cc2cc(C#Cc3ccc(C4(N)CC4)cc3)cn2C1=O)(C(=O)NO)S(C)(=O)=O,0.8524,77.69,Active,Active
906,Cc1c(F)c(N2CC3CC2CN3)nc2c1c(=O)c(C(=O)O)cn2-c1ccc(F)cc1F,0.8524,77.69,Active,Active
907,CC[C@H](C)[C@H](NC(=O)[C@H](Cc1cnc[nH]1)NC(=O)[C@H](Cc1c[nH]c2ccccc12)NC(=O)[C@H](CO)NC(=O)CNC(=O)[C@H](CC(N)=O)NC(=O)[C@@H](NC(=O)[C@H](CC(N)=O)NC(=O)[C@@H](NC(=O)[C@H](CC(C)C)NC(=O)[C@@H](N)CCC(N)=O)[C@@H](C)CC)[C@@H](C)O)C(=O)N[C@@H](CC(N)=O)C(=O)O,0.8524,77.69,Active,Active
908,Cc1c(-n2ccnc2)c(F)cn2c(=O)c(C(=O)O)cc(C3CC3)c12,0.8524,77.69,Active,Active
909,O=CN(O)C[C@@H](CC1CCCC1)C(=O)N1CCCCN1C(=O)Nc1ccc(F)cc1,0.8524,77.69,Active,Active
910,O=CN(O)C[C@@H](CC1CCCC1)C(=O)N1CCCCN1C(=O)Nc1ccccc1,0.8524,77.69,Active,Active
911,CCc1[nH]c2nc(Sc3ccc4ccc[n+]([O-])c4c3)nc(N3C[C@@H]4[C@@H](N)[C@@H]4C3)c2c1Cl,0.8524,77.69,Active,Active
912,CC(C)CN1CCN(c2cc3c(cc2F)c(=O)c(C(=O)O)cn3C2CC2)CC1,0.8524,77.69,Active,Active
913,CC[C@H]1OC(=O)[C@H](C)[C@H]2OC3(CCN(C(=O)c4ccoc4)CC3)O[C@](C)(C[C@@H](C)CN[C@H](C)[C@@H](O)[C@]1(C)O)[C@H](O[C@@H]1O[C@H](C)C[C@H](N(C)C)[C@H]1O)[C@H]2C,0.8524,77.69,Active,Active
914,CC(C)C(NC(=O)[C@H](Cc1cccc2ccccc12)CS(=O)(=O)C(C)(C)C)C(=O)N[C@@H](Cc1ccccc1)[C@@H](O)[C@H](O)[C@H](Cc1ccccc1)NC(=O)[C@@H](NC(=O)[C@@H](Cc1cccc2ccccc12)CS(=O)(=O)C(C)(C)C)C(C)C,0.8524,77.69,Active,Active
915,Nc1nc(/C(=N\OCCF)C(=O)N[C@@H]2C(=O)N3C(C(=O)O)=C(Sc4nc(C(=O)OCc5ccccc5)cs4)CC[C@H]23)cs1,0.8524,77.69,Active,Active
916,Cc1c(CSC2=C(C(=O)[O-])N3C(=O)[C@H](C(C)O)C3[C@H]2C)ccc[n+]1C,0.8524,77.69,Active,Active
917,CCCCN1CCN(c2cc3c(cc2F)c(=O)c(C(=O)O)cn3C2CC2)CC1,0.8524,77.69,Active,Active
918,N[C@@H]1C[C@H](N)CN(c2nc(Nc3ccc(NC(=O)c4cnc5ccccc5c4O)c(O)c3)nc(N3C[C@H](N)C[C@H](N)C3)n2)C1,0.8524,77.69,Active,Active
919,N[C@@H]1C[C@H](N)CN(c2nc(Nc3ccc(NC(=O)c4cnc5ccccc5c4O)c(Cl)c3)nc(N3C[C@H](N)C[C@H](N)C3)n2)C1,0.8524,77.69,Active,Active
920,Cc1c(F)c(N2CC3CCC2CN3)nc2c1c(=O)c(C(=O)O)cn2C1CC1,0.8524,77.69,Active,Active
921,Nc1nc(=O)n([C@@H]2O[C@H](COP(=O)(O)O)[C@@H](O)[C@H]2O)cc1O,0.836,75.37,Active,Active
922,C[C@H](O)c1nccn1Cc1cc(C#Cc2ccc(OCC(N)(CO)CO)cc2)on1,0.836,75.37,Active,Inactive
923,C[C@@](CCN1Cc2cc(C#Cc3ccc(C4(CO)CC4)cc3)cn2C1=O)(C(=O)NO)S(C)(=O)=O,0.836,75.37,Active,Active
924,O=C(NCc1ccc(Cn2c(C(F)(F)F)nc3ccccc32)s1)[C@H](O)[C@@H](O)C(=O)N1CCC[C@@H]1c1cccc(Cl)c1,0.836,75.37,Active,Active
925,CC(C)[C@H](NC(=O)[C@@H]1CCCN1C(=O)[C@@H](N)Cc1cnc[nH]1)C(=O)NCC(=O)N[C@@H](CCC(=O)O)C(=O)N[C@@H](C)C(=O)N[C@@H](CC(=O)O)C(=O)N[C@@H](Cc1ccc(O)cc1)C(=O)N[C@@H](Cc1ccccc1)C(=O)N[C@@H](CCC(=O)O)C(=O)N[C@@H](Cc1ccc(O)cc1)C(=O)O,0.836,75.37,Active,Active
926,Cc1cccc(Nc2nc(N[C@@H]3CCCC[C@@H]3N)ncc2C(N)=O)c1,0.836,75.37,Active,Active
927,CC(=O)c1cccc(N2C[C@@H](C(=O)N[C@@H](Cc3ccccc3)[C@H](O)CN(CC(C)C)S(=O)(=O)c3ccc4c(c3)OCO4)OC2=O)c1,0.836,75.37,Active,Active
928,CC1CCCN1C(=O)c1ccc2c(c1)C(O)(C(F)(F)F)c1ccccc1-2,0.836,75.37,Active,Active
929,COc1ccc2c(c1)CCNC2c1ccc(S(N)(=O)=O)cc1,0.836,75.37,Active,Active
930,COc1c(-c2cc3n(c2)C[C@@H](C)NC3)c(F)cc2c1N(C1CC1)CC(C(=O)O)C2=O,0.836,75.37,Active,Active
931,COc1c(-c2cc3n(c2)C[C@H](C)NC3)c(F)cc2c1N(C1CC1)CC(C(=O)O)C2=O,0.836,75.37,Active,Active
932,C[N+](C)(CCCC(=O)NCCCCCCNC(=O)CCC[N+](C)(C)C[C@H]1O[C@@H](n2cnc3c(N)ncnc32)[C@H](O)[C@@H]1O)C[C@H]1O[C@@H](n2cnc3c(N)ncnc32)[C@H](O)[C@@H]1O,0.836,75.37,Active,Active
933,CC(C)N1CCC(C(=O)Nc2c(OCCCO[C@@H]3O[C@H](CO)[C@@H](O)[C@H](O)[C@H]3O)cccc2OCc2cc(-c3ccc(Cl)s3)on2)CC1,0.836,75.37,Active,Active
934,C=C/C=C/C1=C(C(=O)O)N2C(=O)/C(=C/c3ccccn3)C2S(=O)(=O)C1,0.836,75.37,Active,Inactive
935,C[C@H](O)c1nccn1Cc1cc(-c2ccc(C#CC3(N)CC3)cc2)on1,0.836,75.37,Active,Active
936,CC(=O)N[C@@H]1[C@@H](O)[C@H](O[C@@H]2O[C@H](CO)[C@H](O)[C@H](O[C@H]3O[C@H](CO)[C@H](O)[C@H](O)[C@H]3O)[C@H]2O)[C@@H](CO)O[C@H]1O,0.836,75.37,Active,Active
937,C[C@@H](O)[C@H](NC(=O)[C@H](CO)NC(=O)[C@@H]1CCCN1C(=O)CNC(=O)[C@H](CCC(=O)O)NC(=O)CNC(=O)[C@@H]1CCCN1C(=O)[C@@H](N)CC(=O)O)C(=O)O,0.836,75.37,Active,Active
938,COc1c(N2C[C@H]3CCCN(C(=O)c4ccccc4)[C@H]3C2)c(F)cc2c(=O)c(C(=O)O)cn(C3CC3)c12,0.836,75.37,Active,Active
939,CCCCC1=CC2=CC(=O)C(C)(OC(=O)CCc3ccccc3)C(=O)C2=CO1,0.836,75.37,Active,Active
940,C=C[C@]1(C)C[C@@H](OC(=O)Cn2cc(-c3ccc(-n4cnc5c(N)ncnc54)cc3)nn2)[C@]2(C)[C@H](C)CC[C@]3(CCC(=O)[C@H]32)[C@@H](C)[C@@H]1O,0.836,75.37,Active,Active
941,CN1CCC2CN(c3nc4c(cc3F)c(=O)c(C(=O)O)cn4-c3ccc(O)cc3)CC21,0.836,75.37,Active,Active
942,Nc1cccc(CN2C(=O)N(Cc3cccc(N)c3)[C@H](Cc3ccccc3)[C@H](O)[C@@H](O)[C@H]2Cc2ccccc2)c1,0.836,75.37,Active,Active
943,NC(=O)[C@H](Cc1ccc([C@@H]2CC(=O)NS2(=O)=O)cc1)NC(=O)[C@H](Cc1ccccc1)NC(=O)c1ccccc1,0.836,75.37,Active,Active
944,NC(=O)c1ccc2c(=O)c(O)c(-c3cc(Cl)c(N)c(Cl)c3)[nH]c2c1,0.836,75.37,Active,Active
945,CCn1cc(C(=O)O)c(=O)c2cc(F)c(N3CCN(c4nc(NC(C)C)nc(NC(C)C)n4)CC3)c(F)c21,0.836,75.37,Active,Active
946,CC(=O)N[C@@H](C)C(=O)N[C@@H](Cc1ccccc1)[C@H](O)CN(Cc1cccs1)S(=O)(=O)c1cc(F)c(F)cc1F,0.836,75.37,Active,Active
947,Nc1nc(/C(=N/OC(C(=O)O)C2CCC2)C(=O)N[C@@H]2C(=O)N3C(C(=O)O)=C(CSCCNC(=O)c4ccc(O)c(O)c4Cl)CS[C@H]23)cs1,0.836,75.37,Active,Active
948,CC(C)(O)c1ccc(C#Cc2ccc3c(c2)CN(CC[C@](C)(C(=O)NO)S(C)(=O)=O)C3=O)cc1,0.836,75.37,Active,Active
949,C[C@@H](O)[C@@H](NC(=O)N1CCN(c2ccc(C#Cc3ccc(CN4CCOCC4)cc3)cc2)CC1)C(=O)NO,0.836,75.37,Active,Active
950,CCOc1cc([C@@H](Nc2ccc3cnccc3c2)C(=O)NS(=O)(=O)c2cccc(S(N)(=O)=O)c2)ccc1OC(C)C,0.814,72.32,Active,Active
951,COc1ccc(S(=O)(=O)N(CCO[C@@H]2O[C@H](CO)[C@@H](O)[C@H](O)[C@H]2O)CC(=O)NO)cc1,0.814,72.32,Active,Active
952,CCSc1c(C(=O)O)c(=O)c2cc(F)c(N3CCNCC3)c(OC)c2n1C1CC1,0.814,72.32,Active,Inactive
953,COc1ccc(Sc2ccc3nc(N)nc(N)c3c2)cc1,0.814,72.32,Active,Active
954,Cn1c2ccccc2n2cc(/C=C3/C(=O)N4C(C(=O)O)=CS[C@H]34)nc12,0.814,72.32,Active,Inactive
955,Clc1ccc2nc(-c3cnc4nc(-c5ccc(Br)cc5)c(Nc5ccccc5)n4c3)[nH]c2c1,0.814,72.32,Active,Active
956,O=C(O)c1c(=O)c2cc(F)c(N3CCOCC3)c3c2n2c(csc12)CO3,0.814,72.32,Active,Active
957,CN(C(=O)C[C@@H](N)CCCCN)C1CN=C(Nc2cccnc2)NC1=O,0.814,72.32,Active,Inactive
958,Nc1nc(/C(=N/OCCSc2nnc(-c3cc(O)c(O)cn3)o2)C(=O)N[C@@H]2C(=O)N3C(C(=O)O)=C(CSc4nc5ccccc5s4)CS[C@H]23)cs1,0.814,72.32,Active,Active
959,O=C(O)c1ccc(/C=N/OCc2ccc(-c3cccc(C(F)(F)P(=O)(O)O)c3)cc2)o1,0.814,72.32,Active,Active
960,Nc1ncc(-c2ccc(-c3ccccc3)cc2)n1C1CCCCCC1,0.814,72.32,Active,Active
961,C[C@@H]1N[C@@H](C#Cc2ccccc2)[C@H](O)[C@@H]1O,0.814,72.32,Active,Active
962,OC[C@H]1O[C@@H](n2cc(-c3cccc4ccccc34)nn2)[C@H](O)[C@@H](O)[C@@H]1O,0.814,72.32,Active,Active
963,C/C=C/C1=C(C(=O)O)N2C(=O)[C@@H](NC(=O)/C(=N\OCc3cc(=O)c(O)cn3O)c3csc(N)n3)[C@H]2SC1,0.814,72.32,Active,Inactive
964,O=C(O)c1cn(C2CC2)c2nc(-c3ccncc3)c(F)cc2c1=O,0.814,72.32,Active,Active
965,CC[C@H](C)[C@H](NC(=O)[C@H](CC(C)C)NC(=O)[C@@H]1CCCN1C(=O)[C@@H]1CCCN1C(=O)[C@@H]1CCCN1)C(=O)N1CCC[C@H]1C(=O)N1CCC[C@H]1C(=O)N1CCC[C@H]1C(=O)N1CCC[C@H]1C(=O)O,0.814,72.32,Active,Active
966,CCCC[C@H](N)[C@H](Cc1ccsc1)NC(=O)c1cc(NC[C@H]2C[C@@H]2C)nc(N(C)S(C)(=O)=O)c1,0.814,72.32,Active,Active
967,CNC1C/C(=N\OC)CN(c2nc3c(cc2F)c(=O)c(C(=O)O)cn3C2CC2)C1,0.814,72.32,Active,Active
968,O=C(NNC(=O)[C@@H]1CC[C@@H]2CN1C(=O)N2OS(=O)(=O)O)[C@@H]1CCNC1,0.814,72.32,Active,Active
969,O=C(O)[C@H]1/C(=C/CO)O[C@@H]2CC(=O)N21,0.814,72.32,Active,Active
970,Nc1ncnc2c1ncn2[C@@H]1O[C@H](CO[P+](O)(O)OCC=CCC[C@@H]2SC[C@@H]3NC(=O)N[C@@H]32)[C@@H](O)[C@H]1O,0.814,72.32,Active,Active
971,CCn1cc(C(=O)O)c(=O)c2cc(F)c(N3CCN(c4cc(C)nc(N5CCCCC5)n4)CC3)c(F)c21,0.814,72.32,Active,Active
972,O=C(Nc1nccs1)[C@@H]1CC[C@@H]2CN1C(=O)N2OS(=O)(=O)O,0.814,72.32,Active,Active
973,CCC/C(C(=O)O)=C1\O[C@@H]2CC(=O)N2C1C(=O)O,0.814,72.32,Active,Active
974,CCn1cc(C(=O)O)c(=O)c2cc(F)c(N3CCN(c4cc(C)nc(NCCN5CCOCC5)n4)CC3)c(F)c21,0.814,72.32,Active,Active
975,O=C(O)c1cn(C2CC2)c2cc(Br)c(F)cc2c1=O,0.814,72.32,Active,Active
976,CCOC(=O)C1CCN(c2ccc3c(c2)C(O)(C(F)(F)F)c2ccccc2-3)CC1,0.814,72.32,Active,Active
977,Cc1c(N2CCC3=C(C2)C(=O)CCS3)c(N)cc2c(=O)c(C(=O)O)cn(C3CC3)c12,0.814,72.32,Active,Active
978,Nc1nc(N)c2cc(Sc3ccc(F)cc3)ccc2n1,0.814,72.32,Active,Active
979,CN1CCC(C2Oc3ccccc3Sc3ccc(Cl)cc32)CC1,0.814,72.32,Active,Active
980,C/C(=C\C(=O)N[C@@H](Cc1ccccc1)[C@H](O)CN(Cc1cccs1)S(=O)(=O)c1cc(F)c(F)cc1F)C(F)(F)F,0.814,72.32,Active,Active
981,CCc1ccc(NC(=O)NNC(=O)c2cnc3c(C(F)(F)F)cccc3c2O)cc1,0.814,72.32,Active,Active
982,CCn1cc(C(=O)OCC2=C(C(=O)O)N3C(=O)[C@@H](NC(=O)/C(=N/OC)c4csc(N)n4)C3SC2)c(=O)c2cc(F)c(N3CCCC3)cc21,0.814,72.32,Active,Active
983,CC(=O)Nc1nc2ncc(CNc3ccc(S(=O)(=O)Nc4ccccn4)cc3)nc2c(=O)[nH]1,0.814,72.32,Active,Active
984,Nc1ncnc2c1ncn2[C@@H]1O[C@@H]2CO[P+](O)(O)O[C@H]3[C@@H](O)[C@H](n4cnc5c(N)ncnc54)O[C@@H]3CO[P+](O)(O)O[C@H]2[C@H]1O,0.814,72.32,Active,Active
985,CN1CC=C2C(C#N)=C(N)C(C#N)(C#N)[C@H](c3ccoc3)[C@H]2C1,0.814,72.32,Active,Active
986,COc1ccc2nc(C)cc(NC(=O)CN3CC(CN(C)C)OC3=O)c2c1,0.814,72.32,Active,Active
987,Nc1ccnc2c1ncn2[C@@H]1O[C@H](CO)[C@@H](O)[C@H]1O,0.814,72.32,Active,Active
988,O=C(O)C1=C(C(=O)O)N2C(=O)/C(=C/c3ccccn3)[C@H]2S(=O)(=O)C1,0.814,72.32,Active,Active
989,Cc1[nH]c(C(=O)Nc2ccc(C(=O)NS(C)(=O)=O)cc2N2CCOCC2)c(Cl)c1Cl,0.814,72.32,Active,Active
990,Nc1nc(N)c2cc(Sc3cc(Cl)cc(Cl)c3)ccc2n1,0.814,72.32,Active,Active
991,N=C(N)c1ccc([C@H]2[C@H]3C(=O)N(Cc4ccc(F)cc4)C(=O)[C@H]3[C@@H]3CCCN32)cc1,0.814,72.32,Active,Active
992,CC(C)[C@H](NC(=O)[C@H](C)NC(=O)OCc1ccccc1)C(=O)N[C@@H](Cc1ccccc1)[C@@H](O)[C@H](O)[C@H](Cc1ccccc1)NC(=O)[C@@H](NC(=O)[C@@H](C)NC(=O)OCc1ccccc1)C(C)C,0.814,72.32,Active,Active
993,CC(C)(C)[C@@H]1NC(=O)[C@@H](CN(O)C=O)CCCCCCCCNC1=O,0.814,72.32,Active,Active
994,O=P(O)(O)OCCCC1=CN=C2CC=C(F)C=C12,0.814,72.32,Active,Active
995,CC(C)(C)OC(=O)N[C@@H](Cc1ccccc1)[C@@H](O)C[C@@H](Cc1ccccc1)C(=O)N[C@@H](CCC(N)=O)C(=O)N[C@@H](Cc1ccccc1)C(N)=O,0.814,72.32,Active,Active
996,CC(C)(O)[C@@H](NC(=O)N1CCC(c2ccc(-c3ccccc3)cc2)CC1)C(=O)NO,0.814,72.32,Active,Active
997,COc1c(N2C[C@H]3CCCN(C(=O)c4ccc(F)cc4)[C@H]3C2)c(F)cc2c(=O)c(C(=O)O)cn(C3CC3)c12,0.814,72.32,Active,Active
998,NCCCC[C@H](NC(=O)[C@H](Cc1c[nH]c2ccccc12)NC(=O)[C@H](CO)NC(=O)[C@@H](N)CC(=O)O)C(=O)N[C@@H](CC(=O)O)C(=O)NCC(=O)N[C@@H](CS)C(=O)N[C@@H](Cc1ccc(O)cc1)C(=O)O,0.814,72.32,Active,Active
999,CC(C)Nc1nc(NC(C)C)nc(N2CCN(c3c(F)cc4c(=O)c(C(=O)O)cn(Cc5ccc(C(F)(F)F)cc5)c4c3F)CC2)n1,0.814,72.32,Active,Active
1000,COC(=O)CCCC1=CC2=CC(=O)C(C)(OC(=O)CCc3ccccc3)C(=O)C2=CO1,0.814,72.32,Active,Active
1001,CO/N=C(\C(=O)N[C@@H]1C(=O)N2C(C(=O)[O-])=C([n+]3cccc4c3CCCC4)CC[C@H]12)c1csc(N)n1,0.814,72.32,Active,Active
1002,COC1CN=C(c2ccc3cc(-c4ccc(-c5cc6ccc(C7=NCC(OC)CN7)cc6o5)cc4)[nH]c3c2)NC1,0.814,72.32,Active,Active
1003,NCc1cc(Cl)cc(Oc2c(Cl)ccc3c2nnn3Cc2[nH]nc3ncccc23)c1Cl,0.814,72.32,Active,Active
1004,CO/N=C(\C(=O)N[C@@H]1C(=O)N2C(C(=O)[O-])=C([n+]3ccccc3)CC[C@H]12)c1csc(N)n1,0.814,72.32,Active,Active
1005,CC(C)[C@H](NC(=O)[C@H](C)NC(=O)OCc1ccccc1)C(=O)N[C@@H](Cc1ccccc1)[C@@H](O)[C@H](O)[C@H](Cc1ccccc1)NC(=O)[C@@H](NC(=O)[C@H](C)NC(=O)OCc1ccccc1)C(C)C,0.814,72.32,Active,Active
1006,N[C@H]1Cc2ccccc2[C@@H]1NC(=O)C(=O)Nc1ccc(Cl)c(F)c1,0.814,72.32,Active,Active
1007,CC(C)[C@H](NC(=O)[C@H](C)N)C(=O)N1CCC[C@H]1C(=O)N[C@@H](Cc1c[nH]c2ccccc12)C(=O)O,0.814,72.32,Active,Active
1008,Nc1cc[n+]([C@@H]2O[C@H](CO)[C@@H](O)[C@H]2O)nc1[O-],0.814,72.32,Active,Inactive
1009,CC(C)C[C@H](N[C@@H](CCc1ccccc1)C(=O)O)C(=O)N[C@@H](Cc1c[nH]c2ccccc12)C(=O)O,0.814,72.32,Active,Active
1010,CC(=O)N1CCC[C@H]1C(=O)N[C@@H](Cc1c[nH]c2ccccc12)C(=O)N[C@@H](C)C(=O)N[C@H](C(=O)N[C@@H](CS)C(=O)N[C@@H](CC(=O)O)C(=O)N[C@@H](CO)C(N)=O)[C@@H](C)O,0.8056,71.16,Active,Active
1011,Cc1ccc(-c2ccc3ncc4c(c3n2)n(C2CCN(C(=O)[C@H](C)O)CC2)c(=O)n4C)cn1,0.8056,71.16,Active,Active
1012,O=C(O)C1=C(/C=C/[N+](=O)[O-])CS(=O)(=O)C2/C(=C\c3ccccn3)C(=O)N12,0.8056,71.16,Active,Active
1013,CC1(OC(=O)c2cnc3ccccc3n2)C(=O)C=C2C=C(C3CC3)OC=C2C1=O,0.8056,71.16,Active,Inactive
1014,O=Cc1cn(C2CC2)c2cc(N3CCNCC3)c(F)cc2c1=O,0.8056,71.16,Active,Active
1015,Cn1nnnc1SCC1=C(C(=O)O)N2C(=O)[C@@H](NC(=O)C(NC(=O)[C@H]3C[C@H]3C(=O)O)c3ccccc3)[C@H]2SC1,0.8056,71.16,Active,Active
1016,Nc1nc(/C(=N/OCc2cc(=O)c(O)cn2O)C(=O)N[C@@H]2C(=O)N3C(C(=O)O)=CCS[C@H]23)cs1,0.8056,71.16,Active,Active
1017,O=C1N(Cc2ccc(CO)cc2)[C@H](Cc2ccccc2)[C@H](O)[C@@H](O)[C@@H](Cc2ccccc2)N1Cc1ccc(CO)cc1,0.8056,71.16,Active,Active
1018,COc1c(N2C[C@H]3CCCN(C(=O)c4ccc(C)cc4)[C@H]3C2)c(F)cc2c(=O)c(C(=O)O)cn(C3CC3)c12,0.8056,71.16,Active,Active
1019,CC1CN(c2c(F)cc3c(=O)c(C(=O)O)cn(C4CC4)c3c2F)CC(C)N1O,0.8056,71.16,Active,Active
1020,CC(=O)NC[C@H]1CN(c2ccc(OC3CCCN(c4nc5c(cc4F)c(=O)c(C(=O)O)cn5C4CC4)CC3)c(F)c2)C(=O)O1,0.8056,71.16,Active,Active
1021,C=CCO[C@]1(C(=O)O)C[C@@H](O[C@]2(C(=O)O)C[C@@H](O)[C@@H](O)[C@@H]([C@H](O)CO)O2)[C@@H](O)[C@@H]([C@H](O)CO)O1,0.8056,71.16,Active,Active
1022,OC1(C(F)(F)F)c2ccccc2-c2ccc(-c3ccsc3)cc21,0.8056,71.16,Active,Active
1023,Nc1nc(/C(=N/O)C(=O)NC2C(=O)N3C(C(=O)O)=C(/C=C\c4csnn4)CSC23)cs1,0.8056,71.16,Active,Active
1024,N#Cc1cc[n+]([C@@H]2O[C@H](CO)[C@@H](O)[C@H]2O)nc1[O-],0.8056,71.16,Active,Active
1025,C/C(=C\S(=O)(=O)N[C@H]1CCN([C@@H](C)C(=O)N2CCOCC2)C1=O)c1ccc(Cl)s1,0.8056,71.16,Active,Active
1026,N=C(N)NCCCCCCCCN(CCCCCCCCNC(=N)NCC1CC1)C(=O)N(CCCCCCCCNC(=N)N)CCCCCCNC(=N)NCC1CC1,0.8056,71.16,Active,Active
1027,CC(O)[C@H]1C(=O)N2C(C(=O)O)=C(SCc3ccncc3)CC12,0.8056,71.16,Active,Active
1028,N=C(N)NCCCCCCCCN(CCCCCCCCNC(=N)NCC1CC1)C(=O)N(CCCCCCNC(=N)N)CCCCCCNC(=N)NCC1CC1,0.8056,71.16,Active,Active
1029,Nc1c(Cl)cc(-c2[nH]c3cc(C(=O)NCCO)ccc3c(=O)c2O)cc1Cl,0.8056,71.16,Active,Active
1030,O=C(O)CCNC(=O)[C@H]1CC[C@@H](NC(=O)c2cc(Br)c(Br)[nH]2)CC1,0.8056,71.16,Active,Inactive
1031,CC(=O)Nc1ccc(Sc2ccc3nc(N)nc(N)c3c2)cc1,0.8056,71.16,Active,Active
1032,Cn1ccnc1-c1cccc(Oc2nc(Oc3cc(C(=N)N)ccc3O)c(F)c(N3CCC[C@@H](C(=O)O)C3)c2F)c1,0.8056,71.16,Active,Active
1033,O=C(/C=C/C1=C(C(=O)O)N2C(=O)/C(=C/c3ccccn3)[C@H]2S(=O)(=O)C1)NO,0.8056,71.16,Active,Active
1034,Nc1cc2c(=O)c(C(=O)O)cn(C3CC3)c2cc1Cl,0.8056,71.16,Active,Active
1035,CO[C@@H]1[C@@H](OC(=O)c2ccc(C)[nH]2)[C@@H](O)[C@H](Oc2ccc3c(O)c(NC(=O)/C=C/c4ccccc4)c(=O)oc3c2C)OC1(C)C,0.8056,71.16,Active,Active
1036,N[C@@H](Cc1ccccc1)[C@H](O)CNS(=O)(=O)c1ccc2ccccc2c1,0.8056,71.16,Active,Active
1037,CSCC[C@H](NC(=O)CNC(=O)[C@H](Cc1cnc[nH]1)NC(=O)[C@H](C)N)C(=O)N[C@@H](CC(C)C)C(=O)N[C@@H](CCCCN)C(=O)N[C@@H](CC(C)C)C(=O)N[C@@H](Cc1ccc(O)cc1)C(=O)N[C@@H](Cc1ccc(O)cc1)C(=O)NCC(=O)N[C@@H](CC(C)C)C(=O)N[C@@H](CO)C(=O)O,0.8056,71.16,Active,Active
1038,C[C@H](O)c1nccn1Cc1cc(C#Cc2ccc(OC3CN(CCO)C3)cc2)on1,0.8056,71.16,Active,Active
1039,CCc1c(-c2ccc(N3CC4CCCNC4C3)cc2)[nH]c(=O)c(C(=O)O)c1O,0.8056,71.16,Active,Active
1040,CCn1cc(C(=O)O)c(=O)c2cc(F)c(N3CCN(Cc4nc5ccc(Cl)cc5[nH]4)CC3)cc21,0.8056,71.16,Active,Active
1041,CC1Sc2c(C(=O)O)c(=O)c3cc(F)c(N4CCN(c5ccccc5)CC4)cc3n21,0.8056,71.16,Active,Inactive
1042,Cc1ccc(C2=NO[C@@]3(C2)O[C@H](CO)[C@@H](O)[C@H](O)[C@H]3O)cc1,0.8056,71.16,Active,Active
1043,NC(=O)[C@H](CCC(=O)O)NC(=O)[C@H](CCC(=O)O)NC(=O)CCc1ccc(-c2ccccc2)cc1,0.797,70.0,Active,Active
1044,CO[C@@H]1O[C@H](CO)[C@H](O)[C@H](O[C@@H]2O[C@H](CO)[C@@H](O)[C@H](O)[C@H]2NC(C)=O)[C@H]1O,0.797,70.0,Active,Active
1045,COC(=O)/C(Cl)=C/C1=C(C(=O)O)N2C(=O)/C(=C/c3ccccn3)C2S(=O)(=O)C1,0.797,70.0,Active,Active
1046,COC(=O)Oc1cccc(C(=O)NCCCCCN(CC(=O)NC(C(=O)NC2C(=O)N3C2SC(C)(C)C3C(=O)O)c2ccccc2)C(=O)c2cccc(OC(=O)OC)c2OC(=O)OC)c1OC(=O)OC,0.797,70.0,Active,Active
1047,CN1CCN(c2cc3c4c(c2)c(=O)c(C(=O)O)cn4CCS3)CC1,0.797,70.0,Active,Inactive
1048,c1cc2cc(-c3ccc(-c4cc5ccc(C6=NCCCN6)cc5o4)cc3)[nH]c2cc1C1=NCCCN1,0.797,70.0,Active,Active
1049,C[C@@H](O/N=C(\C(=O)N[C@@H]1C(=O)N2[C@@H]1[S@@+]([O-])C[C@@H]1CC(=O)O[C@@]12C(=O)O)c1csc(N)n1)C(=O)O,0.797,70.0,Active,Active
1050,Nc1ncccc1NCc1cccc(-c2ccc3cc[nH]c3c2)c1,0.797,70.0,Active,Active
1051,OC1(C(F)(F)F)c2ccccc2-c2ccc(Oc3ccccc3)cc21,0.797,70.0,Active,Active
1052,c1cc2cc(-c3ccc(-c4cc5ccc(C6=NCCCN6)cc5[nH]4)nc3)[nH]c2cc1C1=NCCCN1,0.797,70.0,Active,Active
1053,CC(=O)N[C@@H]1[C@@H](O[C@@H]2O[C@H](CO)[C@H](O)[C@H](O)[C@H]2O)[C@@H](O)[C@H](CO)O[C@H]1O,0.797,70.0,Active,Active
1054,c1ccc2c(Cc3ccc(OCCN4CCCC4)cc3)c(-c3ccc(OCCN4CCCC4)cc3)sc2c1,0.797,70.0,Active,Active
1055,CO/N=C1\CN(c2nc3c(cc2F)c(=O)c(C(=O)O)cn3C2CC2)CCC1N,0.797,70.0,Active,Active
1056,Cc1ccc(Sc2ccc3nc(N)nc(N)c3c2)cc1,0.797,70.0,Active,Active
1057,NC1=NC[C@@H](Cc2ccc(O)cc2)N1CCCCC1CCCCC1,0.797,70.0,Active,Active
1058,O=C(CCN1CCN(c2cc3c(cc2F)c(=O)c(C(=O)O)cn3C2CC2)CC1)Nc1ccc(S(=O)(=O)Nc2ncccn2)cc1,0.797,70.0,Active,Active
1059,Cc1ccc(S(=O)(=O)N[C@@H](Cc2cccc(C(=N)N)c2)C(=O)N2CCCCC2)cc1,0.797,70.0,Active,Active
1060,O=C(O)C1=C(I)CS(=O)(=O)[C@@H]2/C(=C\c3ccccn3)C(=O)N12,0.797,70.0,Active,Active
1061,NC[C@@H]1O[C@H](O[C@H]2[C@@H](O)[C@H](O[C@@H]3[C@@H](O)[C@H](N)C[C@H](N)[C@H]3O[C@H]3O[C@H](CN)[C@@H](O)[C@H](O)[C@H]3N)O[C@@H]2C(=O)NCc2cn(Cc3cccc(CN4CCN(c5cc6c(cc5F)c(=O)c(C(=O)O)cn6C5CC5)CC4)c3)nn2)[C@H](N)[C@@H](O)[C@@H]1O,0.797,70.0,Active,Active
1062,NC(=O)c1cc2cc(Cc3ccccc3)c(C(F)(F)F)nc2nc1N,0.797,70.0,Active,Active
1063,CC(C)(C)Nc1nc(NC(C)(C)C)nc(N2CCN(c3c(F)cc4c(=O)c(C(=O)O)cn(Cc5ccc(C(F)(F)F)cc5)c4c3F)CC2)n1,0.797,70.0,Active,Active
1064,Nc1nc2nc(-c3ccccc3)cnc2c(=O)[nH]1,0.797,70.0,Active,Active
1065,COC(=O)CCN1CCN(c2c(F)cc3c(=O)c(C(=O)O)cn(C4CC4)c3c2OC)CC1C,0.797,70.0,Active,Inactive
1066,CCC/C(C(=O)O)=C1\O[C@@H]2CC(=O)N2C1C(=O)OC,0.797,70.0,Active,Active
1067,CC(C)(C)NC(=O)N1CCN(C(=O)N[C@H](C(=O)O)[C@H](C=O)CCCN=C(N)N)CC1,0.797,70.0,Active,Active
1068,CC(=O)N[C@H]1[C@@H](O[C@H](C)[C@H](N)C(=O)O)O[C@H](CO)[C@H](O)[C@@H]1O[C@@H]1O[C@H](CO)[C@H](O)[C@H](O)[C@H]1O,0.797,70.0,Active,Active
1069,Nc1nc(NCCCCCc2ccccc2)c(N=O)c(=O)[nH]1,0.797,70.0,Active,Active
1070,COC(=O)CN1CCN(c2c(F)cc3c(=O)c(C(=O)O)cn(C4CC4)c3c2OC)CC1C,0.797,70.0,Active,Inactive
1071,CN1CCN(c2c(F)cc3c(=O)c(C(=O)O)c4scc5n4c3c2OC5)CC1,0.797,70.0,Active,Active
1072,CCCO[C@]1(C(=O)O)C[C@@H](O[C@]2(C(=O)O)C[C@@H](O)[C@@H](O)[C@@H]([C@H](O)CO)O2)[C@@H](O)[C@@H]([C@H](O)CO)O1,0.797,70.0,Active,Active
1073,CN1CCN(c2ccc(Cc3cc4cnc(C=N)nc4n3C3CCCCC3)cc2)CC1,0.797,70.0,Active,Active
1074,Cc1ccc(S(=O)(=O)N[C@@H](Cc2ccc(C(=N)N)cc2)C(=O)N2CCCCC2)cc1,0.797,70.0,Active,Active
1075,CCCN(CCc1ccccc1)C(=O)[C@@H]1OC(C(=O)O)=C[C@H](N)[C@H]1NC(C)=O,0.797,70.0,Active,Active
1076,CN1CCN(c2c(F)cc3c(=O)c(C(=O)O)cn4c3c2OCN4C)CC1,0.797,70.0,Active,Active
1077,NC[C@@H]1O[C@H](O[C@H]2[C@@H](O)[C@H](O[C@@H]3[C@@H](O)[C@H](N)C[C@H](N)[C@H]3O[C@H]3O[C@H](CN)[C@@H](O)[C@H](O)[C@H]3N)O[C@@H]2C(=O)Nc2ccc(-c3cn(CCN4CCN(c5cc6c(cc5F)c(=O)c(C(=O)O)cn6C5CC5)CC4)nn3)cc2)[C@H](N)[C@@H](O)[C@@H]1O,0.797,70.0,Active,Active
1078,OC1(C(F)(F)F)c2ccccc2-c2c(-c3cccnc3)cc(Cl)cc21,0.797,70.0,Active,Active
1079,O=C(O)C1=C(Cl)CS(=O)(=O)[C@@H]2/C(=C\c3ccccn3)C(=O)N12,0.797,70.0,Active,Active
1080,O=C(O)C1=C(F)CS(=O)(=O)[C@@H]2/C(=C\c3ccccn3)C(=O)N12,0.797,70.0,Active,Active
1081,Nc1cc2c(=O)c(C(=O)O)cn(C3CC3)c2cc1N1CCC2=C(C1)C(=O)CCS2,0.797,70.0,Active,Inactive
1082,NS(=O)(=O)c1ccc(C(=O)NCc2cccc(F)c2F)cc1,0.797,70.0,Active,Active
1083,CO[C@@H]1C[C@H](C(=O)Nc2ccc(-n3ccccc3=O)cc2F)N(C(=O)Nc2ccc(Cl)cc2)C1,0.797,70.0,Active,Active
1084,C[N+](C)(C)CCCN1C(=O)[C@@H]2[C@H](C1=O)[C@H](c1coc(-c3ccc(Cl)s3)n1)N1CCC[C@@H]21,0.797,70.0,Active,Active
1085,CC[C@H](NC(=O)C[C@H](O)[C@H](CC(C)C)NC(=O)[C@@H](NC(=O)[C@H](Cc1cccc2ccccc12)NC(C)=O)C(C)C)C(=O)N[C@@H](Cc1cccc2ccccc12)C(N)=O,0.797,70.0,Active,Active
1086,CCn1cc(C(=O)O)c(=O)c2cc(F)c(N3CCN(c4nc(NC(C)(C)C)nc(NC(C)(C)C)n4)CC3)c(F)c21,0.797,70.0,Active,Active
1087,C/C=C1\O[C@@H]2CC(=O)N2[C@H]1C(=O)O,0.797,70.0,Active,Active
1088,COCCO[C@H](C[C@H](O)[C@H](COc1cc(F)cc(F)c1)NC(=O)c1cc(C(=O)N[C@H](C)c2ccccc2)cc(N(C)S(C)(=O)=O)c1)C(=O)N[C@H](C(=O)NCc1ccccc1)C(C)C,0.797,70.0,Active,Active
1089,CCn1cc(C(=O)O)c(=O)c2cc(F)c(N3CCN(c4cc(C)nc(NCCCN5CCOCC5)n4)CC3)c(F)c21,0.797,70.0,Active,Active
1090,NCC1OC(OC2C(N)CC(NC(=O)C3(O)CCNC3)C(OC3OC(CO)C(O)C(N)C3O)C2O)C(N)CC1O,0.797,70.0,Active,Active
1091,CCCCCCCCNCC(=O)N1CCC[C@H]1C(=O)N1CCC[C@H]1C(=O)N1CCC[C@H]1C(=O)N[C@@H](Cc1ccc(O)cc1)C(N)=O,0.797,70.0,Active,Active
1092,CCn1cc(C(=O)O)c(=O)c2cc(F)c(N3CCN(C4CCCC4)CC3)cc21,0.797,70.0,Active,Inactive
1093,CC[C@H]1OC(=O)[C@H](C)[C@H]2OC3(CCN(c4ccc(C(=O)OCc5ccccc5)cc4)CC3)O[C@](C)(C[C@@H](C)CN(C)[C@H](C)[C@@H](O)[C@]1(C)O)[C@H](O[C@@H]1O[C@H](C)CC(N(C)C)[C@H]1O)[C@H]2C,0.797,70.0,Active,Active
1094,CC(C)Oc1c(NC(=O)c2ccc(NC(=O)[C@@H]3CC(=O)CCN3C(=O)c3ccc(NC(=O)c4ccc(C#N)cc4)cc3)cc2)ccc(C(=O)Nc2ccc(C(=O)O)cc2)c1O,0.797,70.0,Active,Active
1095,CCc1[nH]c2nc(Oc3cnc4cccnc4c3)nc(N3C[C@@H]4[C@@H](N)[C@@H]4C3)c2c1Cl,0.797,70.0,Active,Active
1096,C=CC/C(C(=O)O)=C1\O[C@@H]2CC(=O)N2C1C(=O)OC,0.797,70.0,Active,Active
1097,COc1cc(N2CCC(N3CCN(C)CC3)CC2)ccc1Nc1ncc(Cl)c(Nc2ccccc2S(=O)(=O)C(C)C)n1,0.797,70.0,Active,Active
1098,CCCCCCCCn1c(-c2ccc(-c3ccc([N+](=O)[O-])cc3)cc2)c[n+]2cccnc12,0.797,70.0,Active,Active
1099,C[C@H](O)c1nccn1Cc1cc(-c2ccc(C#CC34CC(N)(C3)C4)cc2)no1,0.797,70.0,Active,Active
1100,C[C@H]1COc2c(N3CCN(CC(=O)c4ccccc4)CC3)c(F)cc3c(=O)c(C(=O)O)cn1c23,0.797,70.0,Active,Active
1101,C=C(OC1C=CC=C(C(=O)O)C1=O)C(=O)O,0.797,70.0,Active,Active
1102,COc1cc(Cc2cnc(N)nc2N)cc2c1NC(C)(CF)C(F)=C2C,0.797,70.0,Active,Active
1103,CCCCCN(CCCCC)Cc1cc(C(=O)O)ccc1NC(=O)c1cc2cc(F)cc(NC)c2[nH]c1=O,0.797,70.0,Active,Active
1104,C[C@H](O/N=C(\C(=O)N[C@@H]1C(=O)N2[C@@H]1[S@@+]([O-])C[C@@H]1CC(=O)O[C@@]12C(=O)O)c1csc(N)n1)C(=O)O,0.797,70.0,Active,Active
1105,COc1cc(Cc2cnc(N)nc2N)cc2c1N(CCOC(C)=O)C(C)(C)C=C2C,0.797,70.0,Active,Active
1106,Nc1nc(N)c2c(ccc3c2ccn3Cc2nc3ccccc3s2)n1,0.797,70.0,Active,Active
1107,CC(C)C(=O)c1c2c(c(OCc3ccc([N+](=O)[O-])cc3)c3c1OC1=C(C(=O)C(C)(C)C(=O)C1(C)C)[C@@H]3C(C)C)[C@H](C(C)C)C1=C(O2)C(C)(C)C(=O)C(C)(C)C1=O,0.797,70.0,Active,Active
1108,Nc1nc(N)c2cc(Sc3ccc(Br)cc3)ccc2n1,0.797,70.0,Active,Active
1109,Nc1nc(N)c2cc(Sc3ccc(Cl)cc3)ccc2n1,0.797,70.0,Active,Active
1110,CCc1cc2c(s1)B(O)N(S(=O)(=O)c1ccccc1Cl)C=C2,0.797,70.0,Active,Active
1111,COc1cc(Cc2cnc(N)nc2N)cc2c1N(C)C(C)(C)C=C2C,0.797,70.0,Active,Active
1112,Nc1nc(N)c2cc(Sc3ccc(O)cc3)ccc2n1,0.797,70.0,Active,Active
1113,Nc1nc(NCCCCc2ccccc2)c(N=O)c(=O)[nH]1,0.797,70.0,Active,Active
1114,O=CN1CCN(c2cc3c(cc2F)c(=O)ccn3C2CC2)CC1,0.797,70.0,Active,Inactive
1115,NC1NC(=O)c2[nH]cc(CN3C[C@H](CO)[C@@H](O)C3)c2N1,0.797,70.0,Active,Active
1116,OC[C@@H]1[C@@H](O)[C@H](O)[C@H]2[C@H](O)[C@@H](O[C@H]3O[C@H](CO)[C@@H](O)[C@H](O)[C@H]3O)CN21,0.797,70.0,Active,Active
1117,CCn1cc(C(=O)OCC2=C(C(=O)O)N3C(=O)[C@@H](NC(=O)/C(=N/OC)c4csc(N)n4)C3SC2)c(=O)c2ccc(C)nc21,0.797,70.0,Active,Active
1118,[O-]c1n[n+]([C@@H]2O[C@H](CO)[C@@H](O)[C@H]2O)ccc1S,0.797,70.0,Active,Inactive
1119,CN(C)c1cccc2c(S(=O)(=O)Oc3ccc(C[C@H](NS(=O)(=O)c4cc5nnoc5c5ccccc45)C(=O)O)cc3)cccc12,0.797,70.0,Active,Active
1120,OC[C@H]1OC(O[C@@H]2[C@@H](O)[C@H](O)O[C@H](CO)[C@H]2O)[C@H](O)[C@@H](O)[C@@H]1O,0.797,70.0,Active,Active
1121,CN(C)c1ccc(Sc2ccc3nc(N)nc(N)c3c2)cc1,0.797,70.0,Active,Active
1122,CN(C)c1ccc(O)c(C(=O)c2ccc(C(=O)N[C@@H]3CCCNC[C@H]3NC(=O)c3ccncc3)cc2)c1,0.797,70.0,Active,Active
1123,CN(C)c1ccc(Nc2c(Cl)c(Cl)c(C#N)c(Cl)c2C#N)c2nc[nH]c(=O)c12,0.797,70.0,Active,Active
1124,OC[C@H]1ONC[C@@H](O)[C@@H]1O,0.797,70.0,Active,Active
1125,NCCCNc1cc(-c2cc3ccc(C4=NCCCN4)cc3[nH]2)ccc1-c1cc2ccc(C3=NCCCN3)cc2o1,0.797,70.0,Active,Active
1126,OC[C@H]1O[C@@H](O[C@H]2[C@H](O)CNO[C@@H]2CO)[C@H](O)[C@@H](O)[C@@H]1O,0.797,70.0,Active,Active
1127,CC[C@H](C)[C@@H]1NC(=O)[C@@H]2CCCN2C(=O)[C@@H]2CCCN2C(=O)[C@H]([C@@H](C)CC)NC(=O)[C@H](CO)NC(=O)CN(CCCCN)C(=O)[C@H]([C@@H](C)O)NC(=O)[C@@H](NC(=O)[C@H](CCCNC(N)N)NC(=O)CN)CSSC[C@@H](C(=O)N[C@@H](Cc2ccccc2)C(=O)O)NC1=O,0.797,70.0,Active,Active
1128,Cc1[nH]c(C(=O)Nc2ccc(-c3nnn[nH]3)cc2N2CCCC(CN)C2)c(Cl)c1Cl,0.797,70.0,Active,Inactive
1129,Nc1nc(-n2cc(C(=O)O)c(=O)c3cc(F)c([C@H]4C[C@@H](O)C4)c(Cl)c32)c(F)cc1F,0.797,70.0,Active,Active
1130,NC1=NC[C@H](Cc2ccc(O)cc2)N1CCCCC1CCCCC1,0.797,70.0,Active,Active
1131,Cc1[nH]c(C(=O)/N=c2\sc3cc(C(=O)O)ccc3n2CC(=O)c2ccccc2)c(Cl)c1Cl,0.797,70.0,Active,Active
1132,CC[C@H](C)[C@H](NC(=O)[C@@H](NC(=O)[C@H](CO)NC(=O)[C@H](CCCCNC(C)=O)NC(=O)[C@@H]1CCCN1C(=O)[C@@H](N)Cc1c[nH]c2ccccc12)[C@@H](C)CC)C(=O)O,0.797,70.0,Active,Active
1133,NC1CCC2C3CCC(N)CC3N(CCCCCCc3cn(CCNc4c5c(nc6ccccc46)CCCC5)nn3)C(c3ccccc3)C2C1,0.797,70.0,Active,Active
1134,OC[C@H]1O[C@@H](n2cnc3c(NC4CCCC4)ncnc32)[C@H](O)[C@@H]1O,0.797,70.0,Active,Inactive
1135,Cc1[nH]c(C(=O)/N=c2\sc3cc(C(=O)O)ccc3n2CC(=O)c2ccc(S(C)(=O)=O)cc2)c(Cl)c1Cl,0.797,70.0,Active,Active
1136,OC[C@H]1O[C@@]2(CC(c3ccc4ccccc4c3)=NO2)[C@H](O)[C@@H](O)[C@@H]1O,0.797,70.0,Active,Active
1137,CC[C@H](C)[C@H](NC(=O)[C@H](CCC(=O)O)NC(=O)[C@H](CCC(N)=O)NC(=O)[C@H](Cc1c[nH]c2ccccc12)NC(=O)[C@@H](NC(=O)[C@H](CCCCN)NC(=O)[C@H](C)NC(=O)[C@H](CC(N)=O)NC(=O)[C@@H]1CCCN1C(=O)[C@H](CC(N)=O)NC(=O)[C@@H](N)CC(C)C)C(C)C)C(=O)O,0.797,70.0,Active,Active
1138,CC[C@H](C)[C@H](NC(=O)[C@H](CCCCNC(=O)C(F)(F)F)NC(=O)[C@H](CO)NC(=O)[C@@H](NC(=O)[C@@H]1CCCN1C(=O)[C@H](Cc1c[nH]c2ccccc12)NC(=O)[C@@H](N)CCCN=C(N)N)[C@@H](C)O)C(=O)O,0.797,70.0,Active,Active
1139,Nc1nc(/C(=N/OCC(=O)O)C(=O)N[C@@H]2C(=O)N3[C@@H]2[S@+]([O-])C[C@@H]2CC(=O)O[C@@]23C(=O)O)cs1,0.797,70.0,Active,Active
1140,Nc1nc(/C(=N/OCC(=O)O)C(=O)N[C@@H]2C(=O)N3[C@@H]2[S@@+]([O-])C[C@@H]2CC(=O)O[C@@]23C(=O)O)cs1,0.797,70.0,Active,Active
1141,CC[C@H](C)[C@H](NC(=O)[C@H](CCCCNC(C)=O)NC(=O)[C@H](CO)NC(=O)[C@@H](NC(=O)[C@@H]1CCCN1C(=O)[C@H](Cc1c[nH]c2ccccc12)NC(=O)[C@@H](N)CCCN=C(N)N)[C@@H](C)O)C(=O)O,0.797,70.0,Active,Active
1142,O=C1[C@@H]2[C@H](C(=O)N1CCC[N+]1(CCO)CCCC1)[C@H](c1cc(-c3ccc(Cl)s3)on1)N1CCC[C@@H]21,0.797,70.0,Active,Active
1143,CN(C(=O)C[C@@H](N)CC1CCN(C(=N)N)CC1)C1CNC(NC(N)=O)=NC1=O,0.797,70.0,Active,Active
1144,CC(C)(C)n1cc(C(=O)O)c(=O)c2cc(F)c(-c3cccnc3)cc21,0.797,70.0,Active,Active
1145,Nc1nc(/C(=N/OCc2cc(=O)c(O)cn2O)C(=O)N[C@@H]2C(=O)N3C(C(=O)O)=C(Cl)CS[C@H]23)cs1,0.797,70.0,Active,Inactive
1146,OC[C@H]1O[C@H](O[C@@H]2[C@@H](O)[C@@H](O)O[C@H](CO)[C@H]2O)[C@H](O)[C@@H](O)[C@@H]1O,0.797,70.0,Active,Active
1147,Cc1c(F)cccc1NC(=O)Nc1ccc(Cl)c(S(=O)(=O)[C@H]2CCCNC2)c1O,0.797,70.0,Active,Inactive
1148,CC(C)[C@H](N)C(=O)N[C@@H](Cc1ccc(O)cc1)C(=O)N[C@@H](Cc1c[nH]c2ccccc12)C(=O)N[C@@H](Cc1ccccc1)C(=O)O,0.797,70.0,Active,Active
1149,COc1c(N2C[C@H]3CCCN(C(=O)c4ccc(Br)cc4)[C@H]3C2)c(F)cc2c(=O)c(C(=O)O)cn(C3CC3)c12,0.797,70.0,Active,Active
1150,CCNc1cc(F)cc2c1[nH]c1ncc(-c3cncc(C#N)c3)c(-n3ccc(C(F)(F)F)n3)c12,0.797,70.0,Active,Active
1151,O=C(NCC1CCCN1)[C@@H]1CC[C@@H]2CN1C(=O)N2OS(=O)(=O)O,0.797,70.0,Active,Active
1152,Cc1ncsc1-c1ccc(CNC(=O)[C@@H]2C[C@@H](O)CN2C(=O)c2cccc(N)c2C)cc1,0.797,70.0,Active,Active
1153,Cc1ncc([N+](=O)[O-])n1CC(O)Cn1cc(C(=O)O)c(=O)c2cc(F)c(Cl)cc21,0.797,70.0,Active,Active
1154,CC1(C)O[C@@H]2[C@H](O1)[C@@H](Cn1cc(CCCCC[C@@H]3SC[C@@H]4NC(=O)N[C@@H]43)nn1)O[C@H]2n1cnc2c(N)ncnc21,0.797,70.0,Active,Active
1155,CNC1CCN(c2nc3c(cc2F)c(=O)c(C(=O)O)cn3C2CC2)C/C1=N\OC,0.797,70.0,Active,Active
1156,C#Cc1cc(-c2cnn(C)c2)cc2c1-c1ccccc1C2(O)C(F)(F)F,0.797,70.0,Active,Active
1157,CCNC(=O)Nc1cc(-c2nc(C(F)(F)F)cs2)c(-c2cc3ncccc3nc2N2CC3CCC2CN3)cn1,0.797,70.0,Active,Active
1158,CNc1cc(F)cc2c(NCCCN)c(C(=O)Nc3ccc(C(=O)O)cc3)c(=O)[nH]c12,0.797,70.0,Active,Active
1159,Cn1cc([N+](=O)[O-])cc1C(=O)NNC(=O)Nc1ccc([N+](=O)[O-])cc1,0.797,70.0,Active,Active
1160,CC1CN(c2c(F)cc3c(=O)ccn(C4CC4)c3c2F)CCN1,0.797,70.0,Active,Inactive
1161,O=C(O)c1cn(C2CC2)c2nc(N3CC4CC3CS4(=O)=O)c(F)cc2c1=O,0.797,70.0,Active,Active
1162,CC(C)C[C@H](NC(=O)[C@H](C)NC(=O)[C@@H]1CCCN1C(=O)[C@@H]1CCCN1)C(=O)N1CCC[C@H]1C(=O)N[C@@H](CO)C(=O)N[C@@H](CO)C(=O)N[C@@H](C)C(=O)N1CCC[C@H]1C(=O)N[C@@H](CO)C(N)=O,0.797,70.0,Active,Active
1163,O=c1[nH]cnc2cc3nc(NCCN4CCOCC4)[nH]c3cc12,0.797,70.0,Active,Active
1164,CCNC(=O)Nc1cc(-c2nc(C(F)(F)F)cs2)c(-c2cc(-c3n[nH]c(=O)o3)cnc2N2C3CCC2CN(C)C3)cn1,0.797,70.0,Active,Active
1165,CC1(n2cc(C(=O)O)c(=O)c3cc(F)c(N4CCNCC4)cc32)CC1,0.797,70.0,Active,Active
1166,COc1c(N2CCN(CCC(C)=O)C(C)C2)c(F)cc2c(=O)c(C(=O)O)cn(C3CC3)c12,0.797,70.0,Active,Active
1167,CCO/N=C1\CC(N)CN(c2nc3c(cc2F)c(=O)c(C(=O)O)cn3C2CC2)C1,0.797,70.0,Active,Active
1168,O=C(NC[C@H]1CN(c2ccc3c(c2)CCCc2c(-c4ccno4)n[nH]c2-3)C(=O)O1)C(F)F,0.797,70.0,Active,Active
1169,N#CCN1CCN(c2cc3c(cc2N)c(=O)c(C(=O)O)cn3C2CC2)CC1,0.797,70.0,Active,Active
1170,COc1ccc2nccc(-n3cc4c(n3)CCC(NC(=O)c3ccc5c(c3)NC(=O)CO5)C4)c2n1,0.797,70.0,Active,Active
1171,COc1ccc(C2=NO[C@@]3(C2)O[C@H](CO)[C@@H](O)[C@H](O)[C@H]3O)cc1,0.797,70.0,Active,Active
1172,O=C(O)c1cn(C2CC2)c2cc(Cl)c(F)cc2c1=O,0.797,70.0,Active,Inactive
1173,CNC1CN(c2c(F)cc3c(=O)c(C(=O)O)cn(-c4nc(N)c(F)cc4F)c3c2C)C1,0.797,70.0,Active,Active
1174,N#CCc1cc2c(cc1F)c(=O)c(C(=O)O)cn2C1CC1,0.797,70.0,Active,Active
1175,Nc1ccc([C@@H]2N[C@H](CO)[C@@H](O)[C@H]2O)cc1,0.797,70.0,Active,Active
1176,N#CCc1cc2c(cc1F)c(=O)c(C(=O)O)cn2CC1CC1,0.797,70.0,Active,Active
1177,Cc1ccc(N2C(=O)c3cccc4c(N5CCN(C)CC5)ccc(c34)C2=O)c2cccnc12,0.797,70.0,Active,Active
1178,O=C(O)c1cn(C2CC2)c2cc(N3CCN(C(=O)CO)CC3)c(F)cc2c1=O,0.797,70.0,Active,Inactive
1179,COc1ccc2nc3cc(Cl)ccc3c(Nc3ccc(C(O)CCN(C)C)cc3)c2c1,0.797,70.0,Active,Inactive
1180,Cc1cc(-c2ccc3c(c2)C(O)(C(F)(F)F)c2ccccc2-3)ccn1,0.797,70.0,Active,Active
1181,O=C(O)c1cn(C2CC2)c2cc(N3CCN(c4nccc(C(F)(F)F)n4)CC3)c(F)cc2c1=O,0.797,70.0,Active,Inactive
1182,Cc1ccc(Nc2ccc(Nc3c(Cl)c(Cl)c(C#N)c(Cl)c3C#N)c3nc[nH]c(=O)c23)cc1C,0.797,70.0,Active,Inactive
1183,C#CCN1CCN(c2cc3c(cc2F)c(=O)c(C(=O)O)cn3C2CC2)CC1,0.797,70.0,Active,Active
1184,O=C(NN1C(=O)[C@H](Cl)[C@H]1c1ccc(O)cc1)c1cc(-c2ccc(Cl)cc2)n[nH]1,0.797,70.0,Active,Active
1185,Cc1cc2nc3[nH]c(=O)[nH]c(=O)c3nc2cc1C,0.797,70.0,Active,Active
1186,Cc1ccc(-c2cccc3c2-c2ccccc2C3(O)C(F)(F)F)cn1,0.797,70.0,Active,Active
1187,O=C(C[C@@H](CC1CCCC1)C(=O)N1CCCCN1C(=O)Nc1ccccc1)NO,0.797,70.0,Active,Active
1188,Fc1ccc2nc(-c3cnc4nc(-c5ccc(Br)cc5)c(Nc5ccccc5)n4c3)[nH]c2c1,0.797,70.0,Active,Active
1189,O=C(CNC(=O)Nc1ccccc1F)N[C@@H](Cc1ccccc1)C(=O)NCC(=O)N[C@@H](Cc1ccccc1)C(=O)N1CCC[C@H]1C(=O)N1CCC(c2noc3cc(F)ccc23)CC1,0.797,70.0,Active,Active
1190,CCC(=O)N1CCN(c2cc3c(cc2F)c(=O)c(C(=O)O)cn3C2CC2)CC1,0.797,70.0,Active,Inactive
1191,NS(=O)(=O)c1cc(Cl)sc1C(=O)O,0.797,70.0,Active,Active
1192,Fc1ccc2nc(-c3ccc4nc(-c5ccc(Br)cc5)c(Nc5ccccc5)n4c3)[nH]c2c1,0.797,70.0,Active,Active
1193,CCOC(=O)CN1CCN(c2c(F)cc3c(=O)c(C(=O)O)cn(C4CC4)c3c2OC)CC1C,0.797,70.0,Active,Inactive
1194,CCNc1cc(F)cc2c1[nH]c1ncc(-c3cncc(N)c3)c(-n3ccc(C(F)(F)F)n3)c12,0.797,70.0,Active,Active
1195,CCC(=O)N[C@H]1[C@H]([C@H](O)[C@H](O)CO)O[C@@](OCc2ccccc2)(C(=O)O)C[C@@H]1O,0.797,70.0,Active,Active
1196,CSCC[C@H](NC(=O)[C@H](Cc1ccccc1)NC(C)=O)C(=O)NC(C)(C)C(=O)N[C@@H](Cc1ccc(CP(=O)(O)O)cc1)C(=O)N[C@@H](Cc1c[nH]c2cc(Cl)ccc12)C(=O)N[C@@H](CCC(=O)O)C(=O)NC1(C(=O)N[C@@H](CC(C)C)C(=O)O)CC1,0.797,70.0,Active,Active
1197,CCNc1cc(F)cc2c1[nH]c1ncc(-c3cncc(C#N)c3)c(-n3cc(CN)c(C(F)(F)F)n3)c12,0.797,70.0,Active,Active
1198,O=C(O)C1=C(Br)CS(=O)(=O)[C@@H]2/C(=C\c3ccccn3)C(=O)N12,0.797,70.0,Active,Active
1199,CO/N=C(\C(=O)N[C@@H]1C(=O)N2C(C(=O)O)=C(/C=C3\C=C(C)C(=O)O3)CS[C@H]12)c1csc(N)n1,0.797,70.0,Active,Active
1200,Fc1cc(-c2cc3ccc(C4=NCCCN4)cc3[nH]2)ccc1-c1cc2ccc(C3=NCCCN3)cc2o1,0.797,70.0,Active,Active
1201,FC1CN=C(c2ccc3cc(-c4ccc(-c5cc6ccc(C7=NCC(F)CN7)cc6o5)cc4)[nH]c3c2)NC1,0.797,70.0,Active,Active
1202,CCC[C@H](NC(=O)[C@@H]1[C@H]2CCC[C@H]2CN1C(=O)[C@@H](NC(=O)[C@@H](NC(=O)c1cnccn1)C1CCCCC1)C(C)(C)C)C(=O)C(=O)NC1CC1,0.797,70.0,Active,Inactive
1203,CCNc1cc(F)cc2c1[nH]c1ncc(-c3cnc4ccnn4c3)c(-n3ccc(C(F)(F)F)n3)c12,0.797,70.0,Active,Active
1204,CC1=C(C)CC2=Nc3c([nH]c(=O)[nH]c3=O)N(C[C@H](O)[C@H](O)[C@H](O)CO)C2=C1,0.797,70.0,Active,Active
1205,CCN1CCN(/N=C/c2ccc(C#Cc3ccc(C(=O)N[C@H](C(=O)NO)[C@@H](C)O)cc3)cn2)CC1,0.797,70.0,Active,Inactive
1206,Cc1cc(C)cc(NC(=O)NNC(=O)c2cnc3c(C(F)(F)F)cccc3c2O)c1,0.797,70.0,Active,Active
1207,O=c1c(Br)c(CO)n(C2CC2)c2cc(N3CCNCC3)c(F)cc12,0.797,70.0,Active,Inactive
1208,CCOC(=O)N1CCN(c2cc3c(cc2F)c(=O)c(C(=O)O)cn3C2CC2)CC1,0.797,70.0,Active,Inactive
1209,Cc1nc(-c2ccc(C(C)(C)C)cc2)ncc1CC(=O)N[C@@H](CCN)C(=O)N(C)[C@@H]1C(=O)N[C@@H](C)C(=O)N[C@H](C(=O)NCC#N)Cc2ccc(OCCN)c(c2)-c2cc1ccc2OCCN,0.797,70.0,Active,Inactive
1210,Cn1nnnc1SCC1=C(C(=O)O)N2C(=O)C(NC(=O)/C(=N\O)c3ccc(NS(C)(=O)=O)cc3)C2SC1,0.797,70.0,Active,Active
1211,Cn1nnnc1SCC1=C(C(=O)O)N2C(=O)C(NC(=O)Cc3csc(N)n3)C2SC1,0.797,70.0,Active,Active
1212,CC1=C(C(=O)O)N2C(=O)/C(=C/c3ccccn3)[C@H]2S(=O)(=O)C1C,0.797,70.0,Active,Active
1213,CNC(=S)N1CCN(c2c(F)cc3c(=O)c(C(=O)O)cn(C4CC4)c3c2OC)CC1C,0.797,70.0,Active,Active
1214,CC1NCC[C@@H](C(=O)O)N1,0.797,70.0,Active,Active
1215,Cn1nnnc1SCC1=C(C(=O)O)N2C(=O)[C@@H](NC(=O)Cc3csc(N)n3)C2SC1,0.797,70.0,Active,Inactive
1216,CCN(CC)CC1CN(CC(=O)Nc2cc(C)nc3ccc(OC)cc23)C(=O)O1,0.797,70.0,Active,Active
1217,CC(C)C[C@@H]1NC(=O)[C@@H](Cc2ccccc2)NC(=O)[C@H](CCN)NC(=O)[C@@H](NC(=O)[C@H](CN)NC(=O)[C@@H](NC(=O)[C@H](N)CSSCc2cccc(Cl)c2)[C@@H](C)O)CCNC(=O)[C@H]([C@@H](C)O)NC(=O)[C@H](CCN)NC(=O)[C@H](CCN)NC1=O,0.7879,68.76,Active,Active
1218,Cc1c(N2CCC3=C(C2)C(=O)C(C)CS3)c(N)cc2c(=O)c(C(=O)O)cn(C3CC3)c12,0.7879,68.76,Active,Inactive
1219,OC[C@H]1O[C@@H](Oc2cc(Cl)ccc2Oc2ccc(Cl)cc2Cl)[C@H](O)[C@@H](O)[C@@H]1O,0.7879,68.76,Active,Inactive
1220,CO[C@@H](CNC(=O)[C@H](NC(=O)[C@H](O)[C@H](C)O)[C@H](O)c1cncn1C)[C@H](O)[C@H](O)C(=O)N(C)[C@@H](Cc1ccc(F)cc1)C(=O)NCC(=O)N[C@H](C(=O)N[C@@H](CO)C(=O)N[C@H](C(=O)N[C@H](C(=O)N[C@@H](CO)C(=O)N[C@@H](CN)C(=O)NCc1cc(=O)c(O)cn1O)C(C)(C)C)C(C)(C)O)C(C)(C)O,0.7879,68.76,Active,Active
1221,CN1CCN(c2nc3c(-c4ccc(F)cc4F)cc(C(=O)O)c(=O)n3cc2F)CC1,0.7879,68.76,Active,Active
1222,NS(=O)(=O)c1ccc(C(=O)NCc2ccc(F)c(F)c2F)cc1,0.7879,68.76,Active,Active
1223,Cc1cc(-c2ccc(/N=N/c3ccc4c(S(=O)(=O)O)cc(S(=O)(=O)O)c(N)c4c3O)c(C)c2)ccc1/N=N/c1ccc2c(S(=O)(=O)O)cc(S(=O)(=O)O)c(N)c2c1O,0.7879,68.76,Active,Active
1224,CO[C@H]1O[C@H](CO)[C@H](O)[C@H](O[C@@H]2O[C@H](CO)[C@H](O)[C@H](O)[C@H]2NC(C)=O)[C@H]1O,0.7879,68.76,Active,Active
1225,OC[C@H]1O[C@H](Oc2cc(Cl)ccc2Oc2ccc(Cl)cc2Cl)[C@@H](O)[C@@H](O)[C@@H]1O,0.7879,68.76,Active,Inactive
1226,CCNC(=O)Nc1cc(-c2nc(C(F)(F)F)cs2)c(-c2cc3ncccc3nc2N2[C@@H]3CC[C@H]2C[C@@H](N)C3)cn1,0.7879,68.76,Active,Active
1227,CC1=CC(C)(C)Nc2ccc(Cc3cnc(N)nc3N)cc21,0.7879,68.76,Active,Active
1228,COc1c(N2CCN(O)C(C)C2)c(F)cc2c(=O)c(C(=O)O)cn(C3CC3)c12,0.7879,68.76,Active,Active
1229,NC(=O)c1ccc(Nc2nc(N)c(N=O)c(OCC3CCCCC3)n2)cc1,0.7879,68.76,Active,Active
1230,Cc1ccc(C(=O)CN2CCN(c3c(F)cc4c(=O)c(C(=O)O)cn5c4c3OC[C@@H]5C)CC2)cc1,0.7879,68.76,Active,Active
1231,CC(C)C[C@@H]1NC(=O)[C@@H](Cc2ccccc2)NC(=O)[C@H](CCN)NC(=O)[C@@H](NC(=O)[C@@H](CN)NC(=O)[C@@H](NC(=O)[C@H](N)CSSCc2cccc(Cl)c2)[C@@H](C)O)CCNC(=O)[C@H]([C@@H](C)O)NC(=O)[C@H](CCN)NC(=O)[C@H](CCN)NC1=O,0.7879,68.76,Active,Active
1232,N#CC1=C(C(=O)O)N2C(=O)/C(=C/c3ccccn3)C2S(=O)(=O)C1,0.7879,68.76,Active,Active
1233,C[C@@H](O)[C@@H](NC(=O)N1CCC(c2ccc(-c3ccccc3)cc2)CC1)C(=O)NO,0.7879,68.76,Active,Active
1234,O=C(N[C@H]1CCC[C@H]1NC(=O)c1ccc(Cl)s1)c1ccc(-n2ccccc2=O)cc1,0.7879,68.76,Active,Active
1235,CCc1ccc(NCCCOc2cc(C)nc3ccc(Br)cc23)cc1,0.7879,68.76,Active,Inactive
1236,[O-]c1n[n+]([C@@H]2O[C@H](CO)[C@@H](O)[C@H]2O)ccc1Cl,0.7879,68.76,Active,Active
1237,CCCCOC(=O)N1CCN(c2cc3c(cc2F)c(=O)c(C(=O)O)cn3C2CC2)CC1,0.75,63.75,Active,Inactive
1238,OC[C@H]1O[C@H](Oc2cc(Cl)ccc2Oc2ccc(Cl)cc2Cl)[C@H](O)[C@@H](O)[C@@H]1O,0.75,63.75,Active,Active
1239,CNC(=O)c1cccc(CN2[C@H](COc3ccccc3)[C@H](O)[C@@H](O)[C@@H](COc3ccccc3)N(Cc3ccccc3)S2(=O)=O)c1,0.75,63.75,Active,Active
1240,OC[C@H]1O[C@@H](Oc2cc(Cl)ccc2Oc2ccc(Cl)cc2Cl)[C@H](O)[C@@H](O)[C@H]1O,0.7455,63.16,Active,Active
1241,CO/N=C(\C(=O)NC1C(=O)N2C(C(=O)O)=C(/C=C\c3scnc3C)CSC12)c1csc(N)n1,0.7455,63.16,Active,Active
1242,O=C(O)c1cn2c3c(c(Cl)c(F)cc3c1=O)[S+]([O-])CC2,0.7455,63.16,Active,Inactive
1243,CN[C@@H](C)C(=O)N[C@H](C(=O)N1CCC[C@H]1C(=O)Nc1snnc1-c1ccccc1)C1CCCCC1,0.7455,63.16,Active,Active
1244,O=C(O)c1cn(C2CC2)c2cc(N3CCN(C(P(=O)(O)O)P(=O)(O)O)CC3)c(F)cc2c1=O,0.7455,63.16,Active,Active
1245,COc1ccc(C(=O)N2CCC[C@@H]3CN(c4c(F)cc5c(=O)c(C(=O)O)cn(C6CC6)c5c4OC)C[C@@H]32)cc1,0.7455,63.16,Active,Active
1246,O=C(O)c1cccc(N2C(=O)C(O)=C(C(=O)c3ccc(Cl)s3)[C@@H]2c2cc(Cl)c3c(c2)OCO3)c1,0.7455,63.16,Active,Active
1247,CCNC(=O)[C@H]1c2ccccc2CN1C(=O)c1cc(Cl)c(O)cc1O,0.7455,63.16,Active,Active
1248,Cn1cc([N+](=O)[O-])cc1C(=O)NNC(=O)NC1CCCC1,0.7455,63.16,Active,Active
1249,Nc1ccn([C@@H]2O[C@H](CO)[C@@H](O)[C@H]2O)c(=O)n1,0.7455,63.16,Active,Inactive
1250,Cc1nc(-c2ccc(C(C)(C)C)cc2)ncc1C(=O)N[C@@H](CCN)C(=O)N(C)[C@@H]1C(=O)NCCC(=O)N[C@H](C(=O)NCC#N)Cc2ccc(OCCN)c(c2)-c2cc1ccc2OCCN,0.7455,63.16,Active,Inactive
1251,CCO/N=C(\C(=O)NC1C(=O)N2C(C(=O)O)=C(Sc3cc(N)nc(N)n3)CSC12)c1nsc(N)n1,0.7455,63.16,Active,Active
1252,CC(C)[C@@H]1NC(=O)[C@@H](NC(=O)[C@H](Cc2ccc(O)cc2)NC(=O)[C@@H]2CCCN2C(=O)[C@H](C)N)CSSC[C@@H](C(=O)O)NC(=O)[C@H](CO)NC(=O)[C@H](Cc2c[nH]c3ccccc23)NC(=O)[C@H](CO)NC(=O)CNC(=O)[C@H](CCCN=C(N)N)NC(=O)[C@H](Cc2ccc(O)cc2)NC1=O,0.7455,63.16,Active,Active
1253,O=c1[nH]cnc2cn[nH]c12,0.7455,63.16,Active,Active
1254,NS(=O)(=O)c1cc(C2(O)NC(=O)c3ccccc32)ccc1Cl,0.7455,63.16,Active,Inactive
1255,C[C@H](NC(=O)[C@@H](N)CO)C(=O)N[C@@H](CCCNC(N)N)C(=O)N[C@@H](Cc1c[nH]c2ccccc12)C(=O)N[C@@H](CCCNC(N)N)C(=O)N[C@@H](Cc1ccccc1)C(=O)N1CCC[C@H]1C(=O)N[C@@H](C)C(=O)N[C@@H](CCCNC(N)N)C(=O)N1CCC[C@H]1C(=O)NCC(=O)N[C@H](C(=O)O)[C@@H](C)O,0.7455,63.16,Active,Active
1256,CC(C)C[C@H](NC(=O)c1ccncc1)C(=O)NC[C@@H](O)CNS(=O)(=O)c1ccc(Oc2ccccc2)cc1,0.7455,63.16,Active,Active
1257,O=C(O)CNC(=O)[C@@H]1CCCN1C(=O)[C@@H]1CCCN1C(=O)CNC(=O)[C@@H]1CCCN1C(=O)[C@@H]1CCCN1C(=O)CNC(=O)[C@@H]1CCCN1C(=O)[C@@H]1CCCN1,0.7455,63.16,Active,Active
1258,OC[C@H]1O[C@H](Oc2cc(Cl)ccc2Oc2ccc(Cl)cc2Cl)[C@H](O)[C@@H](O)[C@H]1O,0.7431,62.86,Active,Inactive
1259,CCNC(=O)Nc1cc(-c2nc(C(F)(F)F)cs2)c(-c2cc(C(=O)O)ccc2N2C3CCC2CN(C)C3)cn1,0.7417,62.68,Active,Active
1260,NS(=O)(=O)c1cc2ccccc2s1,0.7332,61.58,Active,Active
1261,CCN1CCN(C(=O)N[C@@H](C(=O)N[C@@H]2C(=O)N3C(C(=O)O)=C(CN4CCN(c5cc6c(cc5F)c(=O)c(C(=O)O)cn6C5CC5)CC4)CS[C@H]23)c2ccc(O)cc2)C(=O)C1=O,0.7332,61.58,Active,Active
1262,CCc1[nH]c2nc(Sc3ccc4ccc(C(=O)O)nc4c3)nc(N3CCC(N)C3)c2c1Cl,0.7332,61.58,Active,Inactive
1263,O=C1NCC[C@@H]1NC(=O)N1CC[C@@H]2[C@H]1C(=O)N2S(=O)(=O)O,0.7332,61.58,Active,Active
1264,CCN1CCN(C(=O)NC(C(=O)N[C@@H]2C(=O)N3C(C(=O)O)=C(COC(=O)c4cn(CC)c5cc(N6CCSCC6)c(F)cc5c4=O)CSC23)c2ccccc2)C(=O)C1=O,0.7332,61.58,Active,Inactive
1265,CC(C)C[C@@H]1NC(=O)[C@@H](Cc2ccccc2)NC(=O)[C@H](CCN)NC(=O)[C@@H](NC(=O)CNC(=O)[C@@H](NC(=O)[C@H](N)CSSCc2cccc(Cl)c2)[C@@H](C)O)CCNC(=O)[C@H]([C@@H](C)O)NC(=O)[C@H](CCN)NC(=O)[C@H](CCN)NC1=O,0.7332,61.58,Active,Active
1266,O=C(N/N=C/c1cc(Cl)cc([N+](=O)[O-])c1O)c1ccc2c(c1)OCO2,0.7332,61.58,Active,Active
1267,Cc1cccc(Nc2ccc(Nc3c(Cl)c(Cl)c(C#N)c(Cl)c3C#N)c3nc[nH]c(=O)c23)c1,0.7332,61.58,Active,Inactive
1268,NC[C@@H]1O[C@H](O[C@H]2[C@@H](O)[C@H](O[C@@H]3[C@@H](O)[C@H](N)C[C@H](N)[C@H]3O[C@H]3O[C@H](CN)[C@@H](O)[C@H](O)[C@H]3N)O[C@@H]2C(=O)Nc2ccc(-c3cn(CCCCCN4CCN(c5cc6c(cc5F)c(=O)c(C(=O)O)cn6C5CC5)CC4)nn3)cc2)[C@H](N)[C@@H](O)[C@@H]1O,0.7332,61.58,Active,Active
1269,COCC1=C(C(=O)O)N2C(=O)[C@@H](NC(=O)/C(=N\OCc3cc(=O)c(O)cn3O)c3csc(N)n3)[C@H]2SC1,0.7332,61.58,Active,Inactive
1270,CCOC(=O)CCN1CCN(c2c(F)cc3c(=O)c(C(=O)O)cn(C4CC4)c3c2OC)CC1C,0.7332,61.58,Active,Inactive
1271,CCc1cc2c(s1)B(O)N(S(=O)(=O)c1ccc(C)cc1)C=C2,0.7332,61.58,Active,Active
1272,CCN(CC)c1ccc(/C=N/NC(=O)c2ccc3nc[nH]c3c2)c(O)c1,0.7332,61.58,Active,Active
1273,NCC1CN(c2nc3c(cc2F)c(=O)c(C(=O)O)cn3C2CC2)C/C1=N\Oc1ccccc1,0.7332,61.58,Active,Active
1274,CCc1ccc([C@H](C)CC(=O)N[C@@H]2O[C@H](CO)[C@@H](O)[C@H](O)[C@H]2O)cc1,0.7332,61.58,Active,Active
1275,CC[C@H]1OC(=O)[C@H](C)[C@H]2OC3(CCN(c4ccc(C(=O)OCc5ccccc5)c(C(F)(F)F)c4)CC3)O[C@](C)(C[C@@H](C)CN(C)[C@H](C)[C@@H](O)[C@]1(C)O)[C@H](O[C@@H]1O[C@H](C)CC(N(C)C)[C@H]1O)[C@H]2C,0.7332,61.58,Active,Active
1276,CC(C)C(=O)c1ccc(OCc2ccc(-c3ccc(S(=O)(=O)N[C@@H](C(=O)O)C(C)C)cc3)cc2)cc1,0.7332,61.58,Active,Active
1277,CCN1CCN(c2cc3c(cc2F)c(=O)ccn3C2CC2)CC1,0.7332,61.58,Active,Inactive
1278,C[C@H]1O[C@@H]([C@H](NC(=O)[C@@H](N)Cc2ccc(O)cc2)C(=O)O)[C@H](O)[C@@H](O)[C@H]1O,0.7332,61.58,Active,Active
1279,Cc1ccc(Oc2nc3cc(-c4ccc5c(ccn5C)c4)c(Cl)cc3[nH]2)cc1C(=O)O,0.7332,61.58,Active,Active
1280,CCCNc1nc(NCCC)nc(N2CCN(c3c(F)cc4c(=O)c(C(=O)O)cn(Cc5ccc(C(F)(F)F)cc5)c4c3F)CC2)n1,0.7332,61.58,Active,Active
1281,Cc1cc(N=Nc2cc(S(=O)(=O)O)c(C)cc2C)c(N)cc1O,0.7332,61.58,Active,Active
1282,Cc1c(CSC2=C(C(=O)[O-])N3C(=O)[C@H](C(C)O)C3C2)ccc[n+]1C,0.7332,61.58,Active,Active
1283,O=C(NO)[C@@H]1CN(c2ccc(C#CC#CC3CC3)cc2)C(=O)O1,0.7332,61.58,Active,Active
1284,CCC[C@H](NC(=O)[C@@H]1C[C@@H]2CCCC[C@@H]2N1C(=O)[C@@H](NC(=O)[C@@H](NC(=O)c1cc([N+](=O)[O-])c[nH]1)C1CCCCC1)C(C)(C)C)[C@@H](O)C(=O)NC1C=C1,0.7332,61.58,Active,Active
1285,C[C@H]1CNCCN1S(=O)(=O)c1cccc2cnccc12,0.7332,61.58,Active,Active
1286,COc1cc(C(=O)N[C@@H](Cc2ccccc2)[C@@H](O)CN(CCc2ccc3c(c2)OCO3)C(=O)CCN2C(=O)c3ccccc3C2=O)cc(OC)c1OCc1ccccc1,0.7332,61.58,Active,Active
1287,Cc1ccc(-n2nc(C(C)(C)C)cc2NC(=O)Nc2ccc(-n3cnc4c(N)ncnc43)cc2)cc1,0.7332,61.58,Active,Active
1288,NS(=O)(=O)c1ccc(C(=O)NCc2c(F)c(F)c(F)c(F)c2F)cc1,0.7332,61.58,Active,Active
1289,O=C(O)C1=C(CN2CCN(c3cc4c(cc3F)c(=O)c(C(=O)O)cn4C3CC3)CC2)CS[C@@H]2[C@H](NC(=O)C(C(=O)O)c3ccccc3)C(=O)N12,0.7332,61.58,Active,Active
1290,CCc1cc(Cc2cnc(N)nc2N)cc2c1NC(C)(C)C=C2C,0.7332,61.58,Active,Active
1291,O=C(NO)[C@@H]1CN(c2ccc(C#CC#C[C@H]3C[C@@H]3CO)cc2)C(=O)O1,0.7332,61.58,Active,Active
1292,O=C(Nc1nccs1)c1cccc(CN2C(=O)N(Cc3cccc(C(=O)Nc4nccs4)c3)[C@H](Cc3ccccc3)[C@H](O)[C@@H](O)[C@H]2Cc2ccccc2)c1,0.7332,61.58,Active,Active
1293,O=C(Cn1cc(-c2ccccc2)nn1)N[C@@H]1O[C@H](CO)[C@@H](O)[C@H](O)[C@H]1O,0.7332,61.58,Active,Active
1294,CC(C)C[C@@H]1NC(=O)[C@@H](Cc2ccccc2)NC(=O)[C@H](CCN)NC(=O)[C@@H](NC(=O)[C@@H](CN)NC(=O)[C@@H](NC(=O)[C@H](N)CSSCCC2CCCCC2)[C@@H](C)O)CCNC(=O)[C@H]([C@@H](C)O)NC(=O)[C@H](CCN)NC(=O)[C@H](CCN)NC1=O,0.7332,61.58,Active,Active
1295,CCCCCS(=O)(=O)C[C@@H](NC(=O)c1cccnc1)C(=O)N[C@@H](Cc1cc(F)cc(F)c1)[C@H](O)CNCc1cccc(CC)c1,0.7332,61.58,Active,Active
1296,CCCNc1nc(NCCC)nc(N2CCN(c3c(F)cc4c(=O)c(C(=O)O)cn(CC)c4c3F)CC2)n1,0.7332,61.58,Active,Active
1297,CC(C)C[C@@H]1NC(=O)[C@@H](Cc2ccccc2)NC(=O)[C@H](CCN)NC(=O)[C@@H](NC(=O)[C@@H](CO)NC(=O)[C@@H](NC(=O)[C@H](N)CSSCCC2CCCCC2)[C@@H](C)O)CCNC(=O)[C@H]([C@@H](C)O)NC(=O)[C@H](CCN)NC(=O)[C@H](CCN)NC1=O,0.7332,61.58,Active,Active
1298,O=C(NO)[C@@H]1CN(c2ccc(C#CC#CC3CC3)cc2F)C(=O)O1,0.7332,61.58,Active,Active
1299,CC(C)C[C@@H]1NC(=O)[C@@H](Cc2ccccc2)NC(=O)[C@H](CCN)NC(=O)[C@@H](NC(=O)[C@@H](CO)NC(=O)[C@@H](NC(=O)[C@H](N)CSSCc2cccc(Cl)c2)[C@@H](C)O)CCNC(=O)[C@H]([C@@H](C)O)NC(=O)[C@H](CCN)NC(=O)[C@H](CCN)NC1=O,0.7332,61.58,Active,Active
1300,CC(C)Oc1ccc(-c2ccnc(NC(P(=O)(O)O)P(=O)(O)O)c2)cc1,0.7332,61.58,Active,Active
1301,NS(=O)(=O)c1ccc(N=NN2CCN(c3cc4c(cc3F)c(=O)c(C(=O)O)cn4C3CC3)CC2)cc1,0.7332,61.58,Active,Active
1302,CCNc1cc(F)cc2c1[nH]c1ncc(-c3cncc(C(N)=O)c3)c(-n3ccc(C(F)(F)F)n3)c12,0.7332,61.58,Active,Active
1303,O=C(N/N=C/c1ccc([N+](=O)[O-])o1)c1ccc(O)cc1,0.7332,61.58,Active,Inactive
1304,Cc1ccc([C@@H]2[C@@H](O)[C@H](O)[C@@H](C)N2C)cc1,0.7332,61.58,Active,Inactive
1305,O=C1OCCN1CCOc1ccc2c(c1)C(O)(C(F)(F)F)c1ccccc1-2,0.7332,61.58,Active,Active
1306,Cc1ccc(NC(=O)NNC(=O)c2cnc3c(C(F)(F)F)cccc3c2O)cc1,0.7332,61.58,Active,Active
1307,O=C(Nc1cccc(O)c1C(=O)O)c1ccc(-c2ccccc2)c(Oc2ccccc2)c1,0.7332,61.58,Active,Active
1308,NS(=O)(=O)c1ccc(C(=O)NCc2cc(F)c(F)c(F)c2)cc1,0.7332,61.58,Active,Active
1309,NS(=O)(=O)c1ccc(CCNC(=S)Nc2ccc(-c3c4ccc(=O)cc-4oc4cc(O)ccc34)c(C(=O)O)c2)cc1,0.7332,61.58,Active,Active
1310,CC[C@H](C)[C@H](NC(=O)[C@H](CC(C)C)NC(=O)[C@@H]1CCCN1C(=O)[C@@H]1CCCN1C(=O)[C@@H]1CCCN1C(=O)[C@H](CC(N)=O)NC(=O)[C@H](CO)NC(=O)[C@@H](NC(=O)[C@@H](N)[C@@H](C)O)[C@@H](C)CC)C(=O)N[C@@H](CO)C(=O)N[C@@H](CO)C(=O)N[C@@H](C)C(=O)N[C@@H](CCCCN)C(=O)O,0.7332,61.58,Active,Active
1311,O=C(NCc1ccccc1)[C@H](OCc1ccccc1)[C@H](O)[C@@H](O)[C@@H](OCc1ccccc1)C(=O)N[C@H]1c2ccccc2C[C@H]1O,0.7332,61.58,Active,Active
1312,NCCCC[C@H](N[C@@H](CCc1ccccc1)C(=O)O)C(=O)N[C@@H](Cc1c[nH]c2ccccc12)C(=O)O,0.7332,61.58,Active,Active
1313,Cc1ccc(Nc2ccc(Nc3c(Cl)c(Cl)c(C#N)c(Cl)c3C#N)c3nc[nH]c(=O)c23)cc1,0.7332,61.58,Active,Inactive
1314,O=C(O)C1CCCN1S(=O)(=O)c1ccc2[nH]c(=O)c(=O)[nH]c2c1,0.7332,61.58,Active,Inactive
1315,CCCC[C@H](CN(O)C=O)C(=O)N1CO[C@H](C)[C@H]1C(=O)Nc1ccc(F)cc1,0.7332,61.58,Active,Active
1316,CCNC1CN(c2c(F)cc3c(=O)c(C(=O)O)cn(-c4nc(N)c(F)cc4F)c3c2C)C1,0.7332,61.58,Active,Active
1317,O=C(Nc1ccc(Cl)cn1)[C@H]1CN(CC(F)F)C[C@@H]1C(=O)Nc1ccc(-n2ccccc2=O)cc1F,0.7332,61.58,Active,Active
1318,Cc1[nH]c(C(=O)N[C@@H]2CCN(c3ncc(C(=O)O)s3)C[C@@H]2N=[N+]=[N-])c(Cl)c1Cl,0.7332,61.58,Active,Active
1319,O=C(CN(CCO)S(=O)(=O)c1ccc(-c2ccccc2)cc1)NO,0.7332,61.58,Active,Active
1320,NCCNc1cc(-c2ccc[nH]2)c2c3c(ccc(F)c13)NC2=O,0.7332,61.58,Active,Active
1321,CCO/N=C(\C(=O)N[C@@H]1C(=O)N2[C@@H]1[S@@+]([O-])C[C@@H]1CC(=O)O[C@@]12C(=O)O)c1csc(N)n1,0.7332,61.58,Active,Active
1322,CC(C)N1CCc2c(sc(NC(=O)c3ccc4ccccc4c3)c2C(N)=O)C1,0.7332,61.58,Active,Inactive
1323,O=C(NN1C(=O)[C@H](Cl)[C@H]1c1ccccc1)c1cc(-c2ccc(Cl)cc2)n[nH]1,0.7332,61.58,Active,Active
1324,CO[C@@H](CNC(=O)[C@H](NC(=O)[C@H](O)[C@H](C)O)[C@H](O)c1cncn1C)[C@H](O)[C@H](O)C(=O)N(C)[C@@H](Cc1ccccc1)C(=O)NCC(=O)N[C@H](C(=O)N[C@@H](CO)C(=O)N[C@H](C(=O)N[C@H](C(=O)N[C@@H](CO)C(=O)N[C@@H](CN)C(=O)NCc1cc(=O)c(O)cn1O)C(C)(C)C)C(C)(C)O)C(C)(C)O,0.7332,61.58,Active,Active
1325,CCCCc1ccc(-c2ccc(CCC[C@H](P(=O)(O)O)S(=O)(=O)O)cc2)cc1,0.7332,61.58,Active,Active
1326,NCCCC[C@H](N[C@@H](CCc1ccccc1)C(=O)O)C(=O)N[C@H](Cc1c[nH]c2ccccc12)C(=O)O,0.7332,61.58,Active,Active
1327,Cc1ccc(Cl)cc1Sc1ccc2nc(N)nc(N)c2c1,0.7332,61.58,Active,Active
1328,O=C(NN1C(=O)[C@H](Cl)[C@H]1c1ccccc1O)c1cc(-c2ccc(Cl)cc2)n[nH]1,0.7332,61.58,Active,Active
1329,C[C@H]1[C@H](NC(=O)/C(=N\OCc2ccc(C(=O)N/N=C/c3ccc(O)cc3O)cc2)c2csc(N)n2)C(=O)N1S(=O)(=O)O,0.7332,61.58,Active,Active
1330,NS(=O)(=O)c1ccc(N/N=C/c2ccc(O)c(O)c2O)c([N+](=O)[O-])c1,0.7332,61.58,Active,Active
1331,O=C(NC(=S)NNC(=O)c1ccccc1O)c1ccco1,0.7332,61.58,Active,Active
1332,CCCCNc1nc(NCCCC)nc(N2CCN(c3c(F)cc4c(=O)c(C(=O)O)cn(CC)c4c3F)CC2)n1,0.7332,61.58,Active,Active
1333,CCNc1cc(F)cc2c1[nH]c1ncc(-c3cncc(CO)c3)c(-n3ccc(C(F)(F)F)n3)c12,0.7332,61.58,Active,Active
1334,C[C@](O)(COc1ccc(Cl)c(F)c1)C(=O)Nc1ccc(C#N)c(C(F)(F)F)c1,0.7332,61.58,Active,Active
1335,Nc1nc2c(ncn2[C@H]2C[C@H](O)[C@@H](CO)O2)c(=O)[nH]1,0.7332,61.58,Active,Active
1336,c1cc2oc(-c3ccc(-c4cc5ccc(C6=NCCCN6)cc5[nH]4)cc3)cc2cc1C1=NCCCN1,0.7332,61.58,Active,Active
1337,c1cc2cc(CCc3cc4ccc(C5=NCCCN5)cc4[nH]3)[nH]c2cc1C1=NCCCN1,0.7332,61.58,Active,Active
1338,O=C(NC1CCS(=O)(=O)CC1)[C@@H]1CC[C@@H]2CN1C(=O)N2OS(=O)(=O)O,0.7332,61.58,Active,Active
1339,O=C(NCCOc1ccccc1)N1[C@H]2CC[C@@H]1C=C(c1ccc(F)cc1OCc1ccccc1)C2,0.7332,61.58,Active,Inactive
1340,c1cc2cc(-c3ccc(-c4nc5ccc(C6=NCCCN6)cc5[nH]4)cc3)[nH]c2cc1C1=NCCCN1,0.7332,61.58,Active,Active
1341,CCNC(=O)Nc1ccc(NC(=O)c2cc(OC)cc(-c3c[nH]c(=O)[nH]c3=O)c2)cc1,0.7332,61.58,Active,Active
1342,C/C=C/O[C@]1(C(=O)O)C[C@@H](O[C@@]2(C(=O)O)O[C@H]([C@H](O)CO)[C@H](O)[C@H](O)[C@@H]2O)[C@@H](O)[C@@H]([C@H](O)CO)O1,0.7332,61.58,Active,Active
1343,COCOCCn1cc(CN2CCS(=O)(=O)N(Cc3ccc(-c4ccc(OC)nc4)cc3)C(C(C)C)C2=O)nn1,0.7332,61.58,Active,Inactive
1344,O=C(O)C1=CCS(=O)(=O)[C@@H]2/C(=C\c3ccccn3)C(=O)N12,0.7332,61.58,Active,Active
1345,CC(C)C[C@@H]1NC(=O)[C@@H](Cc2ccccc2)NC(=O)[C@H](CCN)NC(=O)[C@@H](NC(=O)[C@H](CN)NC(=O)[C@@H](NC(=O)[C@H](N)CSSCCC2CCCCC2)[C@@H](C)O)CCNC(=O)[C@H]([C@@H](C)O)NC(=O)[C@H](CCN)NC(=O)[C@H](CCN)NC1=O,0.7332,61.58,Active,Active
1346,C/C=C/O[C@]1(C(=O)O)C[C@@H](O[C@]2(C(=O)O)CC[C@@H](O)[C@@H]([C@H](O)CO)O2)[C@@H](O)[C@@H]([C@H](O)CO)O1,0.7332,61.58,Active,Active
1347,CO[C@H]1O[C@H](CO)[C@H](O)[C@H](O[C@@H]2O[C@H](CO)[C@H](O)[C@H](O)[C@H]2O)[C@H]1NC(C)=O,0.7332,61.58,Active,Active
1348,CCNC(=O)c1[nH]nc(C2=CC(Cl)=C(O)CC2=O)c1N1CCNCC1,0.7332,61.58,Active,Active
1349,NCCCC[C@H](N[C@@H](CCc1ccccc1)C(=O)O)C(=O)N1CC=C[C@H]1C(=O)O,0.7332,61.58,Active,Active
1350,COc1c(N2CCN(CC/C(C)=N/NC(N)=O)C(C)C2)c(F)cc2c(=O)c(C(=O)O)cn(C3CC3)c12,0.7332,61.58,Active,Active
1351,COc1c(N2CCN(CC/C(C)=N/O)C(C)C2)c(F)cc2c(=O)c(C(=O)O)cn(C3CC3)c12,0.7332,61.58,Active,Inactive
1352,c1cc2c(ncc3ncn(C4CCNCC4)c32)[nH]1,0.7332,61.58,Active,Active
1353,C[C@](COC(=O)NCCN)([C@@H](Nc1c(CO)cc2ccccn12)C(=O)O)S(=O)O,0.7332,61.58,Active,Active
1354,O=C(O)c1sc(-c2ccc(OCCCC(F)(F)F)cc2)cc1NC(=O)c1c(F)cccc1F,0.7332,61.58,Active,Active
1355,C[C@@H](NC(=O)[C@@H](N)Cc1cccs1)P(=O)(O)O,0.7332,61.58,Active,Active
1356,C=C1CCO[C@]2([C@@H](O)[C@@](C)(O)CO)NC(=O)[C@@]1(O)NC2=O,0.7332,61.58,Active,Inactive
1357,Nc1ccc2ncnc(Nc3ccc(OCc4cccc(F)c4)c(Cl)c3)c2c1,0.7332,61.58,Active,Inactive
1358,C[C@@H](O)[C@H](NC(=O)c1ccc(C#Cc2ccc(/C=N/N3CCN(C(=O)C(C)(C)C)CC3)nc2)cc1)C(=O)NO,0.7332,61.58,Active,Inactive
1359,O=c1[nH]c(NC[C@H](O)[C@H](O)[C@H](O)CO)c([N+](=O)[O-])c(=O)[nH]1,0.7332,61.58,Active,Active
1360,N#CCc1cc2c(cc1F)c(=O)c(C(=O)O)cn2CC1CCCCC1,0.7332,61.58,Active,Inactive
1361,O=C(c1ccc2c(c1)C(O)(C(F)(F)F)c1ccccc1-2)C1CCC1,0.7332,61.58,Active,Active
1362,C[C@@H](O)[C@@H](NC(=O)N1CCC(c2cccc(C#Cc3ccccc3)c2)C1)C(=O)NO,0.7332,61.58,Active,Inactive
1363,N#CCc1cc2c(cc1F)c(=O)c(C(=O)O)cn2Cc1ccccn1,0.7332,61.58,Active,Active
1364,O=c1ncccn1[C@@H]1O[C@H](CO)[C@@H](O)[C@H]1O,0.7332,61.58,Active,Active
1365,N#C[C@@H](O[C@@H]1O[C@H](CO)[C@@H](O)[C@H](O)[C@H]1O)c1ccc(O)cc1,0.7332,61.58,Active,Active
1366,COc1cc2cc(c1Cl)N(C)C(=O)C[C@H](OC(=O)[C@H](C)N(C)C(C)=O)[C@]1(C)O[C@H]1[C@H](C)[C@@H]1C[C@@](O)(NC(=O)O1)[C@H](OC)/C=C/C=C(\C)C2,0.7332,61.58,Active,Inactive
1367,COc1c(C)cnc(Cn2cc(C#CCC(C)(C)O)c3c(Cl)nc(N)nc32)c1C,0.7332,61.58,Active,Active
1368,N#C[C@H](O[C@@H]1O[C@H](CO)[C@@H](O)[C@H](O)[C@H]1O)c1ccc(O)cc1,0.7332,61.58,Active,Inactive
1369,NC(=O)[C@@H]1Cc2ccccc2CN1C(=O)C[C@H](N)Cc1ccccc1F,0.7332,61.58,Active,Active
1370,NC(=O)OCC1=C(C(=O)O)N2C(=O)/C(=C/c3ccccn3)C2S(=O)(=O)C1,0.7332,61.58,Active,Active
1371,Nc1ccc(-c2ccc(N)c(C(=O)O)c2)cc1C(=O)O,0.7332,61.58,Active,Inactive
1372,COC(=O)/C=C/C1=C(C(=O)O)N2C(=O)/C(=C/c3ccccn3)C2S(=O)(=O)C1,0.7332,61.58,Active,Active
1373,C[C@@H](C(=O)c1ccc(O)cc1)N1CCC(Cc2ccccc2)CC1,0.7332,61.58,Active,Active
1374,CN1CCN(c2nc3c(-c4ccc(F)cc4)cc(C(=O)O)c(=O)n3cc2F)CC1,0.7332,61.58,Active,Active
1375,CC/C=C/C=C1CN([C@@H]2O[C@H](CO)[C@@H](O)[C@H](O)[C@H]2O)C(=O)NC1=O,0.7332,61.58,Active,Active
1376,NC(=S)Nc1ccc(C[C@H](CN(CC(=O)O)[C@H]2CCCC[C@@H]2N(CC(=O)O)CC(=O)O)N(CC(=O)O)CC(=O)O)cc1,0.7332,61.58,Active,Active
1377,CC(C)(C)OC(=O)N1CCN(c2cc3c(cc2F)c(=O)c(C(=O)O)cn3C2CC2)CC1,0.7332,61.58,Active,Inactive
1378,C[C@@H](O)[C@H]1C(=O)N2C(C(=O)O)=C(CSC(=S)N(C)OCc3ccccc3)S[C@H]12,0.7332,61.58,Active,Active
1379,CC#C[C@H]1CC[C@@H](C=N)N1C(=O)[C@@H](N)C1CCCC1,0.7332,61.58,Active,Active
1380,N#CCC1=C(C(=O)O)N2C(=O)/C(=C/c3ccccn3)C2S(=O)(=O)C1,0.7332,61.58,Active,Active
1381,Cc1ccnc(N2CCN(c3cc4c(cc3F)c(=O)c(C(=O)O)cn4C3CC3)CC2)n1,0.7332,61.58,Active,Inactive
1382,O=S(=O)(NCB(O)O)c1cc2c(Cl)ccc(Cl)c2s1,0.7332,61.58,Active,Active
1383,C[C@@H](O)c1nccn1Cc1cc(C#Cc2ccc(CCCO)cc2)on1,0.7332,61.58,Active,Inactive
1384,OC1(C(F)(F)F)c2ccccc2-c2ccc(N3CCCCC3)cc21,0.7332,61.58,Active,Active
1385,COc1cc[n+]([C@@H]2O[C@H](CO)[C@@H](O)[C@H]2O)nc1[O-],0.7332,61.58,Active,Inactive
1386,OC1(C(F)(F)F)c2ccccc2-c2ccc(C3CC3)cc21,0.7332,61.58,Active,Active
1387,CC1=NN(c2cc(Cl)c(S(=O)(=O)O)cc2Cl)C(=O)C1/N=N/c1n[nH]c2nc3cc4ccccc4cc3cc12,0.7332,61.58,Active,Inactive
1388,COC(=O)Oc1cccc(C(=O)N(CCCn2c(=O)oc3c(OC(=O)OC)cccc3c2=O)C(C)C(=O)NC(C(=O)NC2C(=O)N3C2SC(C)(C)C3C(=O)O)c2ccccc2)c1OC(=O)OC,0.7332,61.58,Active,Active
1389,OC1(C(F)(F)F)c2ccccc2-c2ccc(-c3ccncc3)cc21,0.7332,61.58,Active,Active
1390,OC1(C(F)(F)F)c2ccccc2-c2ccc(-c3ccccn3)cc21,0.7332,61.58,Active,Active
1391,CC1=NN(c2cc(S(=O)(=O)O)ccc2Cl)C(=O)C1/N=N/c1n[nH]c2nc3cc4ccccc4cc3cc12,0.7332,61.58,Active,Inactive
1392,CCCC(=O)N1CCN(c2cc3c(cc2F)c(=O)c(C(=O)O)cn3C2CC2)CC1,0.7332,61.58,Active,Inactive
1393,O=[N+]([O-])c1ccc(C2=NO[C@@]3(C2)O[C@H](CO)[C@@H](O)[C@H](O)[C@H]3O)cc1,0.7332,61.58,Active,Active
1394,NC(N)=NS(=O)(=O)c1ccc(/N=N/N2CCN(c3cc4c(cc3F)c(=O)c(C(=O)O)cn4C3CC3)CC2)cc1,0.7332,61.58,Active,Active
1395,CN1C(=O)[C@@](CCC2CCCCC2)(C[C@H]2CCC[C@@H](NC3CCCC3)C2)N=C1N,0.7332,61.58,Active,Active
1396,O=C(O)c1cn(C2CC2)c2cc(N3CCN(c4ncccn4)CC3)c(F)cc2c1=O,0.7332,61.58,Active,Inactive
1397,CNCCNc1c(C(=O)Nc2ccc(C(=O)O)cc2)c(=O)[nH]c2c(NC)cc(F)cc12,0.7332,61.58,Active,Active
1398,N#Cc1c(F)c(Cl)c(Nc2ccc(Nc3ccc(Cl)cc3)c3c(=O)[nH]cnc23)c(C#N)c1F,0.7332,61.58,Active,Inactive
1399,CC1COc2c(N3CCN(C)CC3)c(F)cc3c(=O)c(-c4nn(CCC(=O)c5ccccc5O)c(=S)n4N)cn1c23,0.7332,61.58,Active,Active
1400,COc1ccccc1NC(=O)N1CCCN1C(=O)[C@H](CC1CCCC1)CN(O)C=O,0.7332,61.58,Active,Active
1401,COc1ccccc1NC(=O)N1CCCCN1C(=O)[C@H](CC1CCCC1)CN(O)C=O,0.7332,61.58,Active,Active
1402,Cc1nc2cnc3[nH]ccc3c2n1C1CCNCC1,0.7332,61.58,Active,Active
1403,N=C(N)c1ccc(Oc2ccc(NS(=O)(=O)c3ccc4ccccc4c3)c(Oc3ccc(C(=N)N)cc3)n2)cc1,0.7332,61.58,Active,Active
1404,N=C(N)c1ccc(Oc2cc(Oc3ccc(C(=N)N)cc3)cc(C(=O)NC3CCC(N)CC3)c2)cc1,0.7332,61.58,Active,Active
1405,CC1(C)[C@H](NC(=O)/C(=N\OC(c2cccs2)c2cc(=O)c(O)cn2O)c2csc(N)n2)C(=O)N1OS(=O)(=O)O,0.7332,61.58,Active,Active
1406,COc1cccc(NC(=O)N2CCCN2C(=O)[C@H](CC2CCCC2)CN(O)C=O)c1,0.7332,61.58,Active,Active
1407,N=C(N)c1ccc(O)c(Oc2cc(C(=O)O)cc(Oc3cccc(-c4ncc[nH]4)c3)n2)c1,0.7332,61.58,Active,Active
1408,COc1cccc(NC(=O)N2CCCCN2C(=O)[C@H](CC2CCCC2)CN(O)C=O)c1,0.7332,61.58,Active,Active
1409,CC1(C)N=C(N)N=C(N)N1c1ccc(CCCCCCc2ccc(S(=O)(=O)F)cc2)cc1,0.7332,61.58,Active,Active
1410,COc1cccc(/C=N/NC(=O)c2[nH]c(C)c(C(=O)N/N=C/c3cccc(OC)c3O)c2C)c1O,0.7332,61.58,Active,Active
1411,Cc1nsc2c(F)c3c(cc12)CC1(C(=O)NC(=O)NC1=O)[C@H]1[C@H](C)O[C@H](C)CN31,0.7332,61.58,Active,Active
1412,COc1ccc2nnc(=O)n(CCN3CCC(NCc4ccc5c(n4)NC(=O)CO5)CC3)c2c1,0.7332,61.58,Active,Active
1413,CC1(C)N=C(N)N=C(N)N1c1ccc(CCCCc2ccc(Cl)cc2Cl)cc1,0.7332,61.58,Active,Inactive
1414,CC1CN(C[C@@H]2C[C@H](SC3=C(C(=O)O)C4C(=O)C([C@@H](C)O)C4[C@H]3C)CN2)S(=O)(=O)N1,0.7332,61.58,Active,Active
1415,O=C(O)c1cn(C2CC2)c2cc(N3CCN(C(=O)CCl)CC3)c(F)cc2c1=O,0.7332,61.58,Active,Inactive
1416,COc1ccc2ncc(=O)n(CCN3CCC(NCc4cc5c(cn4)OCCO5)CC3)c2n1,0.7332,61.58,Active,Active
1417,Cc1nc(-c2cccc3c2-c2ccccc2C3(O)C(F)(F)F)no1,0.7332,61.58,Active,Active
1418,N=C(N)c1ccc2nc(Cc3nc4ccc(C(=N)N)cc4[nH]3)[nH]c2c1,0.7332,61.58,Active,Active
1419,O=C(O)c1cn(-c2ccc([N+](=O)[O-])cc2)c2cc(N3CCCC3)c(F)cc2c1=O,0.7332,61.58,Active,Inactive
1420,Nc1ccc([C@@H]2N[C@H](CO)[C@@H](O)[C@H]2O)cc1N,0.7332,61.58,Active,Active
1421,COc1ccc([C@@H]2[C@@H](Cl)C(=O)N2NC(=O)c2cc(-c3ccc(Cl)cc3)n[nH]2)cc1,0.7332,61.58,Active,Active
1422,COc1ccc([C@@H]2[C@@H](O)[C@H](O)[C@@H](C)N2C)cc1,0.7332,61.58,Active,Inactive
1423,CN1CC[C@H](c2c(O)cc(O)c3c(=O)cc(-c4ccccc4Cl)oc23)[C@H](O)C1,0.7332,61.58,Active,Active
1424,O=S1(=O)N(Cc2ccccc2)[C@H](COc2ccccc2)[C@H](O)[C@@H](O)[C@@H](COc2ccccc2)N1Cc1ccccc1,0.7332,61.58,Active,Active
1425,CO/N=C(\C)CCN1CCN(c2c(F)cc3c(=O)c(C(=O)O)cn(C4CC4)c3c2OC)CC1C,0.7332,61.58,Active,Inactive
1426,COc1ccc([C@H]2[C@H](O)[C@H](O)[C@H](C)N2C)cc1,0.7332,61.58,Active,Active
1427,CCC(=O)N1CCN(/N=C/c2ccc(C#Cc3ccc(C(=O)N[C@H](C(=O)NO)[C@@H](C)O)cc3)cn2)CC1,0.7332,61.58,Active,Inactive
1428,CSC1=C(C(=O)O)N2C(=O)/C(=C/c3ccccn3)[C@H]2S(=O)(=O)C1,0.7332,61.58,Active,Active
1429,COc1ccc2c(c1)C(C1CCN(C)CC1)Oc1ccccc1S2,0.7332,61.58,Active,Active
1430,N#Cc1cccc(Cn2cc(NC(=O)c3n[nH]c4cc(-c5cn[nH]c5)ccc34)cn2)c1,0.7332,61.58,Active,Active
1431,CS(=O)(=O)C1=C(C(=O)O)N2C(=O)/C(=C/c3ccccn3)[C@H]2S(=O)(=O)C1,0.7332,61.58,Active,Active
1432,O=c1cc(CO)n(C2CC2)c2cc(N3CCNCC3)c(F)cc12,0.7332,61.58,Active,Inactive
1433,Nc1ccc2[nH]c(-c3cc(CC(=O)O)cc(-c4cccc([N+](=O)[O-])c4)c3O)cc2n1,0.7332,61.58,Active,Active
1434,CO/N=C(\C(=O)N[C@@H]1C(=O)N2C(C(=O)[O-])=C([n+]3ccc(C)c(C)c3)CC[C@H]12)c1csc(N)n1,0.7332,61.58,Active,Active
1435,Cc1snnc1/C=C\C1=C(C(=O)O)N2C(=O)C(NC(=O)/C(=N\O)c3csc(N)n3)C2SC1,0.7332,61.58,Active,Active
1436,CO/N=C(\C(=O)N[C@@H]1C(=O)N2C(C(=O)[O-])=C([n+]3cc(C)ccc3C)CC[C@H]12)c1csc(N)n1,0.7332,61.58,Active,Active
1437,O=C(O)c1cn(C2CC2)c2cc(N3CCN(O)CC3)c(F)cc2c1=O,0.7332,61.58,Active,Active
1438,CC1(C)O[C@H]2[C@@H]3OS(=O)(=O)O[C@@H]3CO[C@@]2(COS(N)(=O)=O)O1,0.7332,61.58,Active,Active
1439,NC1(P(=O)(O)O)Cc2ccccc2C1,0.7332,61.58,Active,Active
1440,Cn1cc([N+](=O)[O-])cc1-n1cc(C(=O)O)c(=O)c2cc(F)c(Cl)cc21,0.7332,61.58,Active,Inactive
1441,CCn1cc(C(=O)O)c(=O)c2cc(F)c(N3CCN(Cn4nc(Cn5nc(C)n(/N=C/c6ccccc6O)c5=O)n(Cc5ccccc5)c4=S)CC3)cc21,0.7332,61.58,Active,Active
1442,C=CC/C(C=O)=C1\O[C@@H]2CC(=O)N2C1C(=O)OC,0.7332,61.58,Active,Active
1443,COc1ccc(C[C@H](N)C(=O)N[C@H]2[C@@H](O)[C@H](n3cnc4c(N(C)C)ncnc43)O[C@@H]2CO)cc1,0.7332,61.58,Active,Inactive
1444,O=CN(O)C[C@@H](CC1CCCC1)C(=O)N1CC=C[C@H]1C(=O)N1CCOCC1,0.7332,61.58,Active,Inactive
1445,O=CN(O)C[C@@H](CC1CCCC1)C(=O)N1CCCCN1C(=O)Nc1ccc(C(F)(F)F)cc1,0.7332,61.58,Active,Active
1446,N[C@@H](CC(=O)N1CCC[C@H]1CNC(=O)c1ccccc1)Cc1ccccc1F,0.7332,61.58,Active,Active
1447,CCn1cc(C(=O)O)c(=O)c2cc(F)c(N3CCN(Cn4nc(CN5CCN(c6ccc([N+](=O)[O-])cc6)CC5)n(Cc5ccccc5)c4=O)CC3)cc21,0.7332,61.58,Active,Active
1448,CCn1cc(C(=O)O)c(=O)c2cc(F)c(N3CCN(Cn4nc(Cn5nc(C)n(/N=C/c6ccccc6O)c5=O)n(-c5ccccc5)c4=S)CC3)cc21,0.7332,61.58,Active,Active
1449,CCCCCCCCN(CCCCCCNC(=N)NCC1CC1)C(=O)N(CCCCCCCCNC(=N)NCC1CC1)CCCCCCCCNC(=N)NCC1CC1,0.7332,61.58,Active,Active
1450,O=C(O)Cc1cc(Br)c(Oc2ccc(O)c(C(=O)NCCc3ccccc3)c2)c(Br)c1,0.7332,61.58,Active,Active
1451,Nc1ccn(C2OC(COP(=O)(O)O)C(O)C2O)c(=O)n1,0.7332,61.58,Active,Inactive
1452,CO/N=C(/C(=O)N[C@@H]1C(=O)N2C(C(=O)O)=C(S(=O)(=O)c3ccccc3)CC[C@H]12)c1csc(N)n1,0.7332,61.58,Active,Inactive
1453,O=C(O)c1cn2c3c(cc(F)c(N4CCCC4)c3c1=O)SCC2,0.7332,61.58,Active,Inactive
1454,CC(C)c1ccc(CCC(=O)N[C@@H]2O[C@H](CO)[C@@H](O)[C@H](O)[C@H]2O)cc1,0.7332,61.58,Active,Active
1455,CCn1cc(C(=O)O)c(=O)c2cc(F)c(N3CCN(c4nc(N5CCOCC5)nc(N5CCOCC5)n4)CC3)c(F)c21,0.7332,61.58,Active,Active
1456,CNc1cc(F)cc2cc(C(=O)Nc3ccc(C(=O)O)cc3)c(=O)[nH]c12,0.7332,61.58,Active,Active
1457,O=CN(O)C[C@@H](CC1CCCC1)C(=O)N1CCCN1C(=O)Nc1ccc(C(F)(F)F)cc1,0.7332,61.58,Active,Active
1458,C[C@H](NC(=O)[C@@H]1C=CCN1C(=O)[C@H](CC1CCCC1)CN(O)C=O)c1ccccc1,0.7332,61.58,Active,Inactive
1459,CNc1cc(F)cc2cc(C(=O)Nc3ccc(C(=O)O)c(O)c3)c(=O)[nH]c12,0.7332,61.58,Active,Active
1460,O=C(O)c1sc(-c2ccc(OCCC(F)(F)F)cc2)cc1NC(=O)c1c(F)cc(F)cc1F,0.7332,61.58,Active,Active
1461,C[C@H](O)c1nccn1Cc1cc(-c2ccc(C#CCCCO)cc2)on1,0.7332,61.58,Active,Active
1462,CCn1cc(C(=O)O)c(=O)c2cc(F)c(-c3ccncc3)cc21,0.7332,61.58,Active,Active
1463,CO/N=C(\C(=O)N[C@@H]1C(=O)N2C(C(=O)OCOC(=O)C(C)(C)C)=C(/C=C\c3scnc3C)CS[C@H]12)c1csc(N)n1,0.7332,61.58,Active,Active
1464,Nc1nc(NCC(=O)NC(=S)Nc2nc3ccc(Cl)cc3s2)c2ncn(S(=O)(=O)c3ccccc3)c2n1,0.7332,61.58,Active,Inactive
1465,O=C(O)CN(CC(=O)O)[C@H](Cc1ccc(NC(=S)NC(CO)(CO)CO)cc1)CN(CC(=O)O)[C@H]1CCCC[C@@H]1N(CC(=O)O)CC(=O)O,0.7332,61.58,Active,Active
1466,CO/N=C(\C(=O)NC1C(=O)N2C(C(=O)O)=C(/C=C\c3csnn3)CSC12)c1csc(N)n1,0.7332,61.58,Active,Active
1467,Nc1nc(N)c2cc(Sc3ccccc3)ccc2n1,0.7332,61.58,Active,Active
1468,Nc1nc(N)c2cc(Sc3cccc(C(F)(F)F)c3)ccc2n1,0.7332,61.58,Active,Active
1469,CCCCCC[C@H]([C@H](C)O)n1cnc2c(N)ncnc21,0.7332,61.58,Active,Active
1470,Nc1nc(N)c2cc(Sc3cc(Cl)ccc3Cl)ccc2n1,0.7332,61.58,Active,Active
1471,C[C@H](c1ccccc1)[C@H](C[C@H](O)CN1CCN(Cc2ccc3c(c2)OCO3)C[C@H]1C(=O)NC(C)(C)C)C(=O)N[C@H]1c2ccccc2C[C@H]1O,0.7332,61.58,Active,Active
1472,NS(=O)(=O)c1ccc2c(c1)CCC2,0.7332,61.58,Active,Active
1473,COc1cc(Cc2cnc(N)nc2N)cc2c1NC(C)(C)C=C2C,0.7332,61.58,Active,Active
1474,O=C(O)COc1c(C(=O)O)sc(-c2cccc(N(C(=O)c3ccccc3)C3CCCCC3)c2)c1Br,0.7332,61.58,Active,Active
1475,O=C(O)c1sc(-c2ccc(OCCC(F)(F)F)cc2)cc1NC(=O)c1c(F)cccc1F,0.7332,61.58,Active,Active
1476,Nc1nc(=O)n([C@@H]2O[C@H](CO)[C@@H](O)[C@H]2O)cc1F,0.7332,61.58,Active,Active
1477,COCC(=O)N1CCCN1C(=O)[C@H](CC1CCCC1)CN(O)C=O,0.7332,61.58,Active,Active
1478,Fc1ccc(Nc2c(-c3cnc4ccc(Br)cc4c3)nc3sc4cc(F)ccc4n23)cc1,0.7332,61.58,Active,Active
1479,CCn1cc(C(=O)O)c(=O)c2c(N)nc(N3CCN(C)CC3)nc21,0.7332,61.58,Active,Inactive
1480,CCn1cc(C(=O)O)c(=O)c2c(N)nc(N3CCNCC3)nc21,0.7332,61.58,Active,Inactive
1481,CNc1cc(F)cc2cc(C(=O)Nc3ccc(C(=O)NCCN)cc3)c(=O)[nH]c12,0.7332,61.58,Active,Active
1482,OC[C@H]1[C@@H]2[C@@H](O)[C@H](O)[C@@H](CO)N2C[C@@H]1O[C@H]1O[C@H](CO)[C@@H](O)[C@H](O)[C@H]1O,0.7332,61.58,Active,Active
1483,Cn1nnnc1NCC1=C(C(=O)O)N2C(=O)[C@@H](NC(=O)CS(=O)(=O)CC#N)[C@H]2SC1,0.7332,61.58,Active,Active
1484,CN(C)C(=O)[C@@H](C1CCC(c2ccc3ncnn3c2)CC1)[C@H](N)C(=O)N1CCC(F)(F)C1,0.7332,61.58,Active,Active
1485,NC1=NC[C@H](Cc2ccccc2)N1CCCCC1CCCCC1,0.7332,61.58,Active,Active
1486,C[C@@](C[C@H]1CN(c2ccc(C3CC3)cc2)C(=O)O1)(C(=O)NO)S(C)(=O)=O,0.7332,61.58,Active,Inactive
1487,O=P(O)(O)C(F)(F)c1cccc(-c2ccc(CO/N=C/c3ccc(CO)o3)cc2)c1,0.7332,61.58,Active,Active
1488,NC1=NC[C@H](Cc2ccc(O)cc2)N1CCc1cccc2ccccc12,0.7332,61.58,Active,Active
1489,Nc1nc(-n2cc(C(=O)O)c(=O)c3cc(F)c(N4CC(O)C4)c(Cl)c32)c(F)cc1F,0.7332,61.58,Active,Active
1490,Nc1nc(-n2cc(C(=O)O)c(=O)c3cc(F)c(N4CC(N)C4)c(Cl)c32)c(F)cc1F,0.7332,61.58,Active,Active
1491,CCCCCCCC(=O)N[C@@H](CCNS(=O)(=O)c1cccc2c(N(C)C)cccc12)C(=O)N[C@H](C(=O)N[C@@H](CCN)C(=O)N[C@H]1CCNC(=O)[C@H]([C@@H](C)O)NC(=O)[C@H](CCN)NC(=O)[C@H](CCN)NC(=O)[C@H](CC(C)C)NC(=O)[C@@H](Cc2ccccc2)NC(=O)[C@H](CCN)NC1=O)[C@@H](C)O,0.7332,61.58,Active,Inactive
1492,COc1cc(OC)cc(C(=O)N[C@@H]2[C@H](O)[C@@H](CO)O[C@H]2n2cnc3c(N[C@@H]4CCCc5ccccc54)ncnc32)c1,0.7332,61.58,Active,Active
1493,Cn1cc([N+](=O)[O-])cc1C(=O)NNC(=O)Nc1ccccc1,0.7332,61.58,Active,Active
1494,COc1cc([C@@H]2[C@@H](Cl)C(=O)N2NC(=O)c2cc(-c3ccc(Cl)cc3)n[nH]2)ccc1O,0.7332,61.58,Active,Active
1495,CC1=CC(C)(C)Nc2c(C)cc(Cc3cnc(N)nc3N)cc21,0.7332,61.58,Active,Active
1496,Cn1cc([N+](=O)[O-])cc1C(=O)NNC(=O)Nc1ccc(Cl)cc1,0.7332,61.58,Active,Active
1497,OC[C@H]1NNC[C@@H](O)[C@@H]1O,0.7332,61.58,Active,Active
1498,O=P(O)(O)[C@@H](CCCc1ccc(-c2ccccc2)cc1)S(=O)(=O)O,0.7332,61.58,Active,Active
1499,OC[C@@H]1O[C@@H](O[C@@H]2[C@@H](O)[C@H](O[C@@H]3CO[C@@H](O)[C@H](O)[C@H]3O)OC[C@H]2O)[C@H](O)[C@H]1O,0.7332,61.58,Active,Active
1500,Cn1cc([N+](=O)[O-])cc1C(=O)NNC(=O)Nc1ccc(Br)cc1,0.7332,61.58,Active,Active
1501,Nc1ccn([C@@H]2O[C@H](CO)[C@@H](O)[C@@H]2O)c(=O)n1,0.7332,61.58,Active,Inactive
1502,COc1ccc(NC(=O)NNC(=O)c2cnc3c(C(F)(F)F)cccc3c2O)cc1,0.7332,61.58,Active,Active
1503,CNc1cc(F)cc2c(NCC3CCNCC3)c(C(=O)Nc3ccc(C(=O)O)cc3)c(=O)[nH]c12,0.7332,61.58,Active,Active
1504,COC(=O)c1c(O)cccc1OCCCCNC(=O)[C@H](Cc1ccc(N(C(=O)C(=O)O)c2ccccc2C(=O)O)cc1)NC(=O)O,0.7332,61.58,Active,Active
1505,Nc1nc(/C(=N\OCCCl)C(=O)N[C@H]2CN3CC(S(=O)(=O)Cc4ccccc4)=C(C(=O)O)N3C2=O)cs1,0.7332,61.58,Active,Active
1506,O=C(O)[C@@H](Cc1c[nH]c2ccccc12)NS(=O)(=O)c1ccc(N2CCC(c3ccccc3)CC2)cc1,0.7332,61.58,Active,Active
1507,O=C(O)c1sc(-c2ccc(OCCCC(F)(F)F)cc2)cc1NC(=O)c1c(F)cc(F)cc1F,0.7332,61.58,Active,Active
1508,O=C(O)[C@@H](Cc1ccc2c(c1)OCO2)[C@H](Cc1ccc2c(c1)OCO2)C(=O)O,0.7332,61.58,Active,Active
1509,NC1NC(=O)c2c(CCc3ccc(C(=O)N[C@@H](CCC(=O)O)C(=O)O)cc3)c[nH]c2N1,0.7332,61.58,Active,Active
1510,CNc1cc(F)cc2c(O)c(C(=O)Nc3ccc(C(=O)O)cc3)c(=O)[nH]c12,0.7332,61.58,Active,Active
1511,CC(C)(O/N=C(\C(=O)N[C@@H]1C(=O)N(S(=O)(=O)O)[C@@H]1CNS(=O)(=O)NCc1cc(=O)c(O)cn1O)c1csc(N)n1)C(=O)O,0.7332,61.58,Active,Active
1512,O=C(O)[C@H](Cc1c[nH]c2ccccc12)NS(=O)(=O)c1ccc(N2CCC(c3ccccc3)CC2)cc1,0.7332,61.58,Active,Active
1513,N[C@@H]1C[C@H](N)CN(c2nc(Nc3ccc(NC(=O)c4cnc5ccccc5c4O)cc3)nc(N3C[C@H](N)C[C@H](N)C3)n2)C1,0.7332,61.58,Active,Active
1514,Cc1noc(NS(=O)(=O)c2ccc(NC(=O)c3c(Nc4ccccc4)sc(C#N)c3N)cc2)c1C,0.7332,61.58,Active,Inactive
1515,CNc1cc(F)cc2c(O)c(C(=O)Nc3ccc(C(=O)NS(=O)(=O)N(C)C)cc3)c(=O)[nH]c12,0.7332,61.58,Active,Active
1516,OC[C@H]1O[C@H](/N=C2\N[C@@H]3[C@H](S2)[C@@H](O)[C@H](O)[C@]3(O)CO)[C@H](O)[C@@H](O)[C@@H]1O,0.7332,61.58,Active,Active
1517,N[C@@H]1C[C@H](N)CN(c2nc(Nc3ccc(S(N)(=O)=O)cc3)nc(N3C[C@H](N)C[C@H](N)C3)n2)C1,0.7332,61.58,Active,Inactive
1518,N[C@@H]1C[C@H](N)CN(c2nc(Nc3ccc4c(c3)CCC4)nc(N3C[C@H](N)C[C@H](N)C3)n2)C1,0.7332,61.58,Active,Inactive
1519,OC[C@H]1O[C@@]2(CC(c3ccccc3)=NO2)[C@H](O)[C@@H](O)[C@@H]1O,0.7332,61.58,Active,Active
1520,C=CCNC(=O)[C@@H](NC(=O)[C@@](O)(CCCN(Cc1ccc(-c2cccs2)cc1)NC(=O)[C@@H](NC(=O)OC)C(C)(C)C)Cc1ccc(CC=C)cc1)C(C)C,0.7332,61.58,Active,Active
1521,Cn1ccnc1[C@@H](NC[C@H]1O[C@@H](n2ccc(=O)[nH]c2=O)C[C@@H]1O)c1ccccc1,0.7332,61.58,Active,Active
1522,Cn1c(=O)c(Nc2ccc(O)cc2)c2c3c(cccc31)C(=O)c1ccccc1-2,0.6919,56.39,Active,Active
1523,O=C(NNC(=O)c1cnc2c(C(F)(F)F)cccc2c1O)Nc1cccc(Cl)c1,0.6919,56.39,Active,Active
1524,O=C(O)c1cn(C2CC2)c2cc(N3CCN(Cn4nc(N5CCN(c6ccc([N+](=O)[O-])cc6)CC5)n(Cc5ccccc5)c4=O)CC3)c(F)cc2c1=O,0.6919,56.39,Active,Active
1525,Nc1ccc(Nc2ccccc2)c2c(=O)[nH]cnc12,0.6919,56.39,Active,Inactive
1526,Cn1ccnc1SCC(=O)N1CC[C@@H]2[C@H]1C(=O)N2S(=O)(=O)O,0.6919,56.39,Active,Active
1527,COc1c(N2CCN(C/C(C)=N/O)C(C)C2)c(F)cc2c(=O)c(C(=O)O)cn(C3CC3)c12,0.6919,56.39,Active,Inactive
1528,Cc1cccc(Nc2ccc(Nc3c(Cl)c(F)c(C#N)c(F)c3C#N)c3nc[nH]c(=O)c23)c1,0.6919,56.39,Active,Inactive
1529,O=C(O)c1ccc(Nc2nccc(Nc3ccccc3-c3ccccc3)n2)cc1,0.6919,56.39,Active,Active
1530,O=C(CCC1=C[C@@](O)(C(=O)O)C[C@@H](O)[C@@H]1O)Nc1ccccc1,0.6919,56.39,Active,Active
1531,N[C@@H](Cc1co[nH]c1=O)C(=O)O,0.6919,56.39,Active,Active
1532,CC(C)(C)NC(=O)[C@@H]1CN(Cc2cc3ccccc3o2)CCN1C[C@@H](O)C[C@@H](Cc1ccccc1)C(=O)N[C@H]1c2ccccc2C[C@H]1O,0.6919,56.39,Active,Active
1533,C[N+]1(C[C@H](O)c2ccccc2)[C@@H]2CC[C@H]1CC(OC(=O)c1ccccc1)C2,0.6919,56.39,Active,Active
1534,Cc1cnc(N2CCN(c3cc4c(cc3F)c(=O)c(C(=O)O)cn4C3CC3)CC2)nc1,0.6919,56.39,Active,Inactive
1535,O=c1ccn([C@@H]2O[C@H](CO[C@@H]3O[C@H](CO)[C@@H](O)[C@H]3O)[C@@H](O)[C@H]2O)c(=O)[nH]1,0.6919,56.39,Active,Inactive
1536,CSCC[C@H](N)C(=O)N[C@@H](Cc1c[nH]c2ccccc12)C(=O)N1CCC[C@H]1C(=O)N[C@H](C(=O)N[C@@H](CC(=O)O)C(=O)N1CCC[C@H]1C=O)C(C)C,0.6919,56.39,Active,Active
1537,CC[C@H]1OC(=O)[C@H](C)[C@@H](OCc2cn(CCN=C(N)NC(=O)NC)nn2)[C@H](C)[C@@H](O)[C@](C)(O)C[C@@H](C)[C@@H]2OC(C)(C)O[C@H]([C@H]2C)C1(C)C,0.6919,56.39,Active,Active
1538,NC[C@H]1O[C@H](O[C@H]2[C@H](O)[C@@H](O[C@@H]3O[C@H](CSCCOCCSCC(=O)N[C@H](CO)[C@H](O)c4ccc([N+](=O)[O-])cc4)[C@@H](O)[C@H](N)[C@H]3O)[C@H](N)C[C@@H]2N)[C@H](N)C[C@@H]1O,0.6919,56.39,Active,Inactive
1539,C[C@H](CS)C(=O)N1C[C@@H](Sc2ccccc2)C[C@H]1C(=O)O,0.6919,56.39,Active,Active
1540,CCOC(=O)N1CCN(/N=C/c2ccc(C#Cc3ccc(C(=O)N[C@H](C(=O)NO)[C@@H](C)O)cc3)cn2)CC1,0.6919,56.39,Active,Inactive
1541,COc1ccc2sc(NC(=S)NC(=O)CNc3nc(N)nc4c3ncn4S(=O)(=O)c3ccccc3)nc2c1,0.6919,56.39,Active,Inactive
1542,Cc1noc(C)c1S(=O)(=O)Nc1c(N2CCC(CCc3ccccc3)CC2)c(=O)c1=O,0.6919,56.39,Active,Active
1543,COc1cc2c(NC3CCN(Cc4ccccc4)CC3)nc(NCCCN(C)C)nc2cc1OCCCCCN,0.6919,56.39,Active,Active
1544,C[C@]1(Cn2ccnn2)[C@H](C(=O)O)N2C(=O)[C@@H](CO)[C@H]2S1(=O)=O,0.6809,55.05,Active,Active
1545,COCc1ccc([C@@H]2[C@@H](O)[C@H](O)[C@@H](C)N2C)cc1,0.6809,55.05,Active,Inactive
1546,COc1ccc(NC(=O)NNC(=O)c2cc([N+](=O)[O-])cn2C)cc1,0.6809,55.05,Active,Active
1547,C[C@H](Cn1cnc2c(N)ncnc21)OCP(=O)(O)O,0.6809,55.05,Active,Inactive
1548,Cc1ccccc1Nc1ccc(N)c2nc[nH]c(=O)c12,0.6809,55.05,Active,Inactive
1549,CCn1cc(C(=O)O)c(=O)c2ccc(-c3cc(C)nc(C)c3)cc21,0.6809,55.05,Active,Active
1550,N=C(N)c1ccc(/C=C/c2ccc(C(=N)N)cc2O)cc1,0.6809,55.05,Active,Active
1551,N#CCC(=O)N[C@@H]1C(=O)N2C(C(=O)O)=C(COC(=O)N3CCN(c4cc5c(cc4F)c(=O)c(C(=O)O)cn5C4CC4)CC3)CS[C@H]12,0.6809,55.05,Active,Active
1552,C[C@](COC(N)=O)([C@@H](Nc1c(CO)cc2cc(C(N)=O)ccn12)C(=O)O)S(=O)O,0.6809,55.05,Active,Active
1553,C[C@H]1[C@H](NC(=O)/C(=N\OCc2ccc(C(=O)N/N=C/c3ccccc3O)cc2)c2csc(N)n2)C(=O)N1S(=O)(=O)O,0.6809,55.05,Active,Active
1554,O=C(NNC(=O)c1cc([N+](=O)[O-])c[nH]1)Nc1ccc([N+](=O)[O-])cc1,0.6809,55.05,Active,Active
1555,NCCCC[C@H](NC(=O)[C@@H](Cc1cc(Br)c(O)c(Br)c1)NC(=O)N1CCC(N2Cc3ccccc3NC2=O)CC1)C(=O)N1CCN(c2ccncc2)CC1,0.6809,55.05,Active,Active
1556,C[C@H](Nc1nccc(-c2c(-c3ccc(F)cc3)c(=O)n(C3CCNCC3)n2C)n1)c1ccccc1,0.6809,55.05,Active,Active
1557,C[C@H](O)c1nccn1Cc1cc(C#Cc2ccc(CCCO)cc2)on1,0.6809,55.05,Active,Active
1558,Cc1ccc(-c2[nH]c3cc(C(N)=O)ccc3c(=O)c2O)cc1,0.6809,55.05,Active,Active
1559,NS(=O)(=O)c1ccc(N=C2C(=O)Nc3ccccc32)cc1,0.6809,55.05,Active,Inactive
1560,NS(=O)(=O)c1ccc(NC(=S)NC(=O)c2ccco2)cc1,0.6809,55.05,Active,Active
1561,Nc1nc(NCC(=O)NC(=S)Nc2nc3c(Cl)cccc3s2)c2ncn(S(=O)(=O)c3ccccc3)c2n1,0.6809,55.05,Active,Inactive
1562,Cc1ccccc1Nc1ccc(Nc2c(Cl)c(Cl)c(C#N)c(Cl)c2C#N)c2nc[nH]c(=O)c12,0.6809,55.05,Active,Inactive
1563,CC[C@@H](O)[C@H]1C(=O)N2C(C(=O)O)=C([C@H]3CCCO3)S[C@H]12,0.6809,55.05,Active,Inactive
1564,COc1cc(OC[C@@H](O)[C@@H](O)[C@H](O)[C@H](O)COc2cc(F)cc(-c3ccc(C(=O)O)cn3)c2)c(Cl)cc1NC(=O)CSc1ccc(C(=O)O)cn1,0.6809,55.05,Active,Active
1565,N#Cc1c(Cl)c(Cl)c(Nc2ccc(Nc3ccc(Cl)cc3)c3c(=O)[nH]cnc23)c(C#N)c1Cl,0.6809,55.05,Active,Inactive
1566,O=C(NN1C(=O)[C@H](Cl)[C@H]1c1ccc(Cl)cc1)c1cc(-c2ccc(Cl)cc2)n[nH]1,0.6809,55.05,Active,Active
1567,O=C(N/N=C/c1ccccc1O)c1cc(-c2ccc(Cl)cc2)n[nH]1,0.6809,55.05,Active,Active
1568,COc1cncc(-c2cccc(CNc3cccnc3N)c2)c1,0.6809,55.05,Active,Active
1569,COc1ccc2cc(-c3cn(C[C@H](Cc4c[nH]c5ccccc45)NC(=O)c4cn(-c5ccc(C(=O)C(=O)O)cc5)nn4)nn3)ccc2c1,0.6809,55.05,Active,Active
1570,O=C(C[n+]1cc(-c2ccc(Cl)c(Cl)c2)n2c1CCC2)N1c2ccccc2Sc2ccccc21,0.6809,55.05,Active,Active
1571,CCOC(=O)c1cn(CC2CCCCC2)c2cc(C(C#N)C(=O)OCC)c(F)cc2c1=O,0.6809,55.05,Active,Active
1572,CCOC(=O)c1cn(Cc2ccccn2)c2cc(C(C#N)C(=O)OCC)c(F)cc2c1=O,0.6809,55.05,Active,Inactive
1573,Clc1ccc(-c2cnc(NCCCCNc3ncc(-c4ccc(Cl)cc4)[nH]3)[nH]2)cc1,0.6809,55.05,Active,Active
1574,CSC[S@@+]([O-])CC(CO)NC(=O)/C=C/c1c(C)[nH]c(=O)[nH]c1=O,0.6809,55.05,Active,Active
1575,Cc1cn([C@H]2C[C@H]3O[C@](c4ccccc4)(P(=O)(O)O)OC[C@H]3O2)c(=O)[nH]c1=O,0.6809,55.05,Active,Active
1576,CN(C)c1ccc(Nc2c3c4c(cccc4n(C)c2=O)C(=O)c2ccccc2-3)cc1,0.6809,55.05,Active,Active
1577,O=C(CCS)N1CCC(O)(c2ccc(Cl)c(C(F)(F)F)c2)CC1,0.6809,55.05,Active,Active
1578,CCOc1cc(Cc2cnc(N)nc2N)cc2c1NC(C)(C)C=C2C,0.6809,55.05,Active,Active
1579,CN1CCN(c2c(F)cc3c(=O)c(S(=O)(=O)O)c4scc5n4c3c2OC5)CC1,0.6809,55.05,Active,Inactive
1580,CO[C@H]1/C=C/O[C@@]2(C)Oc3c(C)c(O)c4c(O)c(c(CNCCN5CCCC5)c(O)c4c3C2=O)NC(=O)/C(C)=C\C=C\[C@H](C)[C@H](O)[C@@H](C)[C@@H](O)[C@@H](C)[C@H](OC(C)=O)[C@@H]1C,0.6809,55.05,Active,Active
1581,NC(N)=NS(=O)(=O)c1ccc(N=NN2CCN(c3cc4c(cc3F)c(=O)c(C(=O)O)cn4C3CC3)CC2)cc1,0.6809,55.05,Active,Active
1582,Nc1cccc2c1CCNC2,0.6809,55.05,Active,Active
1583,CNC(=O)[C@@H]1Cc2ccc(NS(=O)(=O)O)cc2CN1C(=O)OC(C)(C)C,0.6809,55.05,Active,Active
1584,Cc1ccccc1Nc1ccc(Nc2c(Cl)c(F)c(C#N)c(F)c2C#N)c2nc[nH]c(=O)c12,0.6809,55.05,Active,Inactive
1585,Cc1c(-c2ccc(-c3cc4ccc(C5=NCCCN5)cc4o3)cc2)[nH]c2cc(C3=NCCCN3)ccc12,0.6809,55.05,Active,Active
1586,Nc1nc(NCC(=O)NC(=S)Nc2nc3ccc(F)cc3s2)c2ncn(S(=O)(=O)c3ccccc3)c2n1,0.6809,55.05,Active,Inactive
1587,Cc1cc(OCCCc2c(C(=O)O)[nH]c3cc(Cl)ccc23)cc(C)c1Cl,0.6809,55.05,Active,Active
1588,CC(=O)N[C@H]1/C(=N/O)O[C@H](CO)[C@@H](O)[C@@H]1O,0.6809,55.05,Active,Active
1589,O=c1ccn(C2CC2)c2cc(N3CCNCC3)c(F)cc12,0.6809,55.05,Active,Inactive
1590,O=C(O)c1cn(C2CC2)c2cc(N3CCN(Cn4nc(-c5ccc(O)cc5)n(-c5ccc(F)cc5)c4=S)CC3)c(F)cc2c1=O,0.6809,55.05,Active,Inactive
1591,C=CC(=O)OCC1=C(C(=O)O)N2C(=O)/C(=C/c3ccccn3)C2S(=O)(=O)C1,0.6809,55.05,Active,Active
1592,O[C@@H]1[C@@H](Oc2cc(Cl)ccc2Oc2ccc(Cl)cc2Cl)OC[C@@H](O)[C@H]1O,0.6809,55.05,Active,Active
1593,O=C(O)c1cn(C2CC2)c2cc(N3CCN(Cn4nc(N5CCN(c6ccc([N+](=O)[O-])cc6)CC5)n(-c5ccccc5)c4=O)CC3)c(F)cc2c1=O,0.6809,55.05,Active,Active
1594,O[C@@H]1[C@H](Oc2cc(Cl)ccc2Oc2ccc(Cl)cc2Cl)OC[C@@H](O)[C@H]1O,0.6809,55.05,Active,Inactive
1595,CC(=O)O[C@@]12C(O)=C(C(N)=O)C(=O)[C@@H](N(C)C)C1[C@@H](O)C1C(C(=O)c3c(O)cccc3[C@@]1(C)O)C2O,0.6809,55.05,Active,Inactive
1596,O=c1[nH][nH]c(-c2ccccc2O)c1C(C[N+](=O)[O-])c1ccc(Br)cc1,0.6809,55.05,Active,Active
1597,O=C(O)c1cn(C2CC2)c2cc(N3CCN(c4ncc(F)cn4)CC3)c(F)cc2c1=O,0.6809,55.05,Active,Inactive
1598,CC1=CC(C)(C)Nc2c1cc(Cc1cnc(N)nc1N)cc2[S+](C)[O-],0.6809,55.05,Active,Active
1599,O=C(O)c1cn2c3c(cc(N4CCN(CCO)CC4)cc3c1=O)SCC2,0.6809,55.05,Active,Inactive
1600,O=C(Nc1ccc2ccccc2c1)[C@H](c1csc2ccc(Cl)cc12)P(=O)(O)O,0.6809,55.05,Active,Active
1601,CC/C=C(\OC1C=CC=C(C(=O)O)C1=O)C(=O)O,0.6809,55.05,Active,Active
1602,O=c1nc2n(CCO)c3ccccc3cc-2c(=O)[nH]1,0.6809,55.05,Active,Inactive
1603,CC(C)c1c(Sc2ccc3ccccc3c2)[nH]c2nc(N)nc(N)c12,0.6809,55.05,Active,Active
1604,O=C(O)c1cn(C2CC2)c2cc(N3CCN(CC(P(=O)(O)O)P(=O)(O)O)CC3)c(F)cc2c1=O,0.6809,55.05,Active,Active
1605,O=C(O)CCCC[C@@H]1SC[C@@H]2NC(=O)N[C@@H]21,0.6809,55.05,Active,Active
1606,CCCCNc1nc(NCCCC)nc(N2CCN(c3c(F)cc4c(=O)c(C(=O)O)cn(Cc5ccc(C(F)(F)F)cc5)c4c3F)CC2)n1,0.6809,55.05,Active,Active
1607,CCCC[C@H](NC(=O)O[C@@H]1CN(C(=O)Nc2c(C)noc2C)CC1(C)C)[C@H](O)C(=O)N[C@H](C)c1ccccc1,0.6809,55.05,Active,Active
1608,CC(C)(C)c1o[nH]c(=O)c1C[C@H](N)C(=O)O,0.6809,55.05,Active,Active
1609,O=CN[C@@H]1C(=O)N2C(C(=O)O)=C(COC(=O)N3CCN(c4cc5c(cc4F)c(=O)c(C(=O)O)cn5C4CC4)CC3)CS[C@H]12,0.6809,55.05,Active,Active
1610,CC(C)C[C@@H]1NC(=O)[C@@H](Cc2ccccc2)NC(=O)[C@H](CCN)NC(=O)[C@@H](NC(=O)[C@H](CCN)NC(=O)[C@@H](NC(=O)[C@H](CSSCCC2CCCCC2)NC(=O)CN)[C@@H](C)O)CCNC(=O)[C@H]([C@@H](C)O)NC(=O)[C@H](CCN)NC(=O)[C@H](CCN)NC1=O,0.6809,55.05,Active,Active
1611,CC(C)C[C@@H]1NC(=O)[C@@H](Cc2ccccc2)NC(=O)[C@H](CCN)NC(=O)[C@@H](NC(=O)[C@H](CCN)NC(=O)[C@@H](NC(=O)[C@@H](CSSCCC2CCCCC2)NC(=O)CN)[C@@H](C)O)CCNC(=O)[C@H]([C@@H](C)O)NC(=O)[C@H](CCN)NC(=O)[C@H](CCN)NC1=O,0.6809,55.05,Active,Active
1612,c1cc2cc(-c3ccc4cc(C5=NCCN5)[nH]c4c3)[nH]c2cc1C1=NCCN1,0.6809,55.05,Active,Active
1613,CC(C)C[C@@H]1NC(=O)[C@@H](CC2CCCCC2)NC(=O)[C@H](CCN)NC(=O)[C@@H](NC(=O)[C@H](CN)NC(=O)[C@@H](NC(=O)C[C@H](CN)Cc2ccccc2)[C@@H](C)O)CCNC(=O)[C@H]([C@@H](C)O)NC(=O)[C@H](CCN)NC(=O)[C@H](CCN)NC1=O,0.6809,55.05,Active,Active
1614,O=C(O)C1=C(CN2CCN(c3cc4c(cc3F)c(=O)c(C(=O)O)cn4C3CC3)CC2)CS[C@@H]2[C@H](NC(=O)[C@H](O)c3ccccc3)C(=O)N12,0.6809,55.05,Active,Active
1615,CC(C)C(O/N=C(\C(=O)N[C@@H]1C(=O)N(S(=O)(=O)O)[C@@H]1CN1CCNC1=O)c1csc(N)n1)c1cc(=O)c(O)cn1O,0.6809,55.05,Active,Active
1616,CC(C)C[C@@H](NS(=O)(=O)c1ccc(-c2ccccc2)cc1)C(=O)O,0.6809,55.05,Active,Active
1617,CCCNC1CN(c2c(F)cc3c(=O)c(C(=O)O)cn(-c4nc(N)c(F)cc4F)c3c2C)C1,0.6809,55.05,Active,Active
1618,OCCNCc1c(OCc2ccc(Cl)cc2)ccc2ccccc12,0.6809,55.05,Active,Active
1619,O=C1OCCN1/N=C/c1ccc([N+](=O)[O-])o1,0.6809,55.05,Active,Active
1620,OC[C@H]1O[C@@H]2O[C@H]3[C@H](O)[C@@H](O)[C@@H](O[C@H]4[C@H](O)[C@@H](O)[C@@H](O[C@H]5[C@H](O)[C@@H](O)[C@@H](O[C@H]6[C@H](O)[C@@H](O)[C@@H](O[C@H]7[C@H](O)[C@@H](O)[C@@H](O[C@H]8[C@H](O)[C@@H](O)[C@@H](O[C@H]9[C@H](O)[C@@H](O)[C@@H](O[C@H]1[C@H](O)[C@H]2O)O[C@@H]9CO)O[C@@H]8CO)O[C@@H]7CO)O[C@@H]6CO)O[C@@H]5CO)O[C@@H]4CO)O[C@@H]3CO,0.6809,55.05,Active,Active
1621,CCCC(=O)NC(c1cccs1)c1cc([N+](=O)[O-])c2cccnc2c1O,0.6809,55.05,Active,Active
1622,CCC(C)C(N)C(=O)NS(=O)(=O)OC[C@H]1O[C@@H](CCn2nnc(-c3ccc(Oc4ccccc4)cc3)n2)[C@H](O)[C@@H]1O,0.6809,55.05,Active,Active
1623,CC1COc2c(N3CCNCC3)c(F)cc3c(=O)c(C(=O)Nc4ccc(Nc5nc(N6C[C@H](N)C[C@H](N)C6)nc(N6C[C@H](N)C[C@H](N)C6)n5)cc4)cn1c23,0.6809,55.05,Active,Active
1624,CCO/N=C(\C)CCN1CCN(c2c(F)cc3c(=O)c(C(=O)O)cn(C4CC4)c3c2OC)CC1C,0.6536,51.77,Active,Inactive
1625,O=C(Cn1cnc(NC(=O)c2ccc(Cl)s2)n1)Nc1ccc(-n2ccccc2=O)cc1F,0.6536,51.77,Active,Active
1626,O=C(Cn1cc(CN2CCN(c3cc4c(cc3F)c(=O)c(C(=O)O)cn4C3CC3)CC2)nn1)N[C@@H](Cc1cc(=O)[nH]c2ccccc12)C(=O)O,0.6536,51.77,Active,Active
1627,OC1(C(F)(F)F)c2ccccc2-c2c(-c3ccccn3)cccc21,0.6536,51.77,Active,Inactive
1628,OC1(C(F)(F)F)c2ccccc2-c2ccc(-c3cnco3)cc21,0.6536,51.77,Active,Active
1629,O=c1[nH]cnc2c1ncn2[C@H]1CC[C@@H](CO)O1,0.6536,51.77,Active,Inactive
1630,CCO/N=C1\CC(NC)CN(c2nc3c(cc2F)c(=O)c(C(=O)O)cn3C2CC2)C1,0.6536,51.77,Active,Active
1631,CCCCCCCCCC(=O)NC(C)(C)C(=O)N1C[C@@H](C)C[C@H]1C(=O)N[C@@H](Cc1ccccc1)C(=O)NC(C)(C)C(=O)N[C@@H](CCC(N)=O)C(=O)N[C@@H](CCC(N)=O)C(=O)NC(C)(C)C(=O)NC(C)(C)C(=O)N[C@@H](CCC(N)=O)C(=O)N[C@@H](CC(C)C)C(=O)N[C@H](CO)C(C)C,0.6536,51.77,Active,Inactive
1632,N#Cc1ccc(OP(=O)([O-])CNC(=O)/C(=N\OCCC[n+]2ccccc2)c2cccs2)cc1F,0.6536,51.77,Active,Active
1633,C[C@@H](O)[C@H](N)C(=O)N[C@@H](CNC(=O)CCn1cnc2cc(Cl)c(Cl)cc2c1=O)c1cccc(-c2ccc(Cl)cc2)c1,0.6536,51.77,Active,Inactive
1634,Cc1ncc([N+](=O)[O-])n1CC(C)OC(=O)/C=C/c1cccc(Br)c1,0.6536,51.77,Active,Active
1635,CC[C@H](C)[C@H](NC(=O)[C@H](CCCCN)NC(=O)[C@H](CC(C)C)NC(=O)CNC(=O)[C@@H]1CCCN1C(=O)[C@@H](N)CC(N)=O)C(=O)N1CCC[C@H]1C(=O)N[C@@H](C)C(=O)O,0.6536,51.77,Active,Active
1636,COc1cccc(NC(=O)[C@H](Cc2ccccc2)NC(=O)[C@@H]2Cc3ccccc3CN2)c1,0.6536,51.77,Active,Inactive
1637,Cn1nnnc1SCC1=C(C(=O)O)N2C(=O)[C@@H](NC(=O)Cn3cccc3)[C@H]2SC1,0.6536,51.77,Active,Active
1638,Cc1ncc([N+](=O)[O-])n1CC(O)Cn1cc(C(=O)O)c(=O)c2cc(F)cc(F)c21,0.6536,51.77,Active,Active
1639,O=C(O)c1cc2[nH]c3c(c2cc1Cl)CCCC3,0.6536,51.77,Active,Inactive
1640,CCN1C/C(=C/c2cccs2)c2nc3ccccc3c(C(=O)O)c2C1,0.6536,51.77,Active,Active
1641,Oc1ccc([C@@H]2Oc3cccc(O)c3[C@@H]3CCC[C@@H]32)cc1,0.6536,51.77,Active,Active
1642,Cc1cccc(N/N=C/c2ccc(O)c(O)c2O)c1,0.6536,51.77,Active,Inactive
1643,C=CCc1cc(Nc2c3ccc(Cl)cc3nc3ccc(OC)cc23)cc(CN(CC)CC)c1O,0.6536,51.77,Active,Inactive
1644,CCCCCCCCCn1c2c(c(=N)c3c1CCC3)CCCC2,0.6536,51.77,Active,Active
1645,CCC(=O)[C@@H](NC(=O)[C@@H]1CCCNN1C(=O)[C@@H](CC(=O)O)CC(C)C)C(C)C,0.6536,51.77,Active,Active
1646,CCCCCCCCOC(=O)N1CCN(c2cc3c(cc2F)c(=O)c(C(=O)O)cn3C2CC2)CC1,0.6536,51.77,Active,Inactive
1647,O=C(NO)[C@@H]1CN(c2ccc(C#CC#CC3CC3)c([N+](=O)[O-])c2)C(=O)O1,0.6536,51.77,Active,Active
1648,Nc1nc(N)c2cc(S(=O)(=O)N3CCCCC3)ccc2n1,0.6536,51.77,Active,Active
1649,O=C(O)C[C@@H]1CC[C@H](NC(=O)Cc2cccs2)B(O)O1,0.6536,51.77,Active,Active
1650,CCn1cc(C(=O)O)c(=O)c2cc(F)c(N3CCN(Cc4nc5ccccc5[nH]4)CC3)cc21,0.6536,51.77,Active,Active
1651,COc1ccc([C@@H]2N[C@@H](C)[C@@H](O)[C@H]2O)cc1,0.6536,51.77,Active,Active
1652,CCCCCCc1ccc(-c2nc3cc(C(=O)N[C@@H](CCCN)C(=O)N[C@H](C(=O)N[C@@H](C)C(=O)N[C@H]4Cc5cn(nn5)CCO[C@@H]5C[C@@H]6OB(O[C@@H]6C5)[C@H](C)NC4=O)[C@@H](C)O)ccc3[nH]2)cc1,0.6536,51.77,Active,Inactive
1653,Cn1nnnc1SCC1=C(C(=O)[O-])N2C(=O)[C@@H](Nc3cc[n+](COCc4ccccc4)cc3)[C@H]2SC1,0.6536,51.77,Active,Inactive
1654,C[C@]1(Cn2ccnn2)[C@H](C(=O)O)N2C(=O)C[C@H]2S1(=O)=O,0.6536,51.77,Active,Active
1655,Cc1n[nH]c(C)c1CCC(=O)N/N=C/c1ccc(O)cc1O,0.6536,51.77,Active,Inactive
1656,Oc1cccc(/C=N/NC(=S)Nc2cccnc2)c1O,0.6536,51.77,Active,Active
1657,Nc1nc2c(ncn2/C=C2/CC2(CO)CO)c(=O)[nH]1,0.6536,51.77,Active,Inactive
1658,CCCCCCCCCCCNC1=NC(C)(C)NC(NCc2ccc(OC)cc2)=N1,0.6536,51.77,Active,Inactive
1659,COC(=O)CCCC1=CC2=CC(=O)C(C)(OC(=O)C3CCCC3)C(=O)C2=CO1,0.6536,51.77,Active,Active
1660,O=c1cc(-c2ccccc2Cl)oc2c(NS(=O)(=O)c3cc(Cl)cc(Cl)c3O)ccc(O)c12,0.6536,51.77,Active,Inactive
1661,NC1CCN(c2c(F)cc3c(=O)n(N)c(=O)n(C4CCC4)c3c2Cl)C1,0.6536,51.77,Active,Active
1662,O=C(C[n+]1cc(-c2ccc(Cl)cc2)n2c1CCC2)N1c2ccccc2Sc2ccccc21,0.6536,51.77,Active,Active
1663,CC(=O)Nc1ccc(Nc2c3c4c(cccc4n(C)c2=O)C(=O)c2ccccc2-3)cc1,0.6536,51.77,Active,Active
1664,O=C(CO)N1CCC(c2[nH]nc(-c3ccc(Cl)cc3)c2-c2ccncn2)CC1,0.6536,51.77,Active,Active
1665,NS(=O)(=O)c1cc(C(=O)N=Nc2c(O)[nH]c3ccccc23)ccc1Cl,0.6536,51.77,Active,Inactive
1666,CC1CSC2=C(CN(c3cc4c(cc3N)c(=O)c(C(=O)O)cn4C3CC3)CC2)C1=O,0.6536,51.77,Active,Inactive
1667,c1ccc(-c2cnc(NCCCCNc3ncc(-c4ccccc4)[nH]3)[nH]2)cc1,0.6536,51.77,Active,Active
1668,CC(C)C[C@@H]1NC(=O)[C@@H](Cc2ccccc2)NC(=O)[C@H](CCN)NC(=O)[C@@H](NC(=O)CNC(=O)[C@@H](NC(=O)[C@H](N)CSSCCC2CCCCC2)[C@@H](C)O)CCNC(=O)[C@H]([C@@H](C)O)NC(=O)[C@H](CCN)NC(=O)[C@H](CCN)NC1=O,0.6536,51.77,Active,Active
1669,CCNC(=O)Nc1cc(-c2nc(C(F)(F)F)cs2)c(-c2cc3ncccc3nc2N2CC3CCCC(C2)N3)cn1,0.6536,51.77,Active,Active
1670,CC(C)C[C@@H]1NC(=O)[C@@H](Cc2ccccc2)NC(=O)[C@H](CCN)NC(=O)[C@@H](NC(=O)[C@@H](CCN)NC(=O)[C@@H](NC(=O)[C@H](N)CSSCc2cccc(Cl)c2)[C@@H](C)O)CCNC(=O)[C@H]([C@@H](C)O)NC(=O)[C@H](CCN)NC(=O)[C@H](CCN)NC1=O,0.6536,51.77,Active,Active
1671,COc1c(N2C[C@H]3CCCN(C(=O)c4ccc([N+](=O)[O-])cc4)[C@H]3C2)c(F)cc2c(=O)c(C(=O)O)cn(C3CC3)c12,0.6536,51.77,Active,Active
1672,CC#CCOc1ccc(S(=O)(=O)CC2(C(=O)NO)CCN(S(=O)(=O)c3c(C)noc3C)CC2)cc1,0.6536,51.77,Active,Active
1673,N#Cc1c(Cl)c(Cl)c(Nc2ccc(Nc3ccccc3)c3c(=O)[nH]cnc23)c(C#N)c1Cl,0.6536,51.77,Active,Inactive
1674,CC(C)C[C@@H]1NC(=O)[C@@H](Cc2ccccc2)NC(=O)[C@H](CCN)NC(=O)[C@@H](NC(=O)[C@H](CCN)NC(=O)[C@@H](NC(=O)[C@H](N)CSSCc2ccc(Oc3ccccc3)cc2)[C@@H](C)O)CCNC(=O)[C@H]([C@@H](C)O)NC(=O)[C@H](CCN)NC(=O)[C@H](CCN)NC1=O,0.6536,51.77,Active,Active
1675,Cc1cc2nc3c(=O)n(C4CCCCC4)c(=O)[nH]c3nc2cc1N,0.6536,51.77,Active,Active
1676,C=C1[C@H](O)CC(=C/C=C2\CCC[C@]3(C)[C@@H]([C@@H](C)CCCC(C)(C)O)CC[C@@H]23)C[C@H]1O,0.6536,51.77,Active,Active
1677,O=C(NNC(=O)c1cc([N+](=O)[O-])c[nH]1)Nc1ccccc1,0.6536,51.77,Active,Active
1678,COc1ccc2nc(NC(=S)NC(=O)CNc3nc(N)nc4c3ncn4S(=O)(=O)c3ccccc3)sc2c1,0.6536,51.77,Active,Inactive
1679,O=C(O)c1cn(C2CC2)c2cc(N3CCN(c4ncc(Br)cn4)CC3)c(F)cc2c1=O,0.6536,51.77,Active,Inactive
1680,CC(=O)OCC1=C(C(=O)O)N2C(=O)/C(=C/c3ccccn3)[C@H]2S(=O)(=O)C1,0.6536,51.77,Active,Active
1681,Cc1nnc(SC[C@@H]2[C@H](NC(=O)/C(=N\OC(c3cc(=O)c(O)cn3O)C(C)C)c3csc(N)n3)C(=O)N2S(=O)(=O)O)s1,0.6536,51.77,Active,Active
1682,CCC(=O)OCC1=C(C(=O)O)N2C(=O)/C(=C/c3ccccn3)C2S(=O)(=O)C1,0.6536,51.77,Active,Inactive
1683,Cc1nonc1C(=O)N/N=C/c1ccc(O)cc1O,0.6536,51.77,Active,Active
1684,CC(C)C[C@@H]1NC(=O)[C@@H](Cc2ccccc2)NC(=O)[C@H](CCN)NC(=O)[C@@H](NC(=O)[C@H](CCN)NC(=O)[C@@H](NC(=O)[C@H](N)CSSCc2cccc(Cl)c2)[C@@H](C)O)CCNC(=O)[C@H]([C@@H](C)O)NC(=O)[C@H](CCN)NC(=O)[C@H](CCN)NC1=O,0.6536,51.77,Active,Active
1685,Cc1ccc(Nc2c(Cl)c(Cl)c(C#N)c(Cl)c2C#N)c(Nc2ccc([N+](=O)[O-])c3nc[nH]c(=O)c23)c1,0.6536,51.77,Active,Inactive
1686,C#C[C@H]1CC[C@@H](C=N)N1C(=O)[C@@H](N)C1CCCC1,0.6536,51.77,Active,Active
1687,CCCCCCCCCOC(=O)N1CCN(c2cc3c(cc2F)c(=O)c(C(=O)O)cn3C2CC2)CC1,0.6465,50.93,Active,Inactive
1688,NS(=O)(=O)c1cccs1,0.6465,50.93,Active,Active
1689,N=C(N)c1ccc(Oc2cc(C(=O)NC3CCC(N)CC3)cc(Oc3ccc(C(=N)N)cc3)n2)cc1,0.6465,50.93,Active,Active
1690,COc1ccc2nc3c(c(C(=O)O)c2c1)CC(C)C/C3=C\c1cccc(-c2ccc(Cl)c(C(F)(F)F)c2)c1,0.6465,50.93,Active,Inactive
1691,O=[N+]([O-])c1ccc(N/N=C/c2cccc(O)c2O)cc1,0.6465,50.93,Active,Inactive
1692,CCN(CC)Cc1cc(Nc2c3ccc(Cl)cc3nc3ccc(OC)cc23)ccc1O,0.6465,50.93,Active,Inactive
1693,CCN1CCc2c(sc(NC(=O)c3ccc4ccccc4c3)c2C(N)=O)C1,0.6465,50.93,Active,Active
1694,O=C(O)C(=O)c1ccc(OCc2ccc(COc3ccc(C(=O)C(=O)O)cc3)c(C(=O)Nc3cccc(OCc4ccccc4)c3)c2)cc1,0.6465,50.93,Active,Active
1695,CN1CCc2c(sc(NC(=O)c3ccc4ccccc4c3)c2C(N)=O)C1,0.6465,50.93,Active,Inactive
1696,O=C1C[C@@H](c2ccc(C[C@H](Nc3nc4ccccc4s3)c3nc4ccccc4[nH]3)cc2)S(=O)(=O)N1,0.6465,50.93,Active,Active
1697,O=C(NCc1c(F)cccc1Cl)[C@H](OCc1ccccc1)[C@H](O)[C@@H](O)[C@@H](OCc1ccccc1)C(=O)N[C@H]1c2ccccc2C[C@H]1O,0.6465,50.93,Active,Active
1698,CCN1CC=C2C(C#N)=C(N)C(C#N)(C#N)[C@H](c3ccoc3)[C@H]2C1,0.6465,50.93,Active,Active
1699,N#Cc1c(Cl)c(Cl)c(Nc2ccccc2Nc2ccc([N+](=O)[O-])c3nc[nH]c(=O)c23)c(C#N)c1Cl,0.6465,50.93,Active,Inactive
1700,CN(C)CC[C@@H](c1ccccc1)n1cc(NC(=O)c2n[nH]c3cc(-c4cn[nH]c4)ccc23)cn1,0.6465,50.93,Active,Active
1701,CN(C)CC[C@H](c1ccccc1)n1cc(NC(=O)c2n[nH]c3cc(-c4cn[nH]c4)ccc23)cn1,0.6465,50.93,Active,Active
1702,O=C(NNC(=O)c1cc([N+](=O)[O-])c[nH]1)NC1CCCC1,0.6465,50.93,Active,Active
1703,CC1C/C(=C\c2ccc(-c3ccc(Cl)c(C(F)(F)F)c3)s2)c2nc3ccccc3c(C(=O)O)c2C1,0.6465,50.93,Active,Inactive
1704,OC1(C(F)(F)F)c2ccccc2-c2c(-c3cccnc3)cccc21,0.6465,50.93,Active,Active
1705,CCn1cc(C(=O)O)c(=O)c2cc(F)c(-n3cc(CO[C@H]4OC[C@@H](OC(C)=O)[C@@H](OC(C)=O)[C@H]4OC(C)=O)nn3)c(F)c21,0.6465,50.93,Active,Active
1706,COc1c(N2CCN(C/C(C)=N/NC(N)=O)C(C)C2)c(F)cc2c(=O)c(C(=O)O)cn(C3CC3)c12,0.6444,50.7,Active,Inactive
1707,CCc1cnc(N2CCN(c3cc4c(cc3F)c(=O)c(C(=O)O)cn4C3CC3)CC2)nc1,0.6444,50.7,Active,Inactive
1708,O=Nc1c(O)n(Cc2cc(F)cc3c2OCOC3)c2cccc(/C=C/c3ccccc3)c12,0.6444,50.7,Active,Active
1709,N[C@@H]1C[C@H](N)CN(c2nc(Nc3ccc(O)cc3)nc(N3C[C@H](N)C[C@H](N)C3)n2)C1,0.6444,50.7,Active,Inactive
1710,Cc1ncc([N+](=O)[O-])n1CC(O)Cn1cc(C(=O)O)c(=O)c2cc(F)ccc21,0.6444,50.7,Active,Active
1711,NC1CCCN(c2nc(Nc3ccc(Cl)c(Cl)c3)nc(N3CCCC(N)C3)n2)C1,0.6444,50.7,Active,Inactive
1712,c1ccc(CNc2c3c(nc4ccccc24)CCC3)cc1,0.6444,50.7,Active,Inactive
1713,C[C@](O)(COc1ccc(C#N)cc1)C(=O)Nc1ccc(C#N)c(I)c1,0.6444,50.7,Active,Active
1714,O=C(O)COc1c(C(=O)O)sc2ncccc12,0.6444,50.7,Active,Active
1715,NC[C@H]1O[C@H](O[C@@H]2[C@@H](O)[C@H](O[C@@H]3[C@H](O)[C@H](N)C[C@@H](N)[C@H]3O[C@H]3O[C@@H](CO)[C@@H](O)C[C@@H]3N)O[C@@H]2CO)[C@@H](N)[C@@H](O[C@H]2O[C@H](CO)[C@@H](O)[C@H](O)[C@@H]2O)[C@@H]1O,0.6444,50.7,Active,Active
1716,CC(C)C[C@@H]1NC(=O)[C@@H](Cc2ccccc2)NC(=O)[C@H](CCN)NC(=O)[C@@H](NC(=O)[C@H](CN)NC(=O)[C@@H](NC(=O)[C@H](CCN)NC(=O)c2ccc(Oc3ccccc3)nc2)[C@@H](C)O)CCNC(=O)[C@H]([C@@H](C)O)NC(=O)[C@H](CCN)NC(=O)[C@H](CCN)NC1=O,0.6444,50.7,Active,Active
1717,N[C@@H]1C[C@H](N)CN(c2nc(Nc3ccc(C(=O)CC(=O)Nc4ccc(-c5ccccc5)cc4)cc3)nc(N3C[C@H](N)C[C@H](N)C3)n2)C1,0.6444,50.7,Active,Active
1718,O=c1ccc2[n+]([O-])c3ccc(O)cc3oc-2c1,0.6444,50.7,Active,Inactive
1719,COc1cc(OC)cc(OCCCNc2nc(N)nc(O)c2N=O)c1,0.6444,50.7,Active,Inactive
1720,Cc1o[nH]c(=O)c1C[C@H](N)C(=O)O,0.6444,50.7,Active,Active
1721,CN1CCN(Cc2csc(C(=O)Nc3ccc(Cl)cc3C(=O)Nc3ccc(Cl)cc3)c2Cl)CC1,0.6444,50.7,Active,Active
1722,COc1cc2c(cc1OC)[C@H](Cc1ccc(O)cc1)NCC2,0.6444,50.7,Active,Inactive
1723,O=C(Cn1cc(CN2CCN(c3cc4c(cc3F)c(=O)c(C(=O)O)cn4C3CC3)CC2)nn1)N[C@@H](CSc1ccccc1)C(=O)O,0.6444,50.7,Active,Active
1724,Cc1c(CN2CCC(CO)(CCOc3ccccc3)CC2)[nH]c2c(Cl)cccc12,0.6444,50.7,Active,Inactive
1725,CC(C)Cn1c(=O)c(C(=O)Nc2ccccc2S(N)(=O)=O)c(O)c2ccccc21,0.6444,50.7,Active,Inactive
1726,CCCc1c(Sc2ccc3ccccc3c2)[nH]c2nc(N)nc(N)c12,0.6444,50.7,Active,Active
1727,O=S(=O)(NCB(O)O)c1ccc(-c2nnn[nH]2)cc1C(F)(F)F,0.6444,50.7,Active,Inactive
1728,COCC1=C(C(=O)O)N2C(=O)/C(=C/c3ccccn3)C2S(=O)(=O)C1,0.6444,50.7,Active,Active
1729,COCCN1CCCC[C@H](NC(=O)[C@H](CC(C)C)C(CCCO)C(=O)NO)C1=O,0.6444,50.7,Active,Active
1730,NS(=O)(=O)c1ccc(C(=O)NCc2cc(F)ccc2F)cc1,0.6444,50.7,Active,Active
1731,Cc1nc2ccccc2c(-c2ccc(Cl)cc2)c1[C@H](OC(C)(C)C)C(=O)O,0.6444,50.7,Active,Active
1732,COc1c(N2CCN(C/C(C)=N/NC(C)=O)C(C)C2)c(F)cc2c(=O)c(C(=O)O)cn(C3CC3)c12,0.6444,50.7,Active,Active
1733,C[C@@](C[C@H]1CN(c2ccc(C#CC3CC3)cc2)C(=O)O1)(C(=O)NO)S(C)(=O)=O,0.6444,50.7,Active,Active
1734,COC(=O)[C@@H](NC(=O)CNC(=O)[C@H](CS)NCc1ccc(-c2ccccc2)cc1)C(C)C,0.6444,50.7,Active,Active
1735,CCCCCCCCCCOC(=O)N1CCN(c2cc3c(cc2F)c(=O)c(C(=O)O)cn3C2CC2)CC1,0.6444,50.7,Active,Inactive
1736,Oc1ccc([C@@H]2Oc3ccc(O)cc3[C@@H]3CCC[C@@H]32)cc1,0.6444,50.7,Active,Active
1737,CO/N=C(\C)CN1CCN(c2c(F)cc3c(=O)c(C(=O)O)cn(C4CC4)c3c2OC)CC1C,0.6444,50.7,Active,Inactive
1738,O=[N+]([O-])c1c[nH]c(-c2nnc(-c3cccs3)o2)c1,0.6444,50.7,Active,Active
1739,O=C(O)[C@H]1CCCN1C(=O)CCCCC(=O)N1CCC[C@@H]1C(=O)O,0.6444,50.7,Active,Active
1740,Oc1ccc([C@@H]2Oc3ccc(O)cc3[C@@H]3CC(F)(F)C[C@@H]32)cc1,0.6444,50.7,Active,Active
1741,OC1(C(F)(F)F)c2ccccc2-c2c(-c3cnn(C45CC6CC(CC(C6)C4)C5)c3)cccc21,0.6444,50.7,Active,Active
1742,CO/N=C(\C(=O)NCP(=O)(O)O)c1cccs1,0.6444,50.7,Active,Active
1743,CC(/C=C/C=C1/N(CCS(=O)(=O)O)c2ccc(S(=O)(=O)[O-])cc2C1(C)C)=C\C=C\C1=[N+](CCS(=O)(=O)O)c2ccc(S(=O)(=O)O)cc2C1(C)C,0.6444,50.7,Active,Active
1744,C[C@@H](O)[C@H]1C(=O)N2C(C(=O)O)=C([C@H]3CCCO3)S[C@H]12,0.6444,50.7,Active,Active
1745,CCNC(=O)Nc1cc(Nc2cccnc2)c(C(=O)Nc2cccnc2)cn1,0.6444,50.7,Active,Active
1746,Cc1noc(NS(=O)(=O)c2ccc(-n3c(S)c(C#N)c(-c4ccco4)c(C#N)c3=O)cc2)c1C,0.6444,50.7,Active,Active
1747,O=C(Nc1ccc2[nH]nc(-c3ccncc3)c2c1)[C@@H]1CCN(CC(=O)N2CCN(c3ccc(-c4ncccn4)cc3)CC2)C1,0.6444,50.7,Active,Active
1748,O=C(NNC(=O)c1cc([N+](=O)[O-])c[nH]1)Nc1ccc(Br)cc1,0.6444,50.7,Active,Active
1749,CC1=C[C@H]2Cc3[nH]c(=O)ccc3[C@]3(C1)NCCC[C@H]23,0.6444,50.7,Active,Active
1750,CC1=NN(c2cccc(S(=O)(=O)O)c2)C(=O)C1/N=N/c1n[nH]c2nc3cc4ccccc4cc3cc12,0.6444,50.7,Active,Inactive
1751,O=C(NN1C(=O)[C@H](Cl)[C@H]1c1ccccc1Cl)c1cc(-c2ccc(Cl)cc2)n[nH]1,0.6444,50.7,Active,Active
1752,C=C1CCOC2([C@@H](O)[C@@](C)(O)CO)NC(=O)[C@@]1(O)NC2=O,0.6444,50.7,Active,Active
1753,COc1ccc(OC)c(CCCc2csc3nc(N)nc(N)c23)c1,0.6444,50.7,Active,Inactive
1754,O=C(NN1C(=O)[C@H](Cl)[C@H]1c1ccccc1[N+](=O)[O-])c1cc(-c2ccc(Cl)cc2)n[nH]1,0.6444,50.7,Active,Active
1755,C[C@@H](Cn1cnc2c(N)nc(N)nc21)OCP(=O)(O)O,0.6444,50.7,Active,Active
1756,C[C@@H](N)C1CCC(C(=O)Nc2ccncc2)CC1,0.6444,50.7,Active,Active
1757,CCn1cc(C(=O)O)c(=O)c2cc(F)c(N3CCN(c4nc(N5CCN(C)CC5)nc(N5CCN(C)CC5)n4)CC3)cc21,0.6444,50.7,Active,Active
1758,CC(C)C1=CNN2C(Nc3ccc(S(=O)(=O)N(C)C)cc3)CC(NC3CCC(N)CC3)NC12,0.6318,49.22,Active,Active
1759,Cc1ccc(C(=O)CSc2nc3nc(N)[nH]c(=O)c3[nH]2)cc1,0.6199,47.86,Active,Active
1760,CC(C)C[C@H](NC(=O)[C@H](CS)NC(=O)[C@H](Cc1cnc[nH]1)NC(=O)[C@H](C)NC(=O)[C@H](C)NC(=O)[C@H](CS)NC(=O)[C@H](C)NC(=O)[C@H](C)NC(=O)[C@@H](N)CCCCN)C(=O)N[C@@H](Cc1c[nH]c2ccccc12)C(=O)N[C@@H](CCCNC(N)N)C(N)=O,0.6199,47.86,Active,Inactive
1761,CNc1cc(F)cc2cc(C(=O)Nc3ccc(C(=O)NS(=O)(=O)N(C)C)cc3)c(=O)[nH]c12,0.6199,47.86,Active,Active
1762,CCOc1cc([C@@H](Nc2ccc3c(N)nccc3c2)C(=O)NS(=O)(=O)c2ccccc2)ccc1OC(C)C,0.6199,47.86,Active,Active
1763,CC(C)C[C@@H]1NC(=O)[C@@H](Cc2ccccc2)NC(=O)[C@H](CCN)NC(=O)[C@@H](NC(=O)[C@@H](CCN)NC(=O)[C@@H](NC(=O)[C@H](N)CSSCCC2CCCCC2)[C@@H](C)O)CCNC(=O)[C@H]([C@@H](C)O)NC(=O)[C@H](CCN)NC(=O)[C@H](CCN)NC1=O,0.6199,47.86,Active,Active
1764,CO/N=C(/C(=O)NCP(=O)(O)O)c1cccs1,0.6199,47.86,Active,Active
1765,O=C(O)CC(O)(CC(=O)NCC(=O)N1CCN(c2cc3c(cc2F)c(=O)c(C(=O)O)cn3C2CC2)CC1)C(=O)O,0.6199,47.86,Active,Active
1766,CN(C)CCN(C(=O)c1ccc(Cl)s1)c1nc2cc3c(cc2s1)OCCO3,0.6199,47.86,Active,Inactive
1767,O=C(NNC(=O)c1cc([N+](=O)[O-])c[nH]1)Nc1ccc(Cl)cc1,0.6199,47.86,Active,Active
1768,O=C(O)C[C@@H](C(=O)O)N1Cc2ccccc2C1=O,0.6199,47.86,Active,Inactive
1769,CC(=O)Oc1cccc2c1C(=O)C1C(O)[C@]3(OC(C)=O)C(O)=C(C(N)=O)C(=O)[C@@H](N(C)C)C3CC1[C@]2(C)O,0.6199,47.86,Active,Inactive
1770,CCCCCCCCCC(=O)NC(C)(C)C(=O)N1CCC[C@H]1C(=O)N[C@@H](Cc1ccccc1)C(=O)NC(C)(C)C(=O)N[C@@H](CCC(N)=O)C(=O)N[C@@H](CCC(N)=O)C(=O)NC(C)(C)C(=O)NC(C)(C)C(=O)N[C@@H](CCC(N)=O)C(=O)N[C@@H](CC(C)C)C(=O)N[C@H](CO)C(C)C,0.6199,47.86,Active,Inactive
1771,OC[C@@H]1[C@@H](O)[C@H](O)[C@@H](O)[C@@H]1NCC1CCCCC1,0.6199,47.86,Active,Active
1772,Cc1ncc([N+](=O)[O-])n1CC(C)OC(=O)/C=C/c1ccc(Br)cc1,0.6199,47.86,Active,Active
1773,NC1=NC2CCC(C(=O)c3c(F)cccc3F)CN2/C1=C(/O)c1ccccc1,0.6199,47.86,Active,Active
1774,O=C(O)c1cc(N=Nc2ccc(S(=O)(=O)Nc3ccccn3)cc2)ccc1O,0.6199,47.86,Active,Active
1775,CC1=CC(C)(C)Nc2c(Cl)cc(Cc3cnc(N)nc3N)cc21,0.6199,47.86,Active,Inactive
1776,CCn1cc(C(=O)O)c(=O)c2cc(F)c(N3CCN(CN4C(=O)c5ccccc5C4=O)CC3)cc21,0.6199,47.86,Active,Inactive
1777,Oc1c(Cl)cc(CN2CCCCC2)c2cccnc12,0.6199,47.86,Active,Active
1778,CCCc1nc2n[nH]c(N)c2c2c1CCCC2,0.6199,47.86,Active,Inactive
1779,CC(C)C[C@@H]1NC(=O)[C@@H](Cc2ccccc2)NC(=O)[C@H](CCN)NC(=O)[C@@H](NC(=O)[C@H](CCN)NC(=O)[C@@H](NC(=O)[C@H](N)CSSCCC2CCCCC2)[C@@H](C)O)CCNC(=O)[C@H]([C@@H](C)O)NC(=O)[C@H](CCN)NC(=O)[C@H](CCN)NC1=O,0.6199,47.86,Active,Active
1780,CCN(CC)c1ccc2cc(-c3nc4sc(S(=O)(=O)/N=C/N(C)C)nn4c3C3SCC(=O)N3c3ccccc3)c(=O)oc2c1,0.6199,47.86,Active,Active
1781,Nc1nc(N)c2c(Cl)c(Sc3cccc(C(F)(F)F)c3)ccc2n1,0.6199,47.86,Active,Active
1782,CC(C)C[C@@H]1NC(=O)[C@@H](Cc2ccccc2)NC(=O)[C@H](CCN)NC(=O)[C@@H](NC(=O)[C@H](CCN)NC(=O)[C@@H](NC(=O)[C@@H](N)CSSCCC2CCCCC2)[C@@H](C)O)CCNC(=O)[C@H]([C@@H](C)O)NC(=O)[C@H](CCN)NC(=O)[C@H](CCN)NC1=O,0.6199,47.86,Active,Active
1783,Cc1nnc(N2C(=O)C(O)=C(C(=O)c3ccco3)C2c2cccc3ccccc23)s1,0.6199,47.86,Active,Inactive
1784,CC1=NN(c2ccc(S(=O)(=O)O)cc2C)C(=O)C1/N=N/c1n[nH]c2nc3cc4ccccc4cc3cc12,0.6199,47.86,Active,Inactive
1785,CN(C)c1ccc(Nc2nc(N3C[C@H](N)C[C@H](N)C3)nc(N3C[C@H](N)C[C@H](N)C3)n2)cc1,0.6199,47.86,Active,Inactive
1786,CC1=NN(c2ccc(S(=O)(=O)O)cc2)C(=O)C1/N=N/c1n[nH]c2nc3cc4ccccc4cc3cc12,0.6199,47.86,Active,Inactive
1787,O=C(Nc1cc(-c2ccc(OC(F)(F)F)cc2)sc1C(=O)O)c1cc2ccccc2o1,0.6199,47.86,Active,Inactive
1788,Cc1nn(C)c(SCC(=O)N2CC[C@@H]3[C@H]2C(=O)N3S(=O)(=O)O)nc1=O,0.6199,47.86,Active,Active
1789,[N-]=[N+]=NCCOc1ccc(-c2cc(NC(=O)c3c(F)cccc3F)c(C(=O)O)s2)cc1,0.6199,47.86,Active,Active
1790,O=C(O)CC(O)(CC(=O)N1CCN(c2cc3c(cc2F)c(=O)c(C(=O)O)cn3C2CC2)CC1)C(=O)O,0.6199,47.86,Active,Active
1791,CN[C@H]1[C@@H](O[C@@H]2/C3=C/C#C[C@H]4O[C@@]4([C@H]4COC(=O)O4)C#CC3=C[C@H]2OC(=O)c2c(O)ccc3c(C)cc(OC)cc23)O[C@H](C)[C@H](O)[C@@H]1O,0.6199,47.86,Active,Active
1792,N[C@@H](Cn1ccc(=O)[nH]c1=O)C(=O)O,0.6199,47.86,Active,Active
1793,S=C(S)N1CCN(C(=S)S)CCN(C(=S)S)CC1,0.6199,47.86,Active,Active
1794,CCCCC(=O)N1CCN(c2cc3c(cc2F)c(=O)c(C(=O)O)cn3C2CC2)CC1,0.6199,47.86,Active,Inactive
1795,Nc1cc(N2C[C@@H](C(=O)NO)OC2=O)ccc1C#CC#CC1CC1,0.6199,47.86,Active,Active
1796,NC[C@@H]1O[C@H](O[C@H]2[C@@H](OCCNCc3ccccc3)[C@H](O[C@@H]3[C@@H](O)[C@H](N)C[C@H](N)[C@H]3O[C@H]3O[C@H](CO)[C@@H](O)[C@H](O)[C@H]3N)O[C@@H]2CO)[C@H](N)[C@@H](O)[C@@H]1O,0.6199,47.86,Active,Active
1797,O=C(O)CCCNc1cc(N2CCN(C(=O)c3ccco3)CC2)c2noc3c2c1C(=O)c1ccccc1-3,0.6199,47.86,Active,Active
1798,CCc1[nH]c2nc(Sc3cnc4nccnc4c3)nc(N3C[C@@H]4[C@@H](N)[C@@H]4C3)c2c1Cl,0.6199,47.86,Active,Active
1799,CCc1[nH]c2nc(Sc3cnc4nccnc4c3)nc(N3C[C@@H]4[C@H](C3)[C@@]4(N)C(N)=O)c2c1Cl,0.6199,47.86,Active,Active
1800,O=C(N/N=C/c1ccc(O)cc1)c1cc(-c2ccc(Cl)cc2)n[nH]1,0.6199,47.86,Active,Active
1801,O=C(Nc1cc(Cl)c(Br)c(Cl)c1)Nc1ccc2[nH]ccc2c1,0.6199,47.86,Active,Active
1802,CCn1cc(C(=O)O)c(=O)c2ccc(-c3ccncc3)cc21,0.6199,47.86,Active,Active
1803,Fc1ccc(-c2cnc(NCCCCNc3ncc(-c4ccc(F)cc4)[nH]3)[nH]2)cc1,0.6199,47.86,Active,Active
1804,O=C(N/N=C/c1ccc([N+](=O)[O-])o1)c1ccc(Cl)c(Cl)c1,0.6199,47.86,Active,Inactive
1805,C[C@@H]1NC(=O)[C@@H](NC(=O)[C@H](C)NC(=O)[C@@H](NC(=O)[C@H](CCCN)NC(=O)c2ccc(-c3ccccc3)cc2)[C@@H](C)O)Cc2cn(nn2)CCO[C@@H]2C[C@@H]3OB1O[C@@H]3C2,0.6199,47.86,Active,Inactive
1806,N[C@@H](Cc1o[nH]c(=O)c1Br)C(=O)O,0.6199,47.86,Active,Active
1807,Cc1cc(NC(=O)c2cccc(Cl)c2)c2cc(NC(=O)Nc3ccc(Cl)cc3)ccc2n1,0.6199,47.86,Active,Active
1808,C=C[C@]1(C)C[C@@H](OC(=O)Cn2cc(CN(CC)CC)nn2)[C@]2(C)[C@H](C)CC[C@]3(CCC(=O)[C@H]32)[C@@H](C)[C@@H]1O,0.6199,47.86,Active,Active
1809,CC(=O)N[C@@H]1[C@@H](O)[C@H](O)[C@@H](CO)O[C@H]1SC(=S)N1CCCC1,0.6199,47.86,Active,Inactive
1810,Fc1ccc(Nc2c(-c3cnc4ccc(F)cc4c3)nc3sc4cc(F)ccc4n23)cc1,0.6199,47.86,Active,Active
1811,CC(C)(C)OC(=O)NCCCC1=CC2=CC(=O)C(C)(OC(=O)C3CCCC3)C(=O)C2=CO1,0.6199,47.86,Active,Active
1812,COc1ccc([C@@H]2[C@@H](Cl)C(=O)N2NC(=O)c2cc(-c3ccc(Cl)cc3)n[nH]2)cc1OC,0.6199,47.86,Active,Active
1813,CCCCCCCCCCCCOC(=O)N1CCN(c2cc3c(cc2F)c(=O)c(C(=O)O)cn3C2CC2)CC1,0.6199,47.86,Active,Inactive
1814,Cc1nnc(SCC2=C(C(=O)O)N3C(=O)[C@@H](NC(=O)Cn4cnnn4)[C@H]3SC2)s1,0.6199,47.86,Active,Active
1815,NS(=O)(=O)c1ccc(NC(=S)NC(=O)Cc2ccccc2)cc1,0.6199,47.86,Active,Active
1816,C[C@@H]1NC(=O)[C@@H](NC(=O)[C@H](C)NC(=O)[C@@H](NC(=O)[C@H](CCCN)NC(=O)c2ccc(-c3ccccc3)cc2)[C@@H](C)O)Cc2cn(nn2)CCOC2C[C@@H]3OB1O[C@@H]3C2,0.6199,47.86,Active,Active
1817,O=C(Nc1ccccc1C(=O)O)c1ccc(-c2ccc(F)cc2F)c(Oc2ccccc2)c1,0.6199,47.86,Active,Active
1818,Cc1ncc(-c2cccc(Cl)c2-c2cc3cnc(N)nc3nc2N2C[C@@H]3[C@@H](N)[C@@H]3C2)s1,0.6199,47.86,Active,Active
1819,Cc1cc2nc3c(=O)[nH]c(=O)[nH]c3nc2c([N+](=O)[O-])c1N,0.6199,47.86,Active,Active
1820,N[C@@H]1C[C@H](N)CN(c2nc(Nc3ccc(C(=O)CC(=O)Nc4ccc(F)c(F)c4)cc3)nc(N3C[C@H](N)C[C@H](N)C3)n2)C1,0.6199,47.86,Active,Active
1821,Cn1nnnc1SCC1=C(C(=O)O)N2C(=O)[C@@H](NC(=O)Cc3cccs3)[C@H]2SC1,0.6199,47.86,Active,Inactive
1822,Cc1cc2c3c(c1C)C(C)(C)CCn3c(=O)c(=O)n2C[C@H](O)[C@H](O)[C@H](O)CO,0.6199,47.86,Active,Inactive
1823,Nc1ccc2nc3c(=O)n(C4CCCCC4)c(=O)[nH]c3nc2c1,0.6199,47.86,Active,Active
1824,COc1ccc(Cl)cc1-c1c(C(=O)O)[nH]c2c1CCc1ccccc1-2,0.5851,43.94,Active,Active
1825,O=C(O)C1=CC(=C(c2ccc(O)c(C(=O)O)c2)c2ccc(O)c(C(=O)O)c2)C=CC1=O,0.5851,43.94,Active,Active
1826,Cc1c(Cc2ccccc2)c(Cl)nc2nc(N)c(C(N)=O)cc12,0.5851,43.94,Active,Active
1827,CN1CCc2c3c(n(-c4ccc(C(N)=O)cc4)c2C1)CC(C)(C)CC3=O,0.5851,43.94,Active,Active
1828,OC[C@H]1O[C@@H](S[C@@H]2CO[C@@H](OCc3ccccc3)[C@H](O)C2)[C@H](O)[C@@H](O)[C@H]1O,0.5851,43.94,Active,Inactive
1829,O=C(O)c1cn(C2CC2)c2cc(N3CCN(S(=O)(=O)c4c(Cl)cc(Cl)cc4Cl)CC3)c(F)cc2c1=O,0.5851,43.94,Active,Inactive
1830,C[C@@H]1c2nc(C(F)(F)F)nn2CCN1C(=O)C[C@H](N)Cc1cc(F)c(F)cc1F,0.5851,43.94,Active,Active
1831,COc1cc(/C=N/NC(=O)c2cc(-c3ccc(Cl)cc3)n[nH]2)ccc1O,0.5851,43.94,Active,Active
1832,NC[C@@H]1O[C@H](O[C@H]2[C@@H](O)[C@H](O[C@@H]3[C@@H](O)[C@H](N)C[C@H](N)[C@H]3O[C@H]3O[C@H](CO)[C@@H](O)C[C@H]3N)O[C@@H]2CO)[C@H](N)[C@@H](O)[C@@H]1O[C@H]1O[C@H](CO)[C@@H](O)[C@H](O)[C@@H]1O,0.5851,43.94,Active,Active
1833,C=C1NC(=O)[C@@H](CC)NC(=O)CNC(=O)[C@](C)(C(C)=O)NC(=O)[C@H](Cc2c[nH]c3cccc(OC)c23)NC(=O)c2csc(n2)[C@@H](C)NC(=O)CN(C)C1=O,0.5851,43.94,Active,Inactive
1834,CC(C)C[C@H](NC(=O)[C@H](Cc1ccc(C(F)(F)P(=O)(O)O)cc1)NC(=O)[C@H](CCC(=O)OCc1ccccc1)NC(=O)OCC1c2ccccc2-c2ccccc21)C(N)=O,0.5851,43.94,Active,Active
1835,Nc1ncc2cc(-c3c(Cl)cccc3-c3ccncc3)c(N3C[C@@H]4[C@@H](N)[C@@H]4C3)nc2n1,0.5851,43.94,Active,Active
1836,Nc1nc2[nH]c(CCCc3ccc(C(=O)N[C@@H](CCC(=O)O)C(=O)O)cc3)cc2c(=O)[nH]1,0.5851,43.94,Active,Inactive
1837,COCC#CC[C@@H](NS(=O)(=O)c1ccc(-c2ccc(OC)cc2)cc1)C(=O)O,0.5851,43.94,Active,Active
1838,CCCCCc1ccc(OCCC[n+]2ccccc2)c(CCCCC)c1,0.5851,43.94,Active,Active
1839,COC/C=C/C1=CC2=CC(=O)C(C)(OC(=O)C3CCCC3)C(=O)C2=CO1,0.5851,43.94,Active,Inactive
1840,Cc1cccc(C(=O)CSc2nc3nc(N)[nH]c(=O)c3[nH]2)c1,0.5851,43.94,Active,Active
1841,CCc1ccc(-c2ccc(C(=O)O)c(CS)c2)cc1,0.5851,43.94,Active,Inactive
1842,CCCCCCCCCCNC1=NC(C)(C)NC(NCc2ccc(C)cc2)=N1,0.5851,43.94,Active,Inactive
1843,CCCCCCc1ccc(-c2ccc(C(=O)N[C@@H](CCCN)C(=O)N[C@H](C(=O)N[C@@H](C)C(=O)N[C@H]3Cc4cn(nn4)CCOC4C[C@@H]5OB(O[C@@H]5C4)[C@H](C)NC3=O)[C@@H](C)O)cc2)cc1,0.5851,43.94,Active,Active
1844,NS(=O)(=O)c1ccc(Nc2cn3cc(C(=O)c4c(Cl)cccc4Cl)ccc3n2)cc1,0.5851,43.94,Active,Active
1845,O=C(O)Cc1c2ccccc2n2c1[nH]c(=O)c1ccccc12,0.5851,43.94,Active,Active
1846,CCn1cc(C(=O)O)c(=O)c2cc(F)c(N3CCN(Cn4nc(-c5ccccc5O)n(-c5ccc(OC)cc5)c4=S)CC3)cc21,0.5851,43.94,Active,Active
1847,CSCC[C@H](NC(=O)[C@H](Cc1ccccc1)NC(C)=O)C(=O)NC(C)(C)C(=O)N[C@@H](Cc1ccc(CP(=O)(O)O)cc1)C(=O)N[C@@H](Cc1c[nH]c2cc(Cl)ccc12)C(=O)N[C@@H](CCC(=O)O)C(=O)NC1(C(=O)N[C@@H](CC(C)C)C(N)=O)CC1,0.5851,43.94,Active,Active
1848,N[C@@H]1C[C@H](N)CN(c2nc(Nc3ccccc3F)nc(N3C[C@H](N)C[C@H](N)C3)n2)C1,0.5851,43.94,Active,Inactive
1849,CCCCCCN(CCCOc1ccccc1-c1ccccc1OCCCN(CCCCCC)C(=O)[C@@H](N)CCCCN)C(=O)[C@@H](N)CCCCN,0.5851,43.94,Active,Active
1850,N[C@H]1C(=O)N[C@@H]2Cc3ccc(c(Cl)c3)Oc3cc4cc(c3O)Oc3ccc(cc3Cl)[C@@H](O)[C@@H]3NC(=O)[C@H](NC(=O)[C@@H]4NC(=O)[C@@H](NC2=O)c2cc(O)cc(c2)Oc2cc1ccc2O)c1ccc(O)c(c1)-c1c(O)cc(O)cc1[C@@H](C(=O)NC1CN2CCC1CC2)NC3=O,0.5851,43.94,Active,Inactive
1851,CC(C)[C@@H]1NC(=O)[C@@H](NC(=O)[C@H](Cc2ccc(O)cc2)NC(=O)[C@@H]2CCCN2C(=O)[C@H](C)N)CSSC[C@@H](C(N)=O)NC(=O)[C@H](CO)NC(=O)[C@H](Cc2c[nH]c3ccccc23)NC(=O)[C@H](CO)NC(=O)CCNC(=O)[C@H](CCCN=C(N)N)NC(=O)[C@H](Cc2ccc(O)cc2)NC1=O,0.5851,43.94,Active,Active
1852,CC(=O)NC(c1cccs1)c1cc([N+](=O)[O-])c2cccnc2c1O,0.5851,43.94,Active,Active
1853,CC(C)C[C@@H]1NC(=O)[C@@H](Cc2ccccc2)NC(=O)[C@H](CCN)NC(=O)[C@@H](NC(=O)[C@H](CN)NC(=O)[C@@H](NC(=O)[C@@H]2CNCCN2CC(C)C)[C@@H](C)O)CCNC(=O)[C@H]([C@@H](C)O)NC(=O)[C@H](CCN)NC(=O)[C@H](CCN)NC1=O,0.5851,43.94,Active,Active
1854,Cc1ncc([N+](=O)[O-])n1CC(C)OC(=O)/C=C/c1cccc(F)c1,0.5851,43.94,Active,Active
1855,Cc1ccccc1[C@H]1CCCN1C(=O)c1ccc(O)cc1O,0.5851,43.94,Active,Active
1856,CC(C)C[C@@H]1NC(=O)[C@@H](Cc2ccccc2)NC(=O)[C@H](CCN)NC(=O)[C@@H](NC(=O)[C@H](CN)NC(=O)[C@@H](NC(=O)[C@H](CCN)NC(=O)c2cnnc(-c3ccccc3)c2)[C@@H](C)O)CCNC(=O)[C@H]([C@@H](C)O)NC(=O)[C@H](CCN)NC(=O)[C@H](CCN)NC1=O,0.5851,43.94,Active,Active
1857,Nc1nc2nc(SCC(=O)c3ccccc3)[nH]c2c(=O)[nH]1,0.5851,43.94,Active,Active
1858,CN1CCN=C1c1cccc(Oc2nc(Oc3cc(C(=N)N)ccc3O)c(F)c(N(C)CC(=O)O)c2F)c1,0.5851,43.94,Active,Active
1859,CO[C@H]1C[C@H](C)Cc2cc(O)cc(c2)NC(=O)/C(C)=C/CC[C@H](C)[C@@H](OC(N)=O)/C(C)=C/[C@H](C)[C@H]1O,0.5851,43.94,Active,Active
1860,CN(C)Cc1ccc([C@H]2C[C@@H]2C(=O)Nc2nc3ccc(-c4cn[nH]c4)cc3s2)cc1,0.5851,43.94,Active,Active
1861,CN(C)CCNc1ccc2ncn3c4ccc(O)cc4c(=O)c1c23,0.5851,43.94,Active,Active
1862,OC1(C(F)(F)F)c2ccccc2-c2c(-c3ccccc3)cccc21,0.5851,43.94,Active,Inactive
1863,C[C@H](NC(=O)[C@@H](N)Cc1ccccc1)C(=O)NC[C@H](O)[C@H]1O[C@H](C(=O)O)C[C@@H](O)[C@H]1O,0.5851,43.94,Active,Inactive
1864,Cc1ncc([N+](=O)[O-])n1CC(C)OC(=O)/C=C/c1ccc(N(C)C)cc1,0.5851,43.94,Active,Active
1865,Cc1ncc([N+](=O)[O-])n1CC(C)OC(=O)/C=C/c1ccc(F)cc1,0.5851,43.94,Active,Active
1866,Cc1ncc([N+](=O)[O-])n1CC(C)OC(=O)/C=C/c1ccc(Cl)cc1,0.5851,43.94,Active,Active
1867,O=C(O)c1cc(-c2ccc(F)cc2F)ccc1O,0.5851,43.94,Active,Active
1868,Oc1ccc(C[C@H]2NCCc3cc(O)c(O)cc32)cc1O,0.5851,43.94,Active,Active
1869,CC1CCN(CCOc2ccccc2-c2ccccc2)CC1,0.5851,43.94,Active,Inactive
1870,Cc1ncc([N+](=O)[O-])n1CC(C)OC(=O)/C=C/c1ccc(Cl)cc1Cl,0.5851,43.94,Active,Active
1871,COc1ccc2c(c1)C(=O)N(C[C@@]1(c3ccc(-c4cccnc4)cc3)NC(=O)NC1=O)C2,0.5851,43.94,Active,Active
1872,O=C(N/N=C/c1ccc([N+](=O)[O-])o1)c1ccc(Cl)cc1Cl,0.5851,43.94,Active,Inactive
1873,NC(=O)[C@@]1(Cc2ccc(OCc3cc(-c4ccccc4)nc4ccccc34)cc2)C[C@@H]1C(=O)NO,0.5851,43.94,Active,Active
1874,Clc1ccc2c(c1Cl)CNCC2,0.5851,43.94,Active,Active
1875,NC(=O)CNC(=O)[C@H](Cc1c[nH]c2ccccc12)NC(=O)c1ccc(O[C@@H]2O[C@H](CO)[C@H](O)[C@H](O)[C@H]2O)cc1,0.5851,43.94,Active,Active
1876,N#CCN(Cc1ccccc1)Cc1cc([N+](=O)[O-])c2cccnc2c1O,0.5851,43.94,Active,Active
1877,Cc1ccc(O)c(/C=N/NC(=O)c2ccc(CO/N=C(\C(=O)N[C@@H]3C(=O)N(S(=O)(=O)O)[C@H]3C)c3csc(N)n3)cc2)c1,0.5851,43.94,Active,Active
1878,CC(=O)OCC1=C(C(=O)OC(c2ccccc2)c2ccccc2)N2C(=O)[C@@H](Nc3nc4cc(CN)ccc4[nH]3)C2SC1,0.5851,43.94,Active,Active
1879,CCN(CC)Cc1cc(Nc2c3ccc(Cl)cc3nc3c(OC)ccc(Cl)c23)ccc1O,0.5851,43.94,Active,Inactive
1880,O=NC(=O)CN(CCO)S(=O)(=O)c1ccc(-c2ccccc2)cc1,0.5851,43.94,Active,Active
1881,N=C(N)c1ccc2nc(Cc3nc4ccccc4[nH]3)[nH]c2c1,0.5851,43.94,Active,Active
1882,Clc1ccc(OCCCNCc2ccccc2)c2ccccc12,0.5851,43.94,Active,Active
1883,C#CCO[C@@H]1[C@@H](C)[C@H](OC(=O)NCCCCN=C(N)NC(=O)NC)[C@@H](C)C(=O)O[C@H](CC)C(C)(C)[C@@H]2OC(C)(C)O[C@H]([C@@H]2C)[C@H](C)C[C@@]1(C)O,0.5851,43.94,Active,Active
1884,Cc1cc(COc2ccc([C@]3(C)CCN([C@H](C)C(=O)NO)C3=O)cc2)c2ccccc2n1,0.5851,43.94,Active,Active
1885,C#CCOCCCCCCCCCCCCOc1ccc(-c2nc3ccc(-c4nc5ccc(N6CCN(C)CC6)cc5[nH]4)cc3[nH]2)cc1,0.5851,43.94,Active,Active
1886,COc1ccc2c(c1)c(=O)c(C(=O)O)cn2CC(O)Cn1c([N+](=O)[O-])cnc1C,0.5851,43.94,Active,Inactive
1887,Cc1ccc(-c2ccc(C(=O)N[C@H](C(=O)NO)C(C)(C)NS(C)(=O)=O)nc2)cc1,0.5851,43.94,Active,Inactive
1888,N=C(N)c1ccc2cc(C(=O)Nc3cccc(OC4CCCC4)c3)ccc2c1,0.5851,43.94,Active,Active
1889,Cc1ccc(NC(=O)c2ccnc(N3CCOCC3)c2)cc1-c1ccc(C(=O)NCC2CC2)cc1,0.5851,43.94,Active,Active
1890,COc1ccc(C(=O)CN2CCN(c3c(F)cc4c(=O)c(C(=O)O)cn5c4c3OC[C@@H]5C)CC2)cc1,0.5851,43.94,Active,Active
1891,Cn1nnnc1SCC1=C(C(=O)O)N2C(=O)[C@@H](NC(=O)Cn3cccc3C=O)[C@H]2SC1,0.5851,43.94,Active,Inactive
1892,CCCc1cn(CCN2Cc3c4c(O)c5c(O)c(C)c6c(c5c3O)C(=O)[C@@](C)(O/C=C/[C@H](OC)[C@@H](C)[C@@H](OC(C)=O)[C@H](C)[C@H](O)[C@H](C)[C@@H](O)[C@@H](C)/C=C/C=C(/C)C2=N4)O6)nn1,0.5851,43.94,Active,Active
1893,CC(C)(C)NC(=O)[C@@H]1CN(Cc2ccc3c(c2)OCO3)CCN1C[C@@H](O)C[C@@H](Cc1ccccc1)C(=O)N[C@H]1c2ccccc2C[C@H]1O,0.5851,43.94,Active,Active
1894,O=C(N/N=C/c1c[nH]c2ccccc12)c1cccc(O)c1,0.5851,43.94,Active,Active
1895,CCCCCCC#Cc1cncc(C(=O)N[C@@H](CCCN)C(=O)N[C@H](C(=O)N[C@@H](C)C(=O)N[C@H]2Cc3cn(nn3)CCO[C@@H]3C[C@@H]4OB(O[C@@H]4C3)[C@H](C)NC2=O)[C@@H](C)O)c1,0.5833,43.75,Active,Inactive
1896,CCO/N=C(\C)CN1CCN(c2c(F)cc3c(=O)c(C(=O)O)cn(C4CC4)c3c2OC)CC1C,0.5833,43.75,Active,Inactive
1897,N[C@@H]1C[C@H](N)CN(c2nc(Nc3ccc(Br)cc3)nc(N3C[C@H](N)C[C@H](N)C3)n2)C1,0.5833,43.75,Active,Inactive
1898,COc1nc2c(cc1C(=O)N1CCC1)C(O)(C(F)(F)F)c1ccccc1-2,0.53,38.05,Active,Active
1899,CSCC[C@H](NC(=O)[C@H](Cc1ccccc1)NC(C)=O)C(=O)NC(C)(C)C(=O)N[C@@H](Cc1ccc(CP(=O)(O)O)cc1)C(=O)N[C@@H](Cc1c[nH]c2ccccc12)C(=O)N[C@@H](CCC(=O)O)C(=O)NC1(C(=O)N[C@@H](CC(C)C)C(N)=O)CC1,0.53,38.05,Active,Active
1900,NS(=O)(=O)c1ccc(N2CCCC2=O)c([N+](=O)[O-])c1,0.53,38.05,Active,Active
1901,CN1CCN(c2c(F)cc3c(=O)cc4scc5n4c3c2OC5)CC1,0.53,38.05,Active,Inactive
1902,Cc1n[nH]c(C)c1CCCOc1cc(C(=O)O)ccc1F,0.53,38.05,Active,Active
1903,Cc1cc(C)cc(Nc2nc(N3C[C@H](N)C[C@H](N)C3)nc(N3C[C@H](N)C[C@H](N)C3)n2)c1,0.53,38.05,Active,Inactive
1904,OC[C@H]1O[C@@H](Oc2ccc3c(c2)Oc2cc(O)ccc2N3)[C@H](O)[C@@H](O)[C@H]1O,0.53,38.05,Active,Active
1905,Nc1ccn([C@@H]2O[C@H](CO)[C@@H](O)C2(F)F)c(=O)n1,0.53,38.05,Active,Active
1906,O=C(NN1C(=O)[C@H](Cl)[C@H]1c1cccc([N+](=O)[O-])c1)c1cc(-c2ccc(Cl)cc2)n[nH]1,0.53,38.05,Active,Active
1907,Cn1c([N+](=O)[O-])cnc1-c1nnc(N2CCN(c3cc4c(cc3F)c(=O)c(C(=O)O)cn4C3CC3)CC2)s1,0.53,38.05,Active,Active
1908,O=C(O)c1ccc(-c2cc(C(F)(F)F)cc(C(F)(F)F)c2)cc1CS,0.53,38.05,Active,Inactive
1909,O=C(CNS(=O)(=O)c1ccc(-c2ccccc2)cc1)NO,0.53,38.05,Active,Active
1910,C[n+]1cnc(N)c2[nH]cnc21,0.53,38.05,Active,Active
1911,CC(C)=CC(=O)OCC1=C(C(=O)O)N2C(=O)[C@@H](NC(=O)/C(=N\O)c3cnc(N)s3)[C@H]2SC1,0.53,38.05,Active,Active
1912,NC(=O)C1=CN([C@@H]2O[C@H](CO)[C@@H](O)[C@H]2O)C=CC1,0.53,38.05,Active,Active
1913,CCCCCCN1C(=O)[C@H](CCCCN)N(Cc2ccc(/C=C/c3ccc(CN4C(=O)N(CCCCCC)C(=O)[C@@H]4CCCCN)cc3)cc2)C1=O,0.53,38.05,Active,Active
1914,Cc1ccc2c(c1)c(=O)c(C(=O)O)cn2CC(O)Cn1c([N+](=O)[O-])cnc1C,0.53,38.05,Active,Active
1915,COc1ccc2ncc(F)c(CCN3CCC(C(N)Cc4ccc(C)cc4)CC3)c2n1,0.53,38.05,Active,Inactive
1916,CCCCCCCCCCn1nnc(-c2n[nH]c(=S)n2N)c1-c1n[nH]c(=S)n1N,0.53,38.05,Active,Active
1917,Oc1c(CN2CCN(c3ccccn3)CC2)cc(Cl)c2cccnc12,0.53,38.05,Active,Active
1918,S=C(S)N1CCN(C(=S)S)CC1,0.53,38.05,Active,Active
1919,Cc1[nH]c2ccc(F)cc2c1CCN1C(=O)OC(C)(C)C1(C)O,0.53,38.05,Active,Inactive
1920,CCc1ccc(C(=O)N/N=C/c2ccc([N+](=O)[O-])o2)cc1,0.53,38.05,Active,Inactive
1921,COc1ccc(OC)c(NC(=O)NNC(=O)c2cc([N+](=O)[O-])cn2C)c1,0.53,38.05,Active,Active
1922,CCCCCCCCCCCNC1=NC(C)(C)NC(NCc2ccccc2)=N1,0.53,38.05,Active,Inactive
1923,O=C(O)c1sc(-c2ccc(OC(F)(F)F)cc2)cc1NC(=O)c1c(F)cccc1F,0.53,38.05,Active,Active
1924,O=C(Nc1ccc(Cl)c(Cl)c1)Nc1ccc2[nH]ccc2c1,0.53,38.05,Active,Active
1925,COc1ccc(NC(=O)NNC(=O)c2cc([N+](=O)[O-])c[nH]2)cc1,0.53,38.05,Active,Active
1926,Sc1nnc(Cn2c3ccccc3c3c(OCC4CC4)cccc32)o1,0.53,38.05,Active,Active
1927,CC(=O)OC[C@H]1O[C@@H]([n+]2ccc(C#N)c([O-])n2)[C@H](O)[C@@H]1O,0.53,38.05,Active,Inactive
1928,CCn1cc(C(=O)O)c(=O)c2cc(F)c(N/N=C/c3ccccc3[N+](=O)[O-])cc21,0.53,38.05,Active,Inactive
1929,C=CCn1cc(/C=N/Nc2ccc3c4c(cccc24)C(=O)N(C(CO)CO)C3=O)c2ccccc21,0.53,38.05,Active,Active
1930,Cc1nnc(SCC2=C(C(=O)O)N3C(=O)[C@@H](Nc4cc[n+](COCC(Cl)(Cl)Cl)cc4C(=O)[O-])[C@H]3SC2)s1,0.53,38.05,Active,Inactive
1931,CO[C@H]1/C=C/O[C@@]2(C)Oc3c(C)c(O)c4c(O)c(c(CNC5CCN(Cc6ccccc6)CC5)c(O)c4c3C2=O)NC(=O)/C(C)=C\C=C\[C@H](C)[C@H](O)[C@@H](C)[C@@H](O)[C@@H](C)[C@H](OC(C)=O)[C@@H]1C,0.53,38.05,Active,Active
1932,CC(=O)NC[C@H]1CN(c2ccc(/C=C/CCCNC(=O)/C=C/c3c(C)[nH]c(=O)[nH]c3=O)c(F)c2)C(=O)O1,0.53,38.05,Active,Active
1933,N[C@@H]1C[C@H](N)CN(c2nc(Nc3ccccc3)nc(N3C[C@H](N)C[C@H](N)C3)n2)C1,0.53,38.05,Active,Inactive
1934,CCn1c2ccccc2c2c3[nH]c(C(=O)NNC(=O)c4ccc([N+](=O)[O-])cc4)cc3ccc21,0.53,38.05,Active,Inactive
1935,CCc1[nH]c2nc(Sc3cnc4nccnc4c3)nc(N3C[C@@H]4[C@H](C3)[C@H]4NC(=N)N)c2c1Cl,0.53,38.05,Active,Active
1936,O=[N+]([O-])c1c[nH]c(-c2nnc(Cc3ccc(F)c4ccccc34)o2)c1,0.53,38.05,Active,Active
1937,CO[C@H]1O[C@H](CO)[C@@H](O)[C@H](O[C@@H]2OC[C@@H](O)[C@H](O)[C@H]2O)[C@@H]1O,0.53,38.05,Active,Active
1938,CC(=O)OCC1=C(C(=O)OC(c2ccccc2)c2ccccc2)N2C(=O)[C@@H](Nc3nc4c(N)cccc4[nH]3)C2SC1,0.53,38.05,Active,Inactive
1939,Cc1c(CN(C)C(=O)/C=C/c2cnc3c(c2)CCC(=O)N3)oc2ccccc12,0.53,38.05,Active,Active
1940,CCCC(CCC)C(=O)N[C@@H]1Cc2ccc(S(N)(=O)=O)cc2C1,0.53,38.05,Active,Active
1941,O=C1Oc2cc(O)ccc2/C1=C\c1ccc(O)cc1,0.53,38.05,Active,Inactive
1942,C[C@H](CCc1ccc(C(N)=O)cc1)NCC(=O)c1ccc(F)cc1,0.53,38.05,Active,Active
1943,COc1cc2c(cc1OCCCC(=O)Nc1cc(C(=O)Nc3ccc(-c4cc(C(=O)N5CCSCC5)n(C)c4)cc3)n(C)c1)N=C[C@@H]1CCCN1C2=O,0.53,38.05,Active,Active
1944,Nc1nc(N)c2cc(Sc3ccccc3Cl)ccc2n1,0.53,38.05,Active,Active
1945,Nc1cc2c(N)cc(Cc3ccccc3)cc2[nH]1,0.53,38.05,Active,Inactive
1946,C[C@H]1COc2c(N3CCN(C/C(=N\OCc4ccccc4)c4ccccc4)CC3)c(F)cc3c(=O)c(C(=O)O)cn1c23,0.53,38.05,Active,Active
1947,Cc1cc(-c2ccc(C(=O)Nc3ccccc3C(=O)O)cc2Oc2ccccc2)ccc1F,0.53,38.05,Active,Active
1948,O=C(O)COc1c(Br)csc1C(=O)O,0.53,38.05,Active,Active
1949,O=C1N=C(N=Nc2c(O)[nH]c3ccc(S(O)(O)O)cc23)S/C1=C\c1ccco1,0.53,38.05,Active,Active
1950,NS(=O)(=O)c1ccc(C(=O)NCc2ccc(F)cc2F)cc1,0.53,38.05,Active,Active
1951,COc1ccc([C@@H]2[C@@H](O)[C@H](O)[C@@H](C)N2C)c(F)c1,0.53,38.05,Active,Inactive
1952,Cc1c(N2CC(NC(C)C)C2)c(F)cc2c(=O)c(C(=O)O)cn(-c3nc(N)c(F)cc3F)c12,0.53,38.05,Active,Active
1953,CCCCc1ccc(NC(=O)Nc2ccc3[nH]ccc3c2)cc1,0.5085,35.85,Active,Active
1954,CNC[C@@H](CC1CCCCC1)NC[C@H](CC(C)C)NCCc1cccc(C(F)(F)F)c1,0.5085,35.85,Active,Active
1955,OC[C@H]1O[C@@](CO)(OC[C@@]2(O[C@H]3O[C@H](CO)[C@@H](O)[C@H](O)[C@H]3O)O[C@H](CO)[C@@H](O)[C@@H]2O)[C@@H](O)[C@@H]1O,0.5085,35.85,Active,Active
1956,CCc1[nH]c2nc(Sc3cnc4nccnc4c3)nc(N3C[C@@H]4[C@H](C3)[C@@]4(N)CO)c2c1Cl,0.5085,35.85,Active,Active
1957,COC(=O)C(C)NC(=S)N1CCN(c2c(F)cc3c(=O)c(C(=O)O)cn(C4CC4)c3c2OC)CC1C,0.5085,35.85,Active,Active
1958,COC(=O)C1=C(C)N(CC2CC2)C(=NCc2cccc(Cl)c2)N[C@H]1c1ccccc1,0.5085,35.85,Active,Inactive
1959,COc1ccc(C(=O)CSc2nc3nc(N)[nH]c(=O)c3[nH]2)cc1,0.5085,35.85,Active,Active
1960,N[C@@H]1C[C@H](N)CN(c2nc(Nc3cccc(C(F)(F)F)c3)nc(N3C[C@H](N)C[C@H](N)C3)n2)C1,0.5085,35.85,Active,Active
1961,CCCCCCCCCCCCn1nnc(-c2n[nH]c(=S)n2N)c1-c1n[nH]c(=S)n1N,0.5085,35.85,Active,Active
1962,C=C(C)C(=O)OCC1=C(C(=O)O)N2C(=O)[C@@H](NC(=O)/C(=N\O)c3cnc(N)s3)[C@H]2SC1,0.5085,35.85,Active,Active
1963,CNC(=O)C1=C(O)c2cc(N)c(N3CCN(C)CC3)cc2N(C2CC2)S1(=O)=O,0.5085,35.85,Active,Inactive
1964,COc1ccc(Nc2nc(N3C[C@H](N)C[C@H](N)C3)nc(N3C[C@H](N)C[C@H](N)C3)n2)cc1,0.5085,35.85,Active,Inactive
1965,Ic1ccc2c(c1)CNCC2,0.5085,35.85,Active,Active
1966,O=C(N/N=C/c1ccc([N+](=O)[O-])o1)c1ccccc1,0.5085,35.85,Active,Inactive
1967,CCCNC(=O)c1ccc2c(=O)c(O)c(-c3ccc(F)cc3)[nH]c2c1,0.5085,35.85,Active,Active
1968,O=CN(C=O)Cc1ccc2sc(B(O)O)cc2c1,0.5085,35.85,Active,Active
1969,Cc1ccc(C(C[N+](=O)[O-])c2c(-c3ccccc3O)[nH][nH]c2=O)cc1,0.5085,35.85,Active,Active
1970,Nc1nc(N)c2c(ccc3c2ccn3Cc2nc3ccccc3o2)n1,0.5085,35.85,Active,Active
1971,C=CCSc1nc(NC(=O)CN2CCN(c3cc4c(cc3F)c(=O)c(C(=O)O)cn4C3CC3)CC2)cc(=O)[nH]1,0.5085,35.85,Active,Inactive
1972,N#Cc1ccc(C(=O)N/N=C/c2ccc([N+](=O)[O-])o2)cc1,0.5068,35.69,Active,Inactive
1973,CCOP(=O)(OCC)C(N1CCN(c2cc3c(cc2F)c(=O)c(C(=O)O)cn3C2CC2)CC1)P(=O)(OCC)OCC,0.5068,35.69,Active,Active
1974,O=C(O)c1cc(-c2ccc(/C=N/Nc3nc4nonc4nc3Nc3ccc(F)cc3)o2)ccc1O,0.5068,35.69,Active,Active
1975,NC1=N/C(=C2/CCNC(=O)c3[nH]ccc32)C(=O)N1,0.5068,35.69,Active,Active
1976,O=C(O)c1cn([C@@H]2C[C@@H]2F)c2cc(N3CCN(Cn4nc(-c5ccccc5O)n(-c5ccccc5)c4=S)CC3)c(F)cc2c1=O,0.5068,35.69,Active,Inactive
1977,N#Cc1ccc(-c2ccc(OCCC(O)=[N+]=O)cc2)cc1,0.5068,35.69,Active,Active
1978,OC[C@H]1O[C@@H](Sc2ccc3ccccc3c2)[C@H](O)[C@@H](O)[C@H]1O,0.5068,35.69,Active,Active
1979,CCCCCc1ccc(C(=O)N(Cc2ccc(N(C)c3ccncc3)cc2)C2CCN(CCC(C)C)CC2)cc1,0.5068,35.69,Active,Active
1980,CC(C)(C)c1cc(NC(=O)Nc2ccccc2)n(-c2cccc(N)c2)n1,0.5068,35.69,Active,Active
1981,O=C(NNCCN1CCN(c2cc3c(cc2F)c(=O)c(C(=O)O)cn3C2CC2)CC1)c1ccncc1,0.5068,35.69,Active,Inactive
1982,CCCc1ccc(C(=O)N/N=C/c2ccc([N+](=O)[O-])o2)cc1,0.5068,35.69,Active,Inactive
1983,C[N+](C)(C)C[C@H]1O[C@@H](OC[C@H]2O[C@@H](n3ccc(=O)[nH]c3=O)[C@H](O)[C@@H]2O)[C@H](O)[C@@H]1O,0.5068,35.69,Active,Inactive
1984,NC[C@@H]1O[C@H](O[C@H]2[C@@H](O)[C@H](O[C@@H]3[C@@H](O)[C@H](N)C[C@H](N)[C@H]3O[C@H]3O[C@H]4[C@@H](OCC[C@@H]4O)[C@H](O)[C@H]3N)O[C@@H]2CO)[C@H](N)[C@@H](O)[C@@H]1O,0.5068,35.69,Active,Active
1985,NC1CCN(c2nc(Nc3ccc(Cl)c(Cl)c3)nc(N3CCC(N)CC3)n2)CC1,0.5068,35.69,Active,Inactive
1986,O=C(O)c1cn(C2CC2)c2cc(N3CCN(Cn4nc(-c5cccc(Cl)c5)n(-c5cc(Cl)cc(Cl)c5)c4=S)CC3)c(F)cc2c1=O,0.5068,35.69,Active,Inactive
1987,NC[C@@H]1O[C@H](O[C@H]2[C@@H](O)[C@H](O[C@@H]3[C@@H](O)[C@H](N)C[C@H](N)[C@H]3O[C@H]3O[C@H]4[C@@H](OCC[C@H]4O)[C@H](O)[C@H]3N)O[C@@H]2CO)[C@H](N)[C@@H](O)[C@@H]1O,0.5068,35.69,Active,Inactive
1988,O=C(O)c1cc(-c2ccc(/C=C3\NC(=O)N(c4ccc(Cl)cc4)C3=O)o2)ccc1Cl,0.5068,35.69,Active,Active
1989,CC(C)Nc1cc(=O)n(-c2ccccc2)nc1-c1ncn[nH]1,0.5068,35.69,Active,Active
1990,NC(=O)CCCSc1nc(N)nc(-c2c(Cl)cc3c4c(cccc24)COC3)n1,0.5068,35.69,Active,Active
1991,O=C(O)c1cn(C2CC2)c2cc(N3CCN(Cn4nc(-c5cccc(Cl)c5)n(-c5ccc(I)cc5)c4=S)CC3)c(F)cc2c1=O,0.5068,35.69,Active,Inactive
1992,O=C1c2cccc3c(O)ccc(c23)C(=O)N1Cc1ccccc1,0.5068,35.69,Active,Active
1993,C#CCOCCCCOc1ccc(-c2nc3ccc(-c4nc5ccc(N6CCN(C)CC6)cc5[nH]4)cc3[nH]2)cc1,0.5068,35.69,Active,Active
1994,O=C(N/N=C/c1cc([N+](=O)[O-])ccc1O)Nc1ccccc1,0.5067,35.68,Active,Inactive
1995,N=C(N)c1ccc(/C=C2/CCCC/C(=C/c3ccc(C(=N)N)cc3)C2=O)cc1,0.5067,35.68,Active,Active
1996,CCCCCCCCCCCCCCn1nnc(-c2n[nH]c(=S)n2N)c1-c1n[nH]c(=S)n1N,0.5067,35.68,Active,Active
1997,CC1(OC(=O)c2cccs2)C(=O)C=C2C=C3CCCN3C=C2C1=O,0.5067,35.68,Active,Inactive
1998,Nc1nc(/C(=N/OC2(C(=O)O)CCC2)C(=O)N[C@@H]2C(=O)N(S(=O)(=O)O)[C@@H]2CNC(=O)NCc2cc(=O)c(O)cn2O)cs1,0.5067,35.68,Active,Active
1999,CCOC(=O)N1CCC(=C2c3ccc(Cl)cc3CCc3cccnc32)CC1,0.5067,35.68,Active,Inactive
2000,Cc1cccc(C(=O)NNC(=S)NC(=O)c2cccs2)c1,0.5067,35.68,Active,Active
2001,O=C(NCc1cc(CNC(=O)c2cccc(O)c2O)cc(CNC(=O)c2cccc(O)c2O)c1)c1cccc(O)c1O,0.5067,35.68,Active,Active
2002,O=c1ccc2c([nH]1)CCC[C@@H]2NCCCCCCCCCCCCN[C@H]1CCCc2[nH]c(=O)ccc21,0.5067,35.68,Active,Active
2003,O=c1cn[nH]c(=O)[nH]1,0.5067,35.68,Active,Inactive
2004,N[C@H]1C(=O)N[C@@H]2Cc3ccc(c(Cl)c3)Oc3cc4cc(c3O)Oc3ccc(cc3Cl)[C@@H](O)[C@@H]3NC(=O)[C@H](NC(=O)[C@@H]4NC(=O)[C@@H](NC2=O)c2cc(O)cc(c2)Oc2cc1ccc2O)c1ccc(O)c(c1)-c1c(O)cc(O)cc1[C@@H](C(=O)N1CCOCC1)NC3=O,0.5067,35.68,Active,Inactive
2005,O=C1C2CC=C(Cl)CC2C(=O)N1CCCCCCN1C(=O)C2CC=C(Cl)CC2C1=O,0.5067,35.68,Active,Active
2006,CCCCCCCCn1nnc(-c2n[nH]c(=S)n2N)c1-c1n[nH]c(=S)n1N,0.5067,35.68,Active,Active
2007,CCn1cc(C(=O)O)c(=O)c2cc(F)c(N3CCN(C(=S)NC(=O)c4ccc(F)cc4)CC3)cc21,0.5067,35.68,Active,Active
2008,O=C(N/N=C\c1c[nH]c2ccccc12)c1ccc(O)cc1,0.5067,35.68,Active,Inactive
2009,N[C@@H]1C[C@H](N)CN(c2nc(Nc3ccc(C(=O)CC(=O)Nc4cccc(Br)c4)cc3)nc(N3C[C@H](N)C[C@H](N)C3)n2)C1,0.5067,35.68,Active,Active
2010,CCn1cc(C(=O)O)c(=O)c2cc(F)c(N3CCN(Cc4nc5ccc([N+](=O)[O-])cc5[nH]4)CC3)cc21,0.5067,35.68,Active,Active
2011,CC(=O)OCC1=C(C(=O)OC(c2ccccc2)c2ccccc2)N2C(=O)[C@@H](Nc3nc4cc(CC#N)ccc4[nH]3)C2SC1,0.5067,35.68,Active,Active
2012,Nc1nc(NCC(=O)NC(=S)Nc2nc3c([N+](=O)[O-])cccc3s2)c2ncn(S(=O)(=O)c3ccccc3)c2n1,0.5067,35.68,Active,Inactive
2013,C[C@]1(CC(=O)Oc2ccc(N)cc2)[C@H](C(=O)O)N2C(=O)CC2S1(=O)=O,0.5067,35.68,Active,Inactive
2014,Nc1nc(NCC(=O)NC(=S)Nc2nc3ccc([N+](=O)[O-])cc3s2)c2ncn(S(=O)(=O)c3ccccc3)c2n1,0.5067,35.68,Active,Inactive
2015,COc1ccc(OC(=O)C[C@@]2(C)[C@H](C(=O)O)N3C(=O)CC3S2(=O)=O)cc1,0.5067,35.68,Active,Inactive
2016,Nc1nc(NCC(=O)NC(=S)Nc2nc3ccccc3s2)c2ncn(S(=O)(=O)c3ccccc3)c2n1,0.5067,35.68,Active,Inactive
2017,NC(=O)c1ccsc1NC(=O)c1ccc([N+](=O)[O-])o1,0.5067,35.68,Active,Inactive
2018,O=C(N/N=C/c1ccc([N+](=O)[O-])s1)c1ccccc1Br,0.5067,35.68,Active,Active
2019,CC(=O)OCC1=C(C(=O)OC(c2ccccc2)c2ccccc2)N2C(=O)[C@@H](Nc3nc4cc(CO)ccc4[nH]3)C2SC1,0.5067,35.68,Active,Active
2020,O=C(O)c1sc(-c2ccc(OCC(F)(F)F)cc2)cc1NC(=O)c1c(F)cccc1F,0.5067,35.68,Active,Active
2021,O=C(c1cccc2c1-c1ccccc1C2(O)C(F)(F)F)N1CC1,0.5067,35.68,Active,Inactive
2022,C[C@@H](NC(=O)c1ccccc1-c1ccccc1)B(O)O,0.5067,35.68,Active,Inactive
2023,CCc1cc2c(cc1OS(N)(=O)=O)CC[C@@H]1[C@@H]2CC[C@]2(C)C(=O)CC[C@@H]12,0.5067,35.68,Active,Active
2024,COC1=C(C)C(=O)C2=C(C1=O)[C@@H](CO)N1[C@H]3[C@@H]4[C@@H](C[C@H]([C@H]1C#N)N4C)[C@H](C#N)N(CCO)[C@@H]23,0.5067,35.68,Active,Active
2025,Nc1ccc(C(=O)N/N=C/c2ccc([N+](=O)[O-])o2)cc1,0.5067,35.68,Active,Inactive
2026,O=C(N/N=C/c1ccc(-c2ccc(S(=O)(=O)Nc3ncccn3)cc2)o1)c1cc2ccccc2cc1O,0.5067,35.68,Active,Active
2027,CC[C@H]1OC(=O)[C@H](C)[C@@H](O[C@H]2C[C@@](C)(OC)[C@@](O)(c3ccco3)[C@H](C)O2)[C@H](C)[C@@H](O[C@@H]2O[C@H](C)C[C@H](N(C)C)[C@H]2O)[C@](C)(O)C[C@@H](C)CN[C@H](C)[C@@H](O)[C@]1(C)O,0.5067,35.68,Active,Active
2028,N[C@H]1C(=O)N[C@@H]2Cc3ccc(c(Cl)c3)Oc3cc4cc(c3O)Oc3ccc(cc3Cl)[C@@H](O)[C@@H]3NC(=O)[C@H](NC(=O)[C@@H]4NC(=O)[C@@H](NC2=O)c2cc(O)cc(c2)Oc2cc1ccc2O)c1ccc(O)c(c1)-c1c(O)cc(O)cc1[C@@H](C(=O)NCCN1CCOCC1)NC3=O,0.5067,35.68,Active,Inactive
2029,O=C(O)c1sc(-c2ccc(OCC(F)(F)F)cc2)cc1NC(=O)c1c(F)cc(F)cc1F,0.5067,35.68,Active,Active
2030,CCN(CC)CC1CN(N=Cc2ccc([N+](=O)[O-])o2)C(=O)O1,0.5067,35.68,Active,Active
2031,Oc1c(CN2CCc3ccccc3C2)cc(Cl)c2cccnc12,0.5067,35.68,Active,Active
2032,Cc1ncc([N+](=O)[O-])n1CC(O)Cn1cc(C(=O)O)c(=O)c2cccc(F)c21,0.5067,35.68,Active,Active
2033,Cc1ccccc1Sc1ccc2nc(N)nc(N)c2c1,0.5067,35.68,Active,Active
2034,CC1C(=O)NN=C1C(=O)N/N=C\c1ccc(O)cc1O,0.5067,35.68,Active,Inactive
2035,CCCCCCC#Cc1cncc(C(=O)N[C@@H](CCCN)C(=O)N[C@H](C(=O)N[C@@H](C)C(=O)N[C@H]2Cc3cn(nn3)CCOC3C[C@@H]4OB(O[C@@H]4C3)[C@H](C)NC2=O)[C@@H](C)O)c1,0.5067,35.68,Active,Active
2036,O=C(O)c1cn(C2CC2)c2cc(N3CCN(S(=O)(=O)c4ccc(Cl)cc4Cl)CC3)c(F)cc2c1=O,0.5067,35.68,Active,Inactive
2037,O=C(O)C(=O)/C(=C\c1ccsc1)c1ccc2ccccc2n1,0.5067,35.68,Active,Active
2038,O=C(O)c1cn(C2CC2)c2cc(N3CCN(S(=O)(=O)c4ccc(Cl)c(Cl)c4)CC3)c(F)cc2c1=O,0.5067,35.68,Active,Inactive
2039,CC[C@H]1OC(=O)[C@H](C)[C@@H](O[C@H]2C[C@@](C)(OC)[C@@H](OC(=O)NC[C@H]3OB(O)c4ccccc43)[C@H](C)O2)[C@H](C)[C@@H](O[C@@H]2O[C@H](C)C[C@H](N(C)C)[C@H]2O)[C@](C)(OC)C[C@@H](C)C(=O)[C@H](C)[C@@H](O)[C@]1(C)O,0.5067,35.68,Active,Inactive
2040,CCCSc1nc(NC(=O)CN2CCN(c3cc4c(cc3F)c(=O)c(C(=O)O)cn4C3CC3)CC2)cc(=O)[nH]1,0.5067,35.68,Active,Inactive
2041,Cc1nnc(SCC2=C(C(=O)O)N3C(=O)C(NC(=O)Cn4cnnn4)C3SC2)s1,0.5067,35.68,Active,Active
2042,O=CCOc1ccccc1-c1ccc(F)c(F)c1F,0.5067,35.68,Active,Active
2043,CC(C)C[C@@H]1NC(=O)[C@@H](Cc2ccccc2)NC(=O)[C@H](CCN)NC(=O)[C@@H](NC(=O)[C@H](CCN)NC(=O)[C@@H](NC(=O)[C@H](CCN)NC(=O)Cc2ccc(-c3ccccc3)cc2)[C@@H](C)O)CCNC(=O)[C@H]([C@@H](C)O)NC(=O)[C@H](CCN)NC(=O)[C@H](CCN)NC1=O,0.5067,35.68,Active,Inactive
2044,CCCSC[C@H]1c2cccc(O)c2C(=O)C2C1[C@H](O)C1[C@H](N(C)C)C(=O)C(C(N)=O)=C(O)[C@@]1(O)C2O,0.5067,35.68,Active,Active
2045,CC(C)C[C@@H]1NC(=O)[C@@H](CC2CCCCC2)NC(=O)[C@H](CCN)NC(=O)[C@@H](NC(=O)[C@H](CCN)NC(=O)[C@@H](NC(=O)C[C@H](CN)Cc2ccccc2)[C@@H](C)O)CCNC(=O)[C@H]([C@@H](C)O)NC(=O)[C@H](CCN)NC(=O)[C@H](CCN)NC1=O,0.5067,35.68,Active,Active
2046,CC1CCN(CCOCCOc2ccc(Br)cc2Cl)CC1,0.5067,35.68,Active,Active
2047,Cc1nnc(SCC2=C(C(=O)O)N3C(=O)C(NC(=O)[C@H](N)c4ccc5c(c4)CCO5)C3SC2)s1,0.5067,35.68,Active,Inactive
2048,Cn1nnnc1NCC1=C(C(=O)O)N2C(=O)[C@@H](NC(=O)CS(=O)(=O)CC(F)(F)F)[C@H]2SC1,0.5067,35.68,Active,Active
2049,C[C@@H]1NC(=O)[C@@H](NC(=O)[C@H](C)NC(=O)[C@@H](NC(=O)[C@H](CCCN)NC(=O)C#Cc2ccc(-c3ccccc3)cc2)[C@@H](C)O)Cc2cn(nn2)CCOC2C[C@@H]3OB1O[C@@H]3C2,0.5067,35.68,Active,Active
2050,C[C@@H]1NC(=O)[C@@H](NC(=O)[C@H](C)NC(=O)[C@@H](NC(=O)[C@H](CCCN)NC(=O)C#Cc2ccc(-c3ccccc3)cc2)[C@@H](C)O)Cc2cn(nn2)CCO[C@@H]2C[C@@H]3OB1O[C@@H]3C2,0.5067,35.68,Active,Inactive
2051,O=C(NO)[C@@H]1CN(c2ccc(C#CC#CC3CC3)c(F)c2)C(=O)O1,0.5067,35.68,Active,Active
2052,CN1CCN(c2nc(Nc3cccc(O)c3)nc3ccccc23)CC1,0.5067,35.68,Active,Inactive
2053,CN1CC/C=C/CCCCCCC(=O)Cc2c(Cl)c(O)cc(O)c2C1=O,0.5067,35.68,Active,Active
2054,C=CCc1cc(-c2ccccc2)ccc1OCCCNC(C)C,0.5067,35.68,Active,Active
2055,O=C(O)c1ccccc1C1=Nc2ccc(O)cc2Oc2cc(O)ccc21,0.5067,35.68,Active,Active
2056,NC[C@@H]1O[C@H](O[C@H]2[C@@H](OCCNCc3nc4ccccc4[nH]3)[C@H](O[C@@H]3[C@@H](O)[C@H](N)C[C@H](N)[C@H]3O[C@H]3O[C@H](CO)[C@@H](O)[C@H](O)[C@H]3N)O[C@@H]2CO)[C@H](N)[C@@H](O)[C@@H]1O,0.5067,35.68,Active,Inactive
2057,COc1cc(CC2=CC(Cc3cc(OC)c(O)c(OC)c3)C(=O)N=C2N)cc(OC)c1O,0.5067,35.68,Active,Inactive
2058,O=[N+]([O-])c1cccc(C=NNc2ccc3ccccc3n2)c1O,0.5067,35.68,Active,Inactive
2059,O=C(O)c1cccc2c1NC(c1ccccc1F)C1CC=CC21,0.5067,35.68,Active,Inactive
2060,CC[C@H](C)[C@H](NC(=O)CNC(=O)[C@@H](NC(=O)[C@H](Cc1c[nH]c2ccccc12)NC(=O)[C@H](Cc1cnc[nH]1)NC(=O)[C@H](CCCCN)NC(=O)[C@H](CO)NC(=O)[C@@H](NC(=O)[C@H](CCCCN)NC(=O)CN)[C@@H](C)CC)[C@@H](C)O)C(=O)O,0.5067,35.68,Active,Active
2061,COc1cc(Nc2c(C#N)cnc3cc(OCCCN4CCN(C)CC4)c(OC)cc23)c(Cl)cc1Cl,0.5067,35.68,Active,Active
2062,CCCCNc1cc(C)nc2nc(Nc3cc(Cl)ccc3C)[nH][n+]12,0.5067,35.68,Active,Active
2063,COc1ccc(C(=O)N/N=C/c2ccc([N+](=O)[O-])o2)cc1,0.5067,35.68,Active,Inactive
2064,CN(C)CCCN1c2ccccc2CCc2ccc(Cl)cc21,0.5067,35.68,Active,Active
2065,Cc1[nH]c(C(=O)NC2CCN(c3cc(C(N)=O)cc(Cl)n3)CC2)cc1Cl,0.5067,35.68,Active,Inactive
2066,CO[C@H]1/C=C/O[C@@]2(C)Oc3c(C)c(O)c4c(O)c5c(c(O)c4c3C2=O)CN(Cc2cn(CN3C(=O)c4ccccc4C3=O)nn2)C(=N5)/C(C)=C\C=C\[C@H](C)[C@H](O)[C@@H](C)[C@@H](O)[C@@H](C)[C@H](OC(C)=O)[C@@H]1C,0.5067,35.68,Active,Active
2067,Cc1ccc(-c2nc3ccc(-c4nc5ccc(Br)cc5[nH]4)cn3c2Nc2ccccc2)cc1,0.5067,35.68,Active,Active
2068,CCCCOc1ccc(-c2cc(NC(=O)c3c(F)cccc3F)c(C(=O)O)s2)cc1,0.5067,35.68,Active,Active
2069,C/C=C(\C)C(=O)OCC1=C(C(=O)O)N2C(=O)[C@@H](NC(=O)/C(=N\O)c3cnc(N)s3)[C@H]2SC1,0.5067,35.68,Active,Active
2070,CNc1cccc2cc(C(=O)Nc3ccc(C(=O)O)cc3)c(=O)[nH]c12,0.5067,35.68,Active,Active
2071,C#CCO[C@@H]1[C@@H](C)[C@H](OC(=O)NCCCCCCCN=C(N)NC(=O)NC)[C@@H](C)C(=O)O[C@H](CC)C(C)(C)[C@@H]2OC(C)(C)O[C@H]([C@@H]2C)[C@H](C)C[C@@]1(C)O,0.5067,35.68,Active,Active
2072,C#CCO[C@@H]1[C@@H](C)[C@H](OC(=O)NCCCCCN=C(N)NC(=O)NC)[C@@H](C)C(=O)O[C@H](CC)C(C)(C)[C@@H]2OC(C)(C)O[C@H]([C@@H]2C)[C@H](C)C[C@@]1(C)O,0.5067,35.68,Active,Active
2073,CN(C)CCCN(C(=O)CCc1ccccc1)c1nc2ccc(Cl)cc2s1,0.5067,35.68,Active,Active
2074,CC1=C(N)C(N=Nc2ccc(S(=O)(=O)Nc3ccccn3)cc2)=CC(C)C1=O,0.5067,35.68,Active,Active
2075,CN(C)CCCN(C(=O)CCc1ccccc1)c1nc2ccc(Br)cc2s1,0.5067,35.68,Active,Active
2076,COc1cccc2c1cc(C(=O)O)c1c(C(=O)O)cc3c(c12)OCO3,0.5067,35.68,Active,Active
2077,Cc1ccc(-c2nc3ncc(-c4nc5ccc(F)cc5[nH]4)cn3c2Nc2ccccc2)cc1,0.5067,35.68,Active,Active
2078,Cc1ccncc1-c1cccc2c1-c1ccccc1C2(O)C(F)(F)F,0.5067,35.68,Active,Inactive
2079,NS(=O)(=O)c1ccc(C(=O)NCc2ccccc2F)cc1,0.5067,35.68,Active,Active
2080,Cn1cc([N+](=O)[O-])cc1-c1nnc(-c2cc(-c3ccccc3)nc3ccc(Cl)cc23)o1,0.5045,35.45,Active,Active
2081,CN(C)CCN1CCNCC1,0.496,34.84,Inactive,Inactive
2082,O=C1C(=O)N(Cc2cn(CC(=O)N3CCN(c4cc5c(cc4F)c(=O)c(C(=O)O)cn5C4CC4)CC3)nn2)c2ccc(F)cc21,0.496,34.84,Inactive,Active
2083,CCn1cc(C(=O)O)c(=O)c2cc(F)c(N3CCN(C(=S)NC(=O)c4ccc(F)c(F)c4)CC3)cc21,0.496,34.84,Inactive,Active
2084,Oc1ccc2c(c1)CCN(c1ccccc1)[C@@H]2c1ccc(N2CCN3CCCC[C@H]3C2)cc1,0.496,34.84,Inactive,Active
2085,O=C1/C(=C/c2cn(Cc3cccc(O)c3)c3ccccc23)Oc2cc(O)cc(O)c21,0.496,34.84,Inactive,Inactive
2086,CCn1cc(C(=O)O)c(=O)c2cc(F)c(N3CCN(C(=S)NC(=O)c4ccc(Br)cc4)CC3)cc21,0.496,34.84,Inactive,Active
2087,CC1CNCCN1S(=O)(=O)c1cccc2cnccc12,0.496,34.84,Inactive,Inactive
2088,CCN1CCN(Cc2cc(Br)cc(OC)c2O)CC1,0.496,34.84,Inactive,Inactive
2089,CCN(CC)c1ccc(C(=C2C=CC(=[N+](CC)CC)C=C2)c2ccc(S(=O)(=O)O)cc2S(=O)(=O)[O-])cc1,0.496,34.84,Inactive,Inactive
2090,CSc1nc(NC(=O)CN2CCN(c3cc4c(cc3F)c(=O)c(C(=O)O)cn4C3CC3)CC2)cc(=O)[nH]1,0.496,34.84,Inactive,Inactive
2091,Cn1cc(C#N)cc1-c1c2c(=O)n(C)c(=O)n(CC3CC3)c2nn1Cc1ccnc2ccc(Cl)cc12,0.496,34.84,Inactive,Inactive
2092,Nc1cccc(CCc2ccc3cc[nH]c3c2)n1,0.496,34.84,Inactive,Active
2093,CN(C)CCCOC(=O)c1sc2ccccc2c1Cl,0.496,34.84,Inactive,Active
2094,Cc1cc(OCCN(C)C)c2cc3c(OCCN(C)C)cc(C)nc3c(C)c2n1,0.496,34.84,Inactive,Active
2095,O=C(O)c1ccc2cccc(NS(=O)(=O)c3ccccn3)c2n1,0.496,34.84,Inactive,Active
2096,CO/N=C(/C(=O)N[C@@H]1C(=O)N2C(C(=O)O)=CCS[C@H]12)c1cnc(N)s1,0.496,34.84,Inactive,Active
2097,N=C(C1=NCCCN1)c1ccc2cc(-c3ccc(Oc4ccc(-c5cc6ccc(C(=N)C7=NCCCN7)cc6[nH]5)cc4)cc3)[nH]c2c1,0.496,34.84,Inactive,Inactive
2098,CSc1nc(N)nc(-c2c(Cl)cc3c4c(cccc24)COC3)n1,0.496,34.84,Inactive,Active
2099,O=C(O)c1cccc(-c2ccccc2)c1O,0.496,34.84,Inactive,Inactive
2100,C/C=C1\NC(=O)[C@@H](CC)NC(=O)CNC(=O)[C@](C)([C@H](C)O)NC(=O)[C@H](Cc2c[nH]c3cccc(OC)c23)NC(=O)c2csc(n2)[C@@H](C)NC(=O)CN(C)C1=O,0.496,34.84,Inactive,Inactive
2101,N[C@H]1C[C@@H]1c1ccccc1,0.496,34.84,Inactive,Active
2102,C/C=C1\NC(=O)[C@@H](CC)NC(=O)CNC(=O)[C@](C)([C@@H](C)O)NC(=O)[C@H](Cc2c[nH]c3cccc(OC)c23)NC(=O)c2csc(n2)[C@@H](C)NC(=O)CN(C)C1=O,0.496,34.84,Inactive,Inactive
2103,O=[N+]([O-])c1ccccc1N/N=C/c1ccc(O)c(O)c1,0.496,34.84,Inactive,Inactive
2104,O=C(Nc1cc(-c2ccc(OC(F)(F)F)cc2)sc1C(=O)O)c1cccc(F)c1,0.496,34.84,Inactive,Inactive
2105,CC(=O)NC(=N)NCCC[C@@H]1NC(=O)[C@H](CCCC(=O)O)NC(=O)[C@H](Cc2c[nH]cn2)N2C(=O)[C@H](C[C@H]2O)NC(=O)[C@H]2CCCN2C1=O,0.496,34.84,Inactive,Active
2106,CC(=O)OCC1=C(C(=O)OC(c2ccccc2)c2ccccc2)N2C(=O)[C@@H](Nc3nc4cc(C(F)(F)F)ccc4[nH]3)C2SC1,0.496,34.84,Inactive,Inactive
2107,O=C(O)C[C@H](NC(=O)OCC1c2ccccc2-c2ccccc21)C(=O)Nc1cccc2c1N[C@@H](Cc1c[nH]c3ccccc13)C(=O)N(CC(=O)N[C@@H](Cc1ccccc1)C(=O)O)C2,0.496,34.84,Inactive,Active
2108,CC1=NN(c2ccc(C)cc2)C(=O)C1/N=N/c1n[nH]c2nc3cc4ccccc4cc3cc12,0.496,34.84,Inactive,Inactive
2109,C[C@@H](O)[C@H](N)C(=O)N[C@@H](CNC(=O)CCn1cnc2cc(Br)c(Cl)cc2c1=O)c1cccc(-c2ccccc2)c1,0.496,34.84,Inactive,Inactive
2110,C[C@@H]1CCCCCCCNC1,0.496,34.84,Inactive,Inactive
2111,CCN(CC)CCCNc1ccc2ncn3c4ccc(O)cc4c(=O)c1c23,0.496,34.84,Inactive,Active
2112,N#Cc1c(NC(=O)c2cc(OCCN)ccc2Cl)sc2c1CCN(Cc1ccc(C(=O)O)cc1)C2,0.496,34.84,Inactive,Inactive
2113,CC1=C/C(=C(\c2ccc(O)c(C)c2)c2ccccc2S(=O)(=O)O)C=CC1=O,0.496,34.84,Inactive,Inactive
2114,Cc1ccccc1[C@H]1CCCN1C(=O)c1cc(Cl)c(O)cc1O,0.496,34.84,Inactive,Active
2115,CC(=O)OCC1=C(C(=O)OC(c2ccccc2)c2ccccc2)N2C(=O)[C@@H](Nc3nc4cc(F)ccc4[nH]3)C2SC1,0.496,34.84,Inactive,Active
2116,O=C(c1ccccc1)c1ccc2n1CC[C@H]2C(=O)O,0.496,34.84,Inactive,Active
2117,O=C(O)c1cn(C2CC2)c2cc(N3CCN(S(=O)(=O)c4ccc(F)cc4F)CC3)c(F)cc2c1=O,0.496,34.84,Inactive,Inactive
2118,CC(=O)OCC1=C(C(=O)OC(c2ccccc2)c2ccccc2)N2C(=O)[C@@H](Nc3nc4cc(O)ccc4[nH]3)C2SC1,0.496,34.84,Inactive,Active
2119,CC(/C=C/OP(=O)(O)OP(=O)(O)O)C/C=C/C(C)CNC(=O)CCCC[C@@H]1SC[C@@H]2NC(=O)N[C@@H]21,0.496,34.84,Inactive,Active
2120,O=C(O)c1cc(/N=N/c2cccc([N+](=O)[O-])c2)ccc1O,0.496,34.84,Inactive,Inactive
2121,Cc1ccc(C(=O)NNC(=S)NC(=O)c2ccco2)cc1,0.496,34.84,Inactive,Inactive
2122,C/C=C1\NC(=O)[C@@H](C)NC(=O)CNC(=O)[C@@H](CC)NC(=O)[C@H](Cc2c[nH]c3cccc(OC)c23)NC(=O)c2csc(n2)[C@@H](C)NC(=O)CN(C)C1=O,0.496,34.84,Inactive,Inactive
2123,CN(CCO)Cc1csc2ccc(Br)cc12,0.496,34.84,Inactive,Inactive
2124,O=C(Nc1ccc(Oc2ccc(Cl)cc2)c(Cl)c1)c1cc(I)cc(I)c1O,0.496,34.84,Inactive,Inactive
2125,CCCCCCCCNC1=NC(C)(C)NC(NCCCCCCCC)=N1,0.496,34.84,Inactive,Inactive
2126,CCNC(=O)Nc1cc(Nc2cccc(C)c2)c(C(=O)Nc2nccs2)cn1,0.496,34.84,Inactive,Active
2127,O=[N+]([O-])c1ccc(N=Nc2ccc(O)cc2O)cc1,0.496,34.84,Inactive,Inactive
2128,Cc1cc(NC(=O)c2ccccc2)c2cc(NC(=O)Nc3cc(Cl)cc(Cl)c3)ccc2n1,0.496,34.84,Inactive,Active
2129,O=C(O)c1cn(C2CC2)c2cc(N3CCN(Cn4nc(-c5cccc(Cl)c5)n(-c5ccc(Br)cc5)c4=S)CC3)c(F)cc2c1=O,0.496,34.84,Inactive,Inactive
2130,OC1CCN(Cc2ccc3ccccc3c2)CC1,0.496,34.84,Inactive,Inactive
2131,O=C(NNC(=S)NC(=O)c1ccco1)c1ccc(F)cc1,0.496,34.84,Inactive,Active
2132,C[C@@H](O)[C@H](N)C(=O)N[C@@H](CNC(=O)CCn1cnc2cc(Br)c(Cl)cc2c1=O)c1cccc(-c2ccc3[nH]ccc3c2)c1,0.496,34.84,Inactive,Inactive
2133,O=C(Nc1cc(C(F)(F)F)cc(C(F)(F)F)c1)Nc1ccc2[nH]ccc2c1,0.496,34.84,Inactive,Active
2134,O=C(O)c1ccc(B(O)O)cc1NS(=O)(=O)c1cc(S(=O)(=O)c2ccccc2)cs1,0.496,34.84,Inactive,Active
2135,O=C(O)c1cn(C2CC2)c2cc(N3CCN(C(=O)COCc4ccccc4)CC3)c(F)cc2c1=O,0.496,34.84,Inactive,Inactive
2136,CC(=O)OCC(=O)N1CCN(c2cc3c(cc2F)c(=O)c(C(=O)O)cn3C2CC2)CC1,0.496,34.84,Inactive,Inactive
2137,COc1ccc(-c2ccc(S(=O)(=O)N[C@H](C(C)C)P(=O)(O)O)cc2)cc1,0.496,34.84,Inactive,Active
2138,CO[C@H]1/C=C/O[C@@]2(C)Oc3c(C)c(O)c4c(O)c(c5c(c4c3C2=O)NC2(CCN(CC(C)C)CC2)N=5)=NC(=O)/C(C)=C\C=C\[C@H](C)[C@H](O)[C@@H](C)[C@@H](O)[C@@H](C)[C@H](OC(C)=O)[C@@H]1C,0.496,34.84,Inactive,Active
2139,O=C(Cc1ccccc1)N[C@@H]1C(=O)N2C(C(=O)O)=C(CN3CCN(c4cc5c(cc4F)c(=O)c(C(=O)O)cn5C4CC4)CC3)CS[C@H]12,0.496,34.84,Inactive,Inactive
2140,C#CCOCCCCCCOc1ccc(-c2nc3ccc(-c4nc5ccc(N6CCN(C)CC6)cc5[nH]4)cc3[nH]2)cc1,0.496,34.84,Inactive,Active
2141,NS(=O)(=O)c1ccc(C(=O)NCc2c(F)cccc2F)cc1,0.496,34.84,Inactive,Active
2142,CC[C@H](C)c1occ2c(O)c(C(=O)O)c(=O)cc-2c1C,0.496,34.84,Inactive,Inactive
2143,CCCCOc1ccc(-c2cc(NC(=O)c3c(F)cc(F)cc3F)c(C(=O)O)s2)cc1,0.496,34.84,Inactive,Active
2144,C/C(O)=[N+](/O)CCC[C@@H]1NC(=O)CNC(=O)CNC(=O)CNC(=O)C(CCCN(O)C(C)O)NC(=O)[C@H](CCCN(O)C(C)O)NC1=O,0.496,34.84,Inactive,Active
2145,CC(=O)OCC1=C(C(=O)O)N2C(=O)[C@@H](NC(=O)/C(=N\O)c3cnc(N)s3)[C@H]2SC1,0.496,34.84,Inactive,Active
2146,O=P(O)(O)C(F)(F)c1cccc(-c2ccc(CO/N=C/c3ccco3)cc2)c1,0.496,34.84,Inactive,Active
2147,O=CNCc1ccc2sc(B(O)O)cc2c1,0.496,34.84,Inactive,Active
2148,CCCCSc1nc(NC(=O)CN2CCN(c3cc4c(cc3F)c(=O)c(C(=O)O)cn4C3CC3)CC2)cc(=O)[nH]1,0.496,34.84,Inactive,Inactive
2149,Cc1ncc([N+](=O)[O-])n1CC(C)OC(=O)/C=C/c1ccccc1Cl,0.496,34.84,Inactive,Active
2150,O=C(C[C@@H](NC(=O)OCc1ccccc1)c1ccccc1)Nc1n[nH]c(=S)s1,0.496,34.84,Inactive,Active
2151,Cc1ncc([N+](=O)[O-])n1CC(O)Cn1cc(C(=O)O)c(=O)c2ccc(C(F)(F)F)cc21,0.496,34.84,Inactive,Active
2152,O=c1[nH]cnc2c1ncn2C1CCC(CO)O1,0.496,34.84,Inactive,Active
2153,CCCCc1nc(Cl)c(/C=N/N2C(=O)c3cccc4c(N5CCCC5)ccc(c34)C2=O)[nH]1,0.496,34.84,Inactive,Inactive
2154,O=C(O)CCCC(=O)Nc1ccc(Oc2ncnc3cc(Cl)ccc23)nc1,0.496,34.84,Inactive,Inactive
2155,CC[C@H]1OC(=O)[C@H](C)[C@@H](O[C@H]2C[C@@](C)(OC)C(N)[C@H](C)O2)[C@H](C)[C@@H](O[C@@H]2O[C@H](C)C[C@H](N(C)C)[C@H]2O)[C@](C)(O)C[C@@H](C)N(C)C[C@H](C)[C@@H](O)[C@]1(C)O,0.496,34.84,Inactive,Active
2156,C#CCOCCCCCCCCOc1ccc(-c2nc3ccc(-c4nc5ccc(N6CCN(C)CC6)cc5[nH]4)cc3[nH]2)cc1,0.496,34.84,Inactive,Active
2157,CC[C@H]1OC(=O)[C@H](C)[C@@H](O[C@H]2C[C@@](C)(OC)[C@@H](N)[C@H](C)O2)[C@H](C)[C@@H](O[C@@H]2O[C@H](C)C[C@H](N(C)C)[C@H]2O)[C@](C)(O)C[C@@H](C)N(C)C[C@H](C)[C@@H](O)[C@]1(C)O,0.496,34.84,Inactive,Active
2158,COc1ccccc1-c1nn(CN2CCN(c3cc4c(cc3F)c(=O)c(C(=O)O)cn4[C@@H]3C[C@@H]3F)CC2)c(=S)n1-c1ccccc1,0.496,34.84,Inactive,Inactive
2159,CC[C@H]1OC(=O)[C@H](C)[C@@H](O[C@H]2C[C@@](C)(OC)[C@@H](O)[C@H](C)O2)[C@H](C)[C@@H](O[C@@H]2O[C@H](C)C[C@H](N(C)C)[C@H]2O)[C@](C)(O)C[C@@H](C)N(C)C[C@H](C)[C@@H](O)[C@]1(C)O,0.496,34.84,Inactive,Active
2160,CC[C@H]1OC(=O)[C@H](C)[C@@H](O[C@H]2C[C@@](C)(OC)[C@@](O)(Cn3ccnn3)[C@H](C)O2)[C@H](C)[C@@H](O[C@@H]2O[C@H](C)C[C@H](N(C)C)[C@H]2O)[C@](C)(O)C[C@@H](C)CN[C@H](C)[C@@H](O)[C@]1(C)O,0.496,34.84,Inactive,Inactive
2161,CC[C@H]1OC(=O)[C@H](C)[C@@H](O[C@H]2C[C@@](C)(OC)[C@@](O)(c3cc4ccccc4n3C)[C@H](C)O2)[C@H](C)[C@@H](O[C@@H]2O[C@H](C)C[C@H](N(C)C)[C@H]2O)[C@](C)(O)C[C@@H](C)CN[C@H](C)[C@@H](O)[C@]1(C)O,0.496,34.84,Inactive,Active
2162,Cc1nc2ccc(Cl)cc2c(-c2ccccc2)c1CC(=O)O,0.496,34.84,Inactive,Inactive
2163,Cc1cc(-c2nn(C)c(C)c2/[N+]([O-])=N/C#N)on1,0.496,34.84,Inactive,Inactive
2164,CC[C@H]1OC(=O)[C@H](C)[C@@H](O[C@H]2C[C@@](C)(OC)[C@H](O)[C@H](C)O2)[C@H](C)[C@@H](O[C@@H]2O[C@H](C)C[C@H](N(C)C)[C@H]2O)[C@](C)(O)C[C@@H](C)N(C)C[C@H](C)[C@@H](O)[C@]1(C)O,0.496,34.84,Inactive,Active
2165,Cc1ccc2nc(NC(=S)NC(=O)CNc3nc(N)nc4c3ncn4S(=O)(=O)c3ccccc3)sc2c1,0.496,34.84,Inactive,Inactive
2166,NS(=O)(=O)c1ccc(NC(=O)NC2CCCC2)cc1,0.496,34.84,Inactive,Active
2167,CCCc1ccc(-c2cc(NC(=O)c3c(F)cc(F)cc3F)c(C(=O)O)s2)cc1,0.496,34.84,Inactive,Active
2168,CC(C)(C)c1cc(C(c2cccnc2)N2CCN(CCO)CC2)cc(C(C)(C)C)c1O,0.496,34.84,Inactive,Inactive
2169,CCCCCn1c(CN2CCN(c3cc4c(cc3F)c(=O)c(C(=O)O)cn4CC)CC2)nc2ccccc21,0.496,34.84,Inactive,Inactive
2170,CC(=O)OCC1=C(C(=O)OC(c2ccccc2)c2ccccc2)N2C(=O)[C@@H](Nc3nc4c(C)cccc4[nH]3)C2SC1,0.496,34.84,Inactive,Inactive
2171,O=C(CP(=O)(O)OCc1ccc(-c2ccccc2)cc1)c1ccc(-c2ccccc2)cc1,0.496,34.84,Inactive,Active
2172,Cc1ccc2c(c1)c(=O)c(C(=O)O)cn2CC(O)Cn1cnc([N+](=O)[O-])c1,0.496,34.84,Inactive,Active
2173,NS(=O)(=O)c1nnc(-c2ccccc2Cl)s1,0.496,34.84,Inactive,Active
2174,c1ccc(CN2CCOCCOCCN(CCCCCCCCCCCCCCN3CCOCCOCCN(CCCCCCCCCCCCCCN4CCOCCOCCN(Cc5ccccc5)CCOCCOCC4)CCOCCOCC3)CCOCCOCC2)cc1,0.496,34.84,Inactive,Active
2175,Cc1nnc(SCC2=C(C(=O)O)N3C(=O)[C@@H](NC(=O)Cn4ccc5ccccc54)[C@H]3SC2)s1,0.496,34.84,Inactive,Inactive
2176,CCCOc1ccc(C(=O)NNC(=S)NC(=O)c2ccco2)cc1,0.496,34.84,Inactive,Active
2177,CCOP(=O)(OCC)C(CN1CCN(c2cc3c(cc2F)c(=O)c(C(=O)O)cn3C2CC2)CC1)P(=O)(OCC)OCC,0.496,34.84,Inactive,Active
2178,C#CCn1cc(/C=N/Nc2ccc3c4c(cccc24)C(=O)N(C(CO)CO)C3=O)c2ccccc21,0.496,34.84,Inactive,Active
2179,CCOc1ccc(NC(=O)c2ccc(NC(=O)c3cn4c5c(c(N6CCN(C)CC6)c(F)cc5c3=O)OCC4C)cc2)cc1,0.496,34.84,Inactive,Active
2180,c1ccc(CN2CCOCCOCCN(CCCCCCCCCCCCCCCCN3CCOCCOCCN(CCCCCCCCCCCCCCCCN4CCOCCOCCN(Cc5ccccc5)CCOCCOCC4)CCOCCOCC3)CCOCCOCC2)cc1,0.496,34.84,Inactive,Active
2181,O=c1[nH]c2ccccc2n2c(=S)[nH]nc12,0.496,34.84,Inactive,Active
2182,COc1c(N2CCN(c3nnc(-c4ncc([N+](=O)[O-])n4C)s3)C(C)C2)c(F)cc2c(=O)c(C(=O)O)cn(C3CC3)c12,0.496,34.84,Inactive,Active
2183,CCO[C@@H](Cc1ccc(OCCN2c3ccccc3Oc3ccccc32)cc1)C(=O)O,0.496,34.84,Inactive,Active
2184,NC[C@H]1/C(=N\OCc2ccccc2)CN1c1nc2c(cc1F)c(=O)c(C(=O)O)cn2[C@@H]1C[C@@H]1F,0.496,34.84,Inactive,Active
2185,O=C1ON=C2C=C(c3cccs3)CC(c3cccc([N+](=O)[O-])c3)C12,0.496,34.84,Inactive,Active
2186,CCCO/N=C1\CN(c2nc3c(cc2F)c(=O)c(C(=O)O)cn3C2CC2)CCC1NC,0.496,34.84,Inactive,Active
2187,COc1cc(C)cc(C(=O)O)c1C1=C(O)c2cccc(O)c2C(=O)C1=O,0.496,34.84,Inactive,Inactive
2188,CCOc1cc(C(=O)O)nc2c(NC(=O)c3cc(O)c4cccc(NC(=O)c5cc(O)c6cccc(NC(=O)c7cc(OCC(C)C)c8cccc(NC(=O)NCCCCOc9cccc(CNC(=O)c%10ccc(S(N)(=O)=O)cc%10)c9)c8n7)c6n5)c4n3)cccc12,0.496,34.84,Inactive,Active
2189,COc1cc(CNCCc2ccccc2)cc(Cl)c1OCc1ccccc1,0.496,34.84,Inactive,Active
2190,O/N=C1\CCC2CN(C3CCCCC3)CC2C1,0.496,34.84,Inactive,Inactive
2191,c1ccc(C2=NNC(c3ccccn3)=NN2)nc1,0.496,34.84,Inactive,Active
2192,NCc1csc2ccccc12,0.496,34.84,Inactive,Active
2193,NNC(=O)c1c[n+]2ccc3ccccc3c2[nH]1,0.496,34.84,Inactive,Active
2194,Nc1nonc1C(=O)N/N=C/c1cc(Br)ccc1O,0.496,34.84,Inactive,Active
2195,Cc1nnc(SCC2=C(C(=O)O)N3C(=O)C(NC(=O)[C@H](N)c4ccc5c(c4)OCO5)C3SC2)s1,0.496,34.84,Inactive,Inactive
2196,Cc1c(N2CCc3ccccc3C2)c([N+](=O)[O-])cc2c(=O)c(C(=O)O)cn(C3CC3)c12,0.496,34.84,Inactive,Inactive
2197,C#CCOc1ccc(-c2nc3ccc(-c4nc5ccc(N6CCN(C)CC6)cc5[nH]4)cc3[nH]2)cc1,0.496,34.84,Inactive,Active
2198,C#CCO[C@@H]1[C@@H](C)[C@H](OC(=O)NCCN=C(N)NC(=O)NC)[C@@H](C)C(=O)O[C@H](CC)C(C)(C)[C@@H]2OC(C)(C)O[C@H]([C@@H]2C)[C@H](C)C[C@@]1(C)O,0.496,34.84,Inactive,Active
2199,O=C1c2cccc3c(N/N=C/c4c[nH]c5ccccc45)ccc(c23)C(=O)N1C(CO)CO,0.496,34.84,Inactive,Inactive
2200,O=C(CNC(=O)Nc1ccccc1F)N[C@@H](Cc1ccccc1)C(=O)NCC(=O)N[C@@H](Cc1ccccc1)C(=O)N1CCC[C@H]1C(=O)N1CCN(c2cccc(Cl)c2Cl)CC1,0.496,34.84,Inactive,Active
2201,Cc1nnc(SCC2=C(C(=O)O)N3C(=O)C(NC(=O)[C@@H](N)c4ccc5c(c4)OCO5)C3SC2)s1,0.496,34.84,Inactive,Inactive
2202,O=C(CNC(=O)c1cccc(F)c1)N/N=C/c1ccc([N+](=O)[O-])s1,0.496,34.84,Inactive,Active
2203,O=C(CNC(=O)c1ccccc1)N/N=C/c1ccc([N+](=O)[O-])s1,0.496,34.84,Inactive,Active
2204,CC(C)C[C@@H]1NC(=O)[C@@H](Cc2ccccc2)NC(=O)[C@H](CCN)NC(=O)[C@@H](NC(=O)[C@H](CCN)NC(=O)[C@@H](NC(=O)[C@H](CCN)NC(=O)Nc2ccc(-c3ccccc3)cc2)[C@@H](C)O)CCNC(=O)[C@H]([C@@H](C)O)NC(=O)[C@H](CCN)NC(=O)[C@H](CCN)NC1=O,0.496,34.84,Inactive,Active
2205,Cc1ccc2c(c1)C1CN(C)CCC1N2C(=S)Nc1cccnc1,0.496,34.84,Inactive,Inactive
2206,CCc1cc(Cc2cc(Cc3cc(CC)c(O)c(CC)c3)c(N)nc2N)cc(CC)c1O,0.496,34.84,Inactive,Inactive
2207,O=[N+]([O-])c1cccc(-c2cnc(NC3CCCCC3)[nH]2)c1,0.496,34.84,Inactive,Active
2208,COC1=C(N)C(=O)c2nc(-c3ccccn3)ccc2C1=O,0.496,34.84,Inactive,Inactive
2209,O=S(=O)(O)CCN1CCN(CCO)CC1,0.496,34.84,Inactive,Active
2210,CCCc1ccc(-c2cc(NC(=O)c3c(F)cccc3F)c(C(=O)O)s2)cc1,0.496,34.84,Inactive,Active
2211,N[C@@H]1C[C@H](N)CN(c2nc(Nc3ccc(NC(=O)c4ccc5ccccc5c4O)cc3)nc(N3C[C@@H](O)[C@@H](O)C3)n2)C1,0.496,34.84,Inactive,Inactive
2212,N[C@@H]1C[C@H](N)CN(c2nc(Nc3ccc(C(=O)CC(=O)Nc4ccccc4Cl)cc3)nc(N3C[C@H](N)C[C@H](N)C3)n2)C1,0.496,34.84,Inactive,Active
2213,CC(=O)Nc1ccc(S(=O)(=O)/C(C#N)=C/c2cn(CC3CC3)c3ccccc23)cc1,0.496,34.84,Inactive,Inactive
2214,COc1ccc(-c2ccc(S(=O)(=O)N[C@@H](C(C)C)P(=O)(O)O)cc2)cc1,0.496,34.84,Inactive,Active
2215,Oc1cccc(Nc2nc(O)c(/C=C3\C=Nc4ccccc43)s2)c1,0.496,34.84,Inactive,Inactive
2216,O=C(Nc1nnc(-c2ccc(Cl)s2)o1)c1ccc(Cl)s1,0.496,34.84,Inactive,Inactive
2217,CC(=O)OCC1=C(C(=O)OC(c2ccccc2)c2ccccc2)N2C(=O)[C@@H](Nc3nc4cc(C(=O)O)ccc4[nH]3)C2SC1,0.496,34.84,Inactive,Inactive
2218,N[C@@H]1C[C@H](N)CN(c2nc(Nc3ccc(C(=O)CC(=O)Nc4ccc5c(c4)OC(F)(F)O5)cc3)nc(N3C[C@H](N)C[C@H](N)C3)n2)C1,0.496,34.84,Inactive,Active
2219,O=C(N/N=C/c1cccc([N+](=O)[O-])c1)c1cc(-c2ccc(Cl)cc2)n[nH]1,0.496,34.84,Inactive,Active
2220,Nc1nc(NCC(=O)NC(=S)Nc2nc3cc([N+](=O)[O-])ccc3s2)c2ncn(S(=O)(=O)c3ccccc3)c2n1,0.496,34.84,Inactive,Inactive
2221,CC(=O)OCC1=C(C(=O)OC(c2ccccc2)c2ccccc2)N2C(=O)[C@@H](Nc3nc4c(O)cccc4[nH]3)C2SC1,0.496,34.84,Inactive,Active
2222,OCCN1CCN(C2CCC(c3ccc(F)cc3)c3ccc(F)cc32)CC1,0.4755,33.99,Inactive,Active
2223,Cn1cnnc1SCC1=C(C(=O)O)N2C(=O)[C@@H](NC(=O)CS(C)(=O)=O)[C@H]2SC1,0.4755,33.99,Inactive,Inactive
2224,CCn1cc(C(=O)O)c(=O)c2cc(F)c(N3CCN(C(=S)NC(=O)c4cc(OC)cc(OC)c4)CC3)cc21,0.4755,33.99,Inactive,Active
2225,O=c1[nH]c2c(n(C3CCCCC3)c1=O)CCC2,0.4755,33.99,Inactive,Inactive
2226,O=C1NC(=O)C(Br)=C1Br,0.4755,33.99,Inactive,Inactive
2227,O=Nc1c(O)c2ccccc2c2ccccc12,0.4755,33.99,Inactive,Active
2228,Cc1[nH]c(C(=O)Nc2ccc(-c3noc(=O)[nH]3)cc2N2CCN(c3ccccc3)CC2)c(Cl)c1Cl,0.4755,33.99,Inactive,Inactive
2229,O=c1[nH]cnc2c1sc1c(Cl)ccc(Cl)c12,0.4755,33.99,Inactive,Active
2230,CCn1cc(C(=O)O)c(=O)c2cc(F)c(N3CCN(CNc4nc5ccccc5[nH]4)CC3)cc21,0.4755,33.99,Inactive,Active
2231,O=C(N/N=C/c1ccc([N+](=O)[O-])o1)c1ccc(NS(=O)(=O)c2cccs2)cc1,0.4755,33.99,Inactive,Inactive
2232,CN(C)c1ccc(C(=O)N/N=C/c2ccc([N+](=O)[O-])o2)cc1,0.4755,33.99,Inactive,Inactive
2233,Cc1n[nH]c(=O)nc1N/N=C/c1ccc(O)c([N+](=O)[O-])c1,0.4755,33.99,Inactive,Active
2234,N[C@@H](Cn1cc(F)c(=O)[nH]c1=O)C(=O)O,0.4755,33.99,Inactive,Active
2235,CCCCCCn1c(=O)[nH]c2nc3cc(N)c(C)cc3nc2c1=O,0.4755,33.99,Inactive,Active
2236,CC(O)c1nccn1Cc1cc(C#Cc2ccc(CCCO)cc2)on1,0.4755,33.99,Inactive,Active
2237,CCn1cc(C(=O)O)c(=O)c2cc(F)c(N3CCN(C(=S)NC(=O)c4ccccc4)CC3)cc21,0.4755,33.99,Inactive,Active
2238,CO[C@H]1C=CO[C@@]2(C)Oc3c(C)c(O)c4c(O)c(c5c(c4c3C2=O)NC2(CCN(CC(C)C)CC2)N=5)=NC(=O)C(C)=CC=C[C@H](C)[C@H](O)[C@@H](C)[C@@H](O)[C@@H](C)[C@H](OC(C)=O)[C@@H]1C,0.4755,33.99,Inactive,Active
2239,O=C(O)c1cn(C2CC2)c2cc(N3CCN(S(=O)(=O)c4ccc5ccccc5c4)CC3)c(F)cc2c1=O,0.4755,33.99,Inactive,Inactive
2240,COC(=O)c1c(O)cccc1OC/C=C/c1cccc(-c2onc(C(=O)O)c2CO)c1,0.4755,33.99,Inactive,Active
2241,CCc1nc2sc3c(O)cc(=O)[nH]c3c2cc1C,0.4755,33.99,Inactive,Inactive
2242,CN1C(CCl)Nc2cc(Cl)c(S(N)(=O)=O)cc2S1(=O)=O,0.4755,33.99,Inactive,Inactive
2243,O=C(N/N=C/c1ccc([N+](=O)[O-])o1)c1ccc(Cl)cc1,0.4755,33.99,Inactive,Inactive
2244,C=C[C@H]1CN2CC[C@H]1C[C@H]2[C@H](O)c1ccnc2ccc(OC)cc12,0.4755,33.99,Inactive,Inactive
2245,NC(C(=O)O)c1cc(=O)[nH]o1,0.4755,33.99,Inactive,Inactive
2246,N[C@@H]1C[C@H](N)CN(c2nc(Nc3ccc([N+](=O)[O-])cc3)nc(N3C[C@H](N)C[C@H](N)C3)n2)C1,0.4755,33.99,Inactive,Active
2247,Oc1ccc(NC(=S)N=Nc2c(O)[nH]c3ccccc23)cc1,0.4755,33.99,Inactive,Active
2248,O=C(O)CCCC1=CN=C2CC=CC=C12,0.4755,33.99,Inactive,Active
2249,O=c1[nH]c2ccc(-c3cn[nH]c3)cc2cc1-c1cc2cc(CN3CCCCC3)ccc2[nH]1,0.4755,33.99,Inactive,Active
2250,O=C(NO)N1CCN(C(=S)N/N=C/c2ccccc2O)CC1,0.4755,33.99,Inactive,Active
2251,O=S(=O)(O)c1ccc(N=Nc2ccccc2)cc1,0.4755,33.99,Inactive,Inactive
2252,C[C@](O)(COc1c(F)c(F)c(F)c(F)c1F)C(=O)Nc1ccc([N+](=O)[O-])c(C(F)(F)F)c1,0.4734,33.89,Inactive,Active
2253,C=C1CC[C@@H](O[C@H]2C[C@@](O)([C@H](C)NC(=O)c3[nH]c(C)c(Cl)c3Cl)[C@H](O)[C@@H](C)O2)[C@@H]2CC[C@H](C)[C@H](/C(O)=C3\C(=O)[C@H](C(C)C)N([C@@H]4O[C@@H](C)[C@@H](OC(N)=O)[C@@H](OC(C)=O)[C@H]4OC)C3=O)[C@@H]12,0.4734,33.89,Inactive,Active
2254,COc1ccc(CNC(=O)c2cc3c(cc2CN(C)Cc2cccc(OC)c2C(=O)O)OCO3)cc1,0.4734,33.89,Inactive,Active
2255,Cc1ccc(NNC(=O)[C@@H](O)[C@H](N)CC2CCCCC2)cc1,0.4734,33.89,Inactive,Active
2256,CCCNC[C@H]1O[C@@H](OC[C@H]2O[C@@H](n3ccc(=O)[nH]c3=O)[C@H](O)[C@@H]2O)[C@H](O)[C@@H]1O,0.4734,33.89,Inactive,Inactive
2257,CCCOc1ccc(-c2cc(NC(=O)c3c(F)cc(F)cc3F)c(C(=O)O)s2)cc1,0.4734,33.89,Inactive,Active
2258,CCOC(=O)c1cn(CC(O)Cn2c([N+](=O)[O-])cnc2C)c2cc(Cl)c(F)cc2c1=O,0.4734,33.89,Inactive,Inactive
2259,COc1ccc2nc3ccccc3[n+]([O-])c2c1,0.4734,33.89,Inactive,Active
2260,C/C=C1\NC(=O)[C@@H](CC)NC(=O)CNC(=O)[C@](C)(C(C)=O)NC(=O)[C@H](Cc2c[nH]c3cccc(OC)c23)NC(=O)c2csc(n2)[C@@H](C)NC(=O)CN(C)C1=O,0.4734,33.89,Inactive,Inactive
2261,NC[C@@H]1O[C@H](O[C@H]2[C@@H](O)[C@H](O[C@@H]3[C@@H](O)[C@H](N)C[C@H](N)[C@H]3O[C@H]3O[C@H](CN)[C@@H](O)[C@H](O)[C@H]3N)O[C@@H]2CNC(=O)CCC(=O)NC[C@H]2O[C@@H](O[C@@H]3[C@@H](O)[C@H](N)C[C@H](N)[C@H]3O[C@H]3O[C@H](CN)[C@@H](O)[C@H](O)[C@H]3N)[C@H](O)[C@@H]2O[C@H]2O[C@@H](CN)[C@@H](O)[C@H](O)[C@H]2N)[C@H](N)[C@@H](O)[C@@H]1O,0.4734,33.89,Inactive,Inactive
2262,Cc1cc(OCCCN(C)C)c2cc3c(OCCCN(C)C)cc(C)nc3c(C)c2n1,0.4734,33.89,Inactive,Active
2263,CNCc1c(OCc2ccccc2F)ccc2ccccc12,0.4734,33.89,Inactive,Active
2264,O=S(=O)(c1ccccc1Cl)N(Cc1ccccc1)[C@H]1CNC[C@@H]1N(Cc1ccccc1)S(=O)(=O)c1ccccc1Cl,0.4734,33.89,Inactive,Active
2265,NC1CCN(c2nc3c(cc2F)c(=O)c(Cc2ccccc2)cn3-c2nccs2)C1,0.4734,33.89,Inactive,Inactive
2266,O=C(O)c1ccc(NC(=O)c2cccc(CC3CCCCC3)n2)c(Cc2ccccc2)c1,0.4734,33.89,Inactive,Active
2267,Nc1nc(N)c2c(Cl)c(Sc3ccc(F)cc3)ccc2n1,0.4734,33.89,Inactive,Active
2268,CCNC(=O)Nc1cc(-n2ccnc2)c(C(=O)Nc2cccc(Cl)c2)cn1,0.4734,33.89,Inactive,Active
2269,C[C@@H]1C[C@H](C)CN(S(=O)(=O)c2ccc(C(=O)Nc3nnc(-c4cccs4)o3)cc2)C1,0.4734,33.89,Inactive,Inactive
2270,CC(O)CNCCNCc1c(OCc2ccccc2)ccc2ccccc12,0.4734,33.89,Inactive,Active
2271,O=C(O)c1ccc2c(=O)n3c(nc2c1)/C(=C/c1ccc(Cl)c(Cl)c1)CC3,0.4734,33.89,Inactive,Inactive
2272,NC(=O)c1ccc(-c2nc(-c3ccc4c(c3)OCO4)c(-c3ccccn3)[nH]2)cc1,0.4734,33.89,Inactive,Active
2273,Cn1nnnc1SCC(O)CN1C(=O)/C(=N\Nc2ccc(Cl)cc2)c2ccccc21,0.4734,33.89,Inactive,Active
2274,Cc1ccc(S(=O)(=O)c2cn(C[C@H](Cc3c[nH]c4ccccc34)NC(=O)c3cn(-c4ccc(C(=O)C(=O)O)cc4)nn3)nn2)cc1,0.4734,33.89,Inactive,Active
2275,CCCNC(=O)c1ccc2c(=O)c(O)c(-c3ccc(OC)cc3)[nH]c2c1,0.4734,33.89,Inactive,Active
2276,CCn1cc(C(=O)O)c(=O)c2cc(F)c(N3CCN(C(=S)NC(=O)c4ccccc4C)CC3)cc21,0.4734,33.89,Inactive,Active
2277,COc1ccc(C2=NN(C(C)=O)C(c3cccc(Nc4ccnc5cc(Cl)ccc45)c3)C2)cc1,0.4734,33.89,Inactive,Inactive
2278,CC(=O)Oc1cccc(C(=O)NCCCCN(C(=O)c2cccc(OC(C)=O)c2OC(C)=O)c2ccccc2OCC(=O)NC2C(=O)N3C2SC(C)(C)C3C(=O)O)c1OC(C)=O,0.4734,33.89,Inactive,Inactive
2279,Cc1cc(O)c(Cc2cc(Cl)c3cccnc3c2O)c(=O)o1,0.4734,33.89,Inactive,Active
2280,O=c1[nH]c(/C=C\c2ccc(O)c(O)c2)nc(O)c1[N+](=O)[O-],0.4734,33.89,Inactive,Active
2281,Nc1ncc2[nH]cnc2n1,0.4734,33.89,Inactive,Inactive
2282,CC1C=C(N=Nc2ccc(S(=O)(=O)Nc3ccccn3)cc2)C(N)=CC1=O,0.4734,33.89,Inactive,Active
2283,N#Cc1c(NC(=O)c2cc(OCCNC(=N)N)ccc2Cl)sc2c1CCN(Cc1ccc(O)cc1)C2,0.4734,33.89,Inactive,Inactive
2284,CCCCc1cnc(SCC(=O)c2ccc(S(N)(=O)=O)cc2)nc1,0.4734,33.89,Inactive,Active
2285,Cc1cc(-c2ccc(C(=O)Nc3ccccc3C(=O)O)cc2Oc2ccccc2)ccc1Cl,0.4734,33.89,Inactive,Active
2286,CN(C)C(=N)c1ccc2cc(-c3cnc(-c4cc5ccc(C(=N)N(C)C)cc5[nH]4)s3)[nH]c2c1,0.4734,33.89,Inactive,Active
2287,CCCCNc1ncc2c(-c3ccc(F)cc3)nn(CC3CCC(N)CC3)c2n1,0.4734,33.89,Inactive,Active
2288,COc1cc2c(cc1OCCCC(=O)Nc1cc(C(=O)Nc3ccc(-c4cc(C(=O)N(C)C)n(C)c4)cc3)n(C)c1)N=C[C@@H]1CCCN1C2=O,0.4734,33.89,Inactive,Active
2289,N=c1n(Cc2ccc(Cl)cc2)c2ccccc2n1CC(O)COc1ccccc1,0.4734,33.89,Inactive,Active
2290,O=C(N/N=C/c1ccc([N+](=O)[O-])o1)c1ccc(F)cc1,0.4734,33.89,Inactive,Inactive
2291,N/N=C1\NCCN1c1ccc(Cl)cc1,0.4734,33.89,Inactive,Inactive
2292,O=C(O)[C@H](CO)N1Cc2ccccc2C1=O,0.4734,33.89,Inactive,Inactive
2293,Oc1ccc(N=Nc2ccc(Br)cc2)c(O)c1,0.4734,33.89,Inactive,Active
2294,CC(C(=O)O)N1C(=O)C(NC(=O)Oc2ccc(Cl)cc2)CS1(=O)=O,0.4734,33.89,Inactive,Inactive
2295,COC(=O)c1ccc(CN2[C@H](COc3ccccc3)[C@H](O)[C@@H](O)[C@@H](COc3ccccc3)N(Cc3ccc(CO)cc3)S2(=O)=O)cc1,0.4734,33.89,Inactive,Active
2296,N=C(C1=NCCN1)c1ccc2cc(-c3ccc(Oc4ccc(-c5cc6ccc(C(=N)C7=NCCN7)cc6[nH]5)cc4)cc3)[nH]c2c1,0.4734,33.89,Inactive,Inactive
2297,CC[C@]12CCCN(CC[C@]3(O)C(=O)Nc4ccccc43)[C@H]1OCC2,0.4734,33.89,Inactive,Inactive
2298,O=C(O)[C@H]1CC(=O)N(c2ccccc2O)C1,0.4734,33.89,Inactive,Active
2299,O=C1CCN2C=Nc3cccc4ccc1c2c34,0.4734,33.89,Inactive,Active
2300,O=C(O)CCCCn1c(=S)[nH]c2ccsc2c1=O,0.4734,33.89,Inactive,Inactive
2301,O=C(N/N=C/c1ccc(-c2ccc(Br)cc2)o1)c1ccc2c(c1)OCO2,0.4734,33.89,Inactive,Inactive
2302,Cc1ccsc1C1NC(=O)c2c(sc3c2CCCC3)N1,0.4734,33.89,Inactive,Inactive
2303,COC(=O)c1ccc(NC(=O)NC[C@H]2CC[C@@H](C(=O)N3CCC[C@H]3C=N)N2)cc1,0.4734,33.89,Inactive,Active
2304,Oc1ccc2ccccc2c1/C=N/Nc1nnc(-c2ncc[nH]2)c2ccccc12,0.4734,33.89,Inactive,Active
2305,O=C(Cc1ccccc1)N[C@@H]1C(=O)N2C(C(=O)OCc3ccccc3)=C(OS(=O)(=O)C(F)(F)F)NC[C@H]12,0.4734,33.89,Inactive,Inactive
2306,CC[C@H](C)[C@H](NC(=O)[C@H](CCN)NC(=O)c1ccccc1)C(=O)N[C@@H](CCN)C(=O)N[C@H](Cc1ccccc1)C(=O)N[C@@H](CC(C)C)C(=O)N[C@@H](CCN)C(=O)N[C@@H](C(=O)N[C@@H](CC(C)C)C(=O)N[C@@H](CO)C(N)=O)C(C)C,0.4734,33.89,Inactive,Active
2307,Cc1cc(C(=O)N/N=C/c2ccc(-c3cccc(Cl)c3Cl)o2)n[nH]1,0.4734,33.89,Inactive,Active
2308,O=C(C[n+]1cccc(CNC(=O)c2ccc(OC(F)F)cc2)c1)Nc1ccc(SC(F)F)cc1,0.4734,33.89,Inactive,Active
2309,Cc1ccc(-c2ccc(C(=O)N[C@H](C(=O)NO)C(C)(C)NS(C)(=O)=O)cn2)cc1,0.4734,33.89,Inactive,Inactive
2310,Cc1ncc([N+](=O)[O-])n1CC(C)OC(=O)/C=C/c1ccccc1Br,0.4677,33.65,Inactive,Active
2311,CCn1cc(C(=O)O)c(=O)c2cnc(N3CCN(C(=S)Nc4cc(C(F)(F)F)cc(C(F)(F)F)c4)CC3)nc21,0.4677,33.65,Inactive,Inactive
2312,Nc1nc(N)c2c(Cl)c(Sc3ccccc3)ccc2n1,0.4677,33.65,Inactive,Active
2313,CCCCCCCCCCCCCCCCn1cc[n+](-c2ccccc2)c1C,0.4677,33.65,Inactive,Inactive
2314,N[C@@H](Cn1cc(Cl)c(=O)[nH]c1=O)C(=O)O,0.4677,33.65,Inactive,Active
2315,Oc1ccc(/C=N/NC2=NCCCCC2)c(O)c1,0.4677,33.65,Inactive,Inactive
2316,NC[C@H]1O[C@@H](OC[C@H]2O[C@@H](n3ccc(=O)[nH]c3=O)[C@H](O)[C@@H]2O)C[C@@H]1O,0.4677,33.65,Inactive,Inactive
2317,O=C(CNC(=O)c1ccccc1Cl)N/N=C/c1ccc([N+](=O)[O-])s1,0.4677,33.65,Inactive,Inactive
2318,CCCCCCCCn1c(CN2CCN(c3cc4c(cc3F)c(=O)c(C(=O)O)cn4CC)CC2)nc2ccccc21,0.4677,33.65,Inactive,Active
2319,CCCCCCOc1ccc(CN2CCN(C)CC2)cc1,0.4677,33.65,Inactive,Inactive
2320,[N-]=[N+]=NCCCN1CCN(c2cc3c(cc2F)c(=O)c(C(=O)O)cn3C2CC2)CC1,0.4677,33.65,Inactive,Active
2321,O=C1CCC/C=C/CCOC(=O)c2c(O)cc(O)c(Cl)c2C1,0.4677,33.65,Inactive,Active
2322,C=C1C[C@@H](C(=O)Nc2ccc(F)cc2)N(C(=O)[C@H](CCCC)CN(O)C=O)C1,0.4677,33.65,Inactive,Inactive
2323,CC(C)(C)OC(=O)NC(Cc1ccccc1)C(=O)N1CCC(C(=O)NCC(=O)Nc2ccc(F)cc2)CC1,0.4677,33.65,Inactive,Active
2324,CC(=O)OCC1=C(C(=O)OC(c2ccccc2)c2ccccc2)N2C(=O)[C@@H](Nc3nc4ccccc4[nH]3)C2SC1,0.4677,33.65,Inactive,Active
2325,COc1cc(/C=N/Nc2nc(=O)[nH]nc2C)cc([N+](=O)[O-])c1O,0.4677,33.65,Inactive,Active
2326,CO[C@H]1/C=C/O[C@@]2(C)Oc3c(C)c(=O)c4c(O)c(c5oc6cccc(OCCCCN7CCN(C(=O)Cn8ccnc8)CC7)c6nc5c4c3C2=O)NC(=O)/C(C)=C\C=C\[C@H](C)[C@H](O)[C@@H](C)[C@@H](O)[C@@H](C)[C@H](OC(C)=O)[C@@H]1C,0.4677,33.65,Inactive,Active
2327,O=C(O)c1ccc(-c2ccc(O)cc2)cc1,0.4677,33.65,Inactive,Inactive
2328,Clc1ccc2[nH]c3c(c2c1)CCCc1c[nH]nc1-3,0.4591,33.26,Inactive,Inactive
2329,COc1ccc(/C=N/NC(=O)c2cc(-c3ccc(Cl)cc3)n[nH]2)cc1OC,0.4591,33.26,Inactive,Active
2330,O=C1CCC/C=C\CCOC(=O)c2c(O)cc(O)c(Cl)c2C1,0.4591,33.26,Inactive,Active
2331,NC1=CC(=O)c2ccc(-c3ccccn3)nc2C1=O,0.4591,33.26,Inactive,Inactive
2332,Fc1cccc(COc2ccc(Nc3ncnc4ccccc34)cc2Cl)c1,0.4591,33.26,Inactive,Active
2333,O=c1ccn(COCCO)c(=O)[nH]1,0.4591,33.26,Inactive,Inactive
2334,NC(=O)CSc1nc2ncnc(N)c2[nH]1,0.4591,33.26,Inactive,Active
2335,CC(C)c1cc(C(C)C)c(S(=O)(=O)N2CCN(c3cc4c(cc3F)c(=O)c(C(=O)O)cn4C3CC3)CC2)c(C(C)C)c1,0.4591,33.26,Inactive,Inactive
2336,O=[N+]([O-])c1ccc2c(c1)CN[C@@H](CO)C2,0.4591,33.26,Inactive,Active
2337,COc1ccc2c(c1)c(=O)c(C(=O)O)cn2CC(O)Cn1cnc([N+](=O)[O-])c1,0.4591,33.26,Inactive,Inactive
2338,COc1ccc([C@@H]2[C@@H](O)[C@H](O)[C@@H](C)N2C)cc1OC,0.4591,33.26,Inactive,Inactive
2339,OB(O)c1cc2cc(COc3ccc(Cl)c(Cl)c3)ccc2s1,0.4591,33.26,Inactive,Active
2340,NS(=O)(=O)c1ccc(-c2cccc(/C=C3\SC(=O)NC3=O)c2)cc1,0.4591,33.26,Inactive,Active
2341,OB(O)c1cc2cc(COc3ccccc3)ccc2s1,0.4591,33.26,Inactive,Active
2342,NC(=O)[C@H](CCC(=O)O)NC(=O)c1ccc(-c2cc(-c3ccccc3)cs2)cc1,0.4591,33.26,Inactive,Active
2343,Cc1nc(N)nc(N)c1/C=C/C(C)(C)c1ccc(Cl)cc1,0.4591,33.26,Inactive,Active
2344,COc1cc(/C=C2\C(=O)NN(c3ccccc3)C2=O)cc([N+](=O)[O-])c1O,0.4591,33.26,Inactive,Inactive
2345,NS(=O)(=O)c1cc2c(cc1Cl)NC(C(Cl)Cl)NS2(=O)=O,0.4591,33.26,Inactive,Inactive
2346,NC[C@H]1O[C@@H](OC[C@H]2O[C@@H](n3ccc(=O)[nH]c3=O)C[C@@H]2O)[C@H](O)[C@@H]1O,0.4591,33.26,Inactive,Inactive
2347,COc1cc(/C=C2/C(=O)NN(c3cccc(C)c3)C2=O)cc([N+](=O)[O-])c1O,0.4591,33.26,Inactive,Inactive
2348,COc1cc(/C=C2/C(=O)NN(c3ccc(F)cc3)C2=O)cc([N+](=O)[O-])c1O,0.4591,33.26,Inactive,Active
2349,CC(=O)N/C(=C\c1ccc(Br)s1)C(=O)O,0.4591,33.26,Inactive,Inactive
2350,N#Cc1c(NC(=O)c2cc(OCCNC(=N)N)ccc2Cl)sc2c1CCN(Cc1cccc(O)c1)C2,0.4591,33.26,Inactive,Inactive
2351,O=C1OC[C@@H](O[C@@H]2OC[C@@H](O[C@@H]3OC[C@@H](O)[C@H](O)[C@H]3O)[C@H](O)[C@H]2O)[C@H](O)[C@H]1O,0.4591,33.26,Inactive,Active
2352,Cn1nnnc1SCC(O)CN1C(=O)/C(=N\Nc2ccccc2)c2ccccc21,0.4591,33.26,Inactive,Active
2353,NC(=O)c1ccc(N=C2C(=O)Nc3ccc([N+](=O)[O-])cc32)cc1,0.4591,33.26,Inactive,Active
2354,Cn1c([N+](=O)[O-])cnc1/C=C1\Oc2cc(O)ccc2C1=O,0.4591,33.26,Inactive,Active
2355,CC(=O)N(O)CCC[C@@H]1NC(=O)CNC(=O)CNC(=O)CNC(=O)[C@H](CCCN(O)C(C)=O)NC(=O)[C@H](CCCN(O)C(C)=O)NC1=O,0.4591,33.26,Inactive,Active
2356,COc1ccc(OC)c(NC(=O)NNC(=O)c2cc([N+](=O)[O-])c[nH]2)c1,0.4591,33.26,Inactive,Active
2357,Cn1cc([S+](C)[O-])cc1-c1c2c(=O)n(C)c(=O)n(CC3CC3)c2nn1Cc1ccnc2ccc(Cl)cc12,0.4591,33.26,Inactive,Inactive
2358,O=[N+]([O-])c1c[nH]c(-c2nnc(-c3cc(-c4ccccc4)nc4ccc(Cl)cc34)o2)c1,0.4591,33.26,Inactive,Active
2359,Cc1oc(-c2ccccc2)nc1CCCc1nc2cc(C[C@H](OC(C)C)C(=O)O)ccc2o1,0.4591,33.26,Inactive,Inactive
2360,CC(c1cccnc1)N(CCN(C)C)C(=O)Nc1ccc(Cl)c(Cl)c1,0.4591,33.26,Inactive,Active
2361,O=C(O)c1cn(CC(O)Cn2cnc([N+](=O)[O-])c2)c2c(F)cccc2c1=O,0.4591,33.26,Inactive,Active
2362,CNCCCN1c2ccccc2CCc2ccccc21,0.4591,33.26,Inactive,Active
2363,OCCN(CCO)Cc1ccc2sc(B(O)O)cc2c1,0.4591,33.26,Inactive,Active
2364,O=c1[nH]c(=S)ccn1C1OC(CO)C(O)C1O,0.4591,33.26,Inactive,Active
2365,CC1=C(C(=O)OC(c2ccccc2)c2ccccc2)N2C(=O)[C@@H](NC3=NC(c4ccc(C#N)cc4)CN3)C2SC1,0.4591,33.26,Inactive,Active
2366,NC(=O)N/N=C/C1=CC([N+](=O)[O-])=CC1,0.4591,33.26,Inactive,Inactive
2367,O=C1C=C(N2CCC[C@H]2C(=O)O)C(=O)c2ccccc21,0.4591,33.26,Inactive,Inactive
2368,CNC1CCN(c2ccc3c(=O)c(C(=O)O)cn(C4CC4)c3n2)C/C1=N\OC,0.4591,33.26,Inactive,Inactive
2369,CC(C)(C)c1cc(NC(=O)Nc2ccc(Cl)cc2)n(-c2ccccc2)n1,0.4591,33.26,Inactive,Active
2370,O=c1[nH]cc(F)c(=O)[nH]1,0.4591,33.26,Inactive,Inactive
2371,C[C@@H](C(=O)O)N1Cc2ccccc2C1=O,0.4591,33.26,Inactive,Inactive
2372,Cn1cnc(-c2nc(C(=O)O)c(O)c(=O)[nH]2)c1,0.4591,33.26,Inactive,Active
2373,Cc1ncc([N+](=O)[O-])n1-c1ccnc(NS(=O)(=O)c2ccc(N)cc2)n1,0.4591,33.26,Inactive,Inactive
2374,CC(=O)Oc1ccc(C(=O)[C@H]2[C@H]3C(=O)N(c4cccc5ccccc45)C(=O)[C@H]3[C@@H]3C=CC=NN32)cc1,0.4591,33.26,Inactive,Inactive
2375,C[C@@H]1C[C@H](O)[C@H]2O[C@H](O[C@H]3[C@H](O[C@@H]4O[C@H](CO)[C@@H](O[C@H]5O[C@@H](CN)[C@@H](O)[C@H](O)[C@H]5N)[C@H]4O)[C@@H](O)[C@H](N)C[C@@H]3N)[C@H](N)[C@@H](O)[C@@H]2O1,0.4591,33.26,Inactive,Active
2376,C=C[C@H]1CN2CCC1C[C@H]2[C@H](O)c1ccnc2ccc(OC)cc12,0.4591,33.26,Inactive,Inactive
2377,COc1ccc(C(NC(=O)c2cccnc2)c2cc(Cl)c3cccnc3c2O)cc1OC,0.4591,33.26,Inactive,Active
2378,CC1=NN=C2OC(N)=C(C#N)C(c3ccc(Oc4nc(Cl)c(Cl)cc4Cl)cc3)C12,0.4591,33.26,Inactive,Active
2379,C[C@@H](c1ncncc1F)[C@](O)(Cn1cncn1)c1ccc(F)cc1F,0.4591,33.26,Inactive,Inactive
2380,O=c1[nH]c(=O)n(COCCO)cc1F,0.4591,33.26,Inactive,Inactive
2381,NC(=O)c1ccc(S(=O)(=O)N(Cc2ccc(C(F)(F)F)cc2)[C@H]2CNC[C@@H]2N(Cc2ccc(C(F)(F)F)cc2)S(=O)(=O)c2ccc(C(N)=O)cc2)cc1,0.4591,33.26,Inactive,Active
2382,N=C(NCCCCCCCCN1CCCCCCCCNC(=N)NC1=O)NCC1CC1,0.4591,33.26,Inactive,Inactive
2383,O=S(=O)(c1ccccc1)N(Cc1ccc(I)cc1)[C@H]1CNC[C@@H]1N(Cc1ccc(I)cc1)S(=O)(=O)c1ccccc1,0.4591,33.26,Inactive,Active
2384,NC(=O)c1ccc[n+](CC(=O)c2cccc([N+](=O)[O-])c2)c1,0.4591,33.26,Inactive,Inactive
2385,CC(c1ccc(Cl)c(Cl)c1)n1cnc2cc3c(cc21)CCCC3,0.4591,33.26,Inactive,Active
2386,CC(=O)N[C@@H](CCCNC(N)N)C(=O)N[C@@H](Cc1c[nH]c2ccccc12)C(=O)N[C@H]1CCCCCCCNC(=O)[C@@H]2CCCN2C(=O)[C@H](CCCNC(N)N)NC(=O)[C@H](C)NC(=O)[C@@H]2CCCN2C(=O)[C@H](Cc2ccccc2)NC1=O,0.4591,33.26,Inactive,Active
2387,Cn1c(=O)c2c(n(C)c1=O)n1c(-c3ccc(Cl)cc3)nnc1n2C,0.4591,33.26,Inactive,Inactive
2388,CC(=O)C1N=[N+]2c3cc(F)ccc3OC[C@H]2[C@@]1(CCCN1CCN(C(C)=O)CC1)c1ccccc1,0.4591,33.26,Inactive,Active
2389,O=C1C=C(O)C=CC1S(=O)(=O)n1cc2ccc(O)cc2c1,0.4591,33.26,Inactive,Active
2390,NC[C@H]1O[C@H](O[C@H]2[C@H](O)[C@@H](O[C@H]3O[C@H](CO)[C@@H](O)[C@H](N)[C@H]3O)[C@H](N)C[C@@H]2N)[C@H](N)[C@@H](O)[C@@H]1NC(=O)C1CCCCC1,0.4591,33.26,Inactive,Active
2391,CCCCOc1ccc2cc(S(=O)(=O)N[C@H]3CCCC[C@H]3C(=O)O)ccc2c1,0.4591,33.26,Inactive,Inactive
2392,CCn1cc(C(=O)O)c(=O)c2c(N)nc(N3CCCC3)nc21,0.4591,33.26,Inactive,Inactive
2393,Cc1[nH]c(C(=O)Nc2ccc(-c3noc(=O)[nH]3)cc2N2CCOCC2)c(Cl)c1Cl,0.4591,33.26,Inactive,Active
2394,O=C(C[C@@H]1SC(N=NCc2ccccc2O)=NC1=O)Nc1cccc(C(F)(F)F)c1,0.4591,33.26,Inactive,Active
2395,O=C(CCc1ccccc1)NNC(=S)NC(=O)c1ccccc1,0.4591,33.26,Inactive,Active
2396,CC[C@H]1OC(=O)[C@H](C)[C@@H](O[C@H]2C[C@@](C)(OC)[C@@](O)(CNCC3CC3)[C@H](C)O2)[C@H](C)[C@@H](O[C@@H]2O[C@H](C)C[C@H](N(C)C)[C@H]2O)[C@](C)(O)C[C@@H](C)CN[C@H](C)[C@@H](O)[C@]1(C)O,0.4591,33.26,Inactive,Inactive
2397,C[N+]12CN3CN(CN(C3)C1)C2,0.4591,33.26,Inactive,Active
2398,CCn1cc(C(=O)O)c(=O)c2cnc(N3CCN(C(=S)Nc4cc(Cl)cc(Cl)c4)CC3)nc21,0.4591,33.26,Inactive,Inactive
2399,CCCCC(=O)N[C@H]1C(=N)O[C@H](CO)[C@@H](O)[C@@H]1O,0.4591,33.26,Inactive,Active
2400,Cc1cc(OCCN(C(C)C)C(C)C)c2cc3c(OCCN(C(C)C)C(C)C)cc(C)nc3c(C)c2n1,0.4591,33.26,Inactive,Active
2401,CCCNc1[nH]c(=O)n(C)c(=O)c1N=O,0.4591,33.26,Inactive,Inactive
2402,O=C(O)Cc1cccs1,0.4591,33.26,Inactive,Active
2403,Oc1ccc(-c2ccccn2)cc1O,0.4591,33.26,Inactive,Inactive
2404,CCCOc1ccc(C(=O)N/N=C/c2ccc([N+](=O)[O-])o2)cc1,0.4591,33.26,Inactive,Inactive
2405,O=C(O)c1ccc(-c2c(F)cccc2F)cc1,0.4591,33.26,Inactive,Active
2406,CCCC(=O)OCC(=O)N1CCN(c2cc3c(cc2F)c(=O)c(C(=O)O)cn3C2CC2)CC1,0.4591,33.26,Inactive,Inactive
2407,C#CCO[C@@H]1[C@@H](C)[C@H](OC(=O)NCCCN=C(N)NC(=O)NC)[C@@H](C)C(=O)O[C@H](CC)C(C)(C)[C@@H]2OC(C)(C)O[C@H]([C@@H]2C)[C@H](C)C[C@@]1(C)O,0.4591,33.26,Inactive,Active
2408,Cc1cc(N)nc(/C=C/c2cncc([C@@H](CN)Cc3cc(C)cc(N)n3)c2)c1,0.4591,33.26,Inactive,Active
2409,C/C(=C\CNc1ncnc2nc[nH]c12)CO,0.4591,33.26,Inactive,Active
2410,Cc1ccccc1C(=O)CSc1nc2nc(N)[nH]c(=O)c2[nH]1,0.4591,33.26,Inactive,Active
2411,Cc1cccc(C(=O)NC(=S)NNC(=O)COc2c(C)cccc2C)c1,0.4591,33.26,Inactive,Inactive
2412,Nc1ncccc1NCc1cccc(-c2cccnc2)c1,0.4591,33.26,Inactive,Active
2413,CN(CCOc1ccc(-c2ccc(C#N)cc2)cc1)C(=O)NO,0.4591,33.26,Inactive,Active
2414,CCN(CC)c1ccc(C(=C2C=CC(=[N+](CC)CC)C=C2)c2ccc(N(CC)CC)cc2)cc1,0.4591,33.26,Inactive,Inactive
2415,C/C(=C/c1coc2nc(N)nc(N)c12)c1ccc(C(=O)N[C@@H](CCC(=O)O)C(=O)O)cc1,0.4591,33.26,Inactive,Inactive
2416,Cc1ccc(OCC(=O)N/N=C/c2ccc([N+](=O)[O-])o2)cc1,0.4591,33.26,Inactive,Active
2417,O=C(O)CCCCC1SCC2NC(=O)NC21,0.4591,33.26,Inactive,Inactive
2418,CCOc1cc(/C=C2\C(=O)NN(c3ccccc3)C2=O)cc([N+](=O)[O-])c1O,0.4591,33.26,Inactive,Active
2419,O=C(O)COc1ccc(-c2ccc(F)cc2F)cc1,0.4591,33.26,Inactive,Active
2420,Oc1c(Br)cc(Br)cc1/C=N/Nc1nc(-c2ccc(Cl)c(Cl)c2)cs1,0.4591,33.26,Inactive,Active
2421,C=C1CC[C@@H](O[C@H]2C[C@@](O)([C@H](C)NC(=O)c3[nH]c(C)c(Cl)c3Cl)[C@H](O)[C@@H](C)O2)[C@@H]2C=C[C@H](C)C(/C(O)=C3\C(=O)[C@H](C(C)C)N([C@H]4O[C@H](C)[C@H](OC(N)=O)[C@H](OC(C)=O)[C@@H]4OC)C3=O)[C@@H]12,0.4591,33.26,Inactive,Inactive
2422,CCCc1c(-c2ccc(O)cc2)nn(-c2ccc(O)cc2)c1-c1ccc(O)cc1,0.4591,33.26,Inactive,Inactive
2423,Cc1cc(C)c(NC(=O)c2cn3c4c(c(N5CCN(C)CC5)c(F)cc4c2=O)OCC3C)c(C)c1,0.4591,33.26,Inactive,Active
2424,CCCCCCC(=O)N1CCN(c2cc3c(cc2F)c(=O)c(C(=O)O)cn3C2CC2)CC1,0.4591,33.26,Inactive,Inactive
2425,C[C@](O)(COc1ccc([N+](=O)[O-])cc1)C(=O)Nc1ccc(C#N)c(C(F)(F)F)c1,0.4591,33.26,Inactive,Active
2426,Oc1cc(F)ccc1CNc1ncccc1-c1ncccn1,0.4591,33.26,Inactive,Active
2427,CCN(CC)C(=O)[C@H]1CCCN(c2cc(-c3c(N)nn4cccnc34)ncn2)C1,0.4591,33.26,Inactive,Active
2428,Cc1c(-c2cc(C(=O)N[C@H](C)C(=O)O)on2)oc2ccc(Br)cc12,0.4591,33.26,Inactive,Inactive
2429,CC[C@H]1OC(=O)[C@H](C)[C@@H](O[C@H]2C[C@@](C)(OC)[C@H](N)[C@H](C)O2)[C@H](C)[C@@H](O[C@@H]2O[C@H](C)C[C@H](N(C)C)[C@H]2OC(=O)OCC2c3ccccc3-c3ccccc32)[C@](C)(O)C[C@@H](C)N(C)C[C@H](C)[C@@H](O)[C@]1(C)O,0.4591,33.26,Inactive,Active
2430,CCO/N=C1\CN(c2nc3c(cc2F)c(=O)c(C(=O)O)cn3C2CC2)CCC1NC,0.4591,33.26,Inactive,Inactive
2431,C=C1C[C@@H](C(=O)Nc2ccccc2)N(C(=O)[C@H](CCCC)CN(O)C=O)C1,0.4591,33.26,Inactive,Inactive
2432,CCCCCCCCCCCCn1c(CN2CCN(c3cc4c(cc3F)c(=O)c(C(=O)O)cn4CC)CC2)nc2ccccc21,0.4591,33.26,Inactive,Inactive
2433,CN(C)c1cc[n+](Cc2ccc(-c3ccc(Cn4cnc(=N)c5[nH]cnc54)cc3)cc2)cc1,0.4591,33.26,Inactive,Active
2434,CC[C@H]1OC(=O)[C@H](C)[C@@H](O[C@H]2C[C@@](C)(OC)[C@@H](N)[C@H](C)O2)[C@H](C)[C@@H](O[C@@H]2O[C@H](C)C[C@H](N(C)C)[C@H]2OC(=O)OCC2c3ccccc3-c3ccccc32)[C@](C)(O)C[C@@H](C)N(C)C[C@H](C)[C@@H](O)[C@]1(C)O,0.4591,33.26,Inactive,Active
2435,CN1CCN(C(=O)N2Cc3c(NC(=O)c4cccc(Oc5ccccc5)c4)n[nH]c3C2(C)C)[C@@H](Cc2ccccc2)C1,0.4591,33.26,Inactive,Active
2436,CCCC[C@H](NC(=O)O[C@H](Cc1nnc(-c2ccc(C(F)(F)F)cc2)o1)C(C)(C)C)C(=O)C(=O)NN1CCOC1=O,0.4591,33.26,Inactive,Active
2437,CN1CCC[C@@H]1CCn1cc(C2=C(c3c[nH]c4ccccc34)C(=O)NC2=O)c2ccccc21,0.4591,33.26,Inactive,Active
2438,CCn1cc(C(=O)O)c(=O)c2cc(F)c(N3CCN(C(=S)NC(=O)c4cccc(F)c4)CC3)cc21,0.4591,33.26,Inactive,Active
2439,O=C(O)CCC(=O)C1=CC=C[C@@H](O)[C@@H]1C(=O)O,0.4591,33.26,Inactive,Active
2440,CCn1cc(C(=O)O)c(=O)c2cc(F)c(N3CCN(C(=S)NC(=O)c4ccc(OC)cc4)CC3)cc21,0.4591,33.26,Inactive,Active
2441,CCn1cc(C(=O)O)c(=O)c2cc(F)c(N3CCN(C(=S)NC(=O)c4ccccc4Br)CC3)cc21,0.4591,33.26,Inactive,Active
2442,O=C(O)[C@H](Cc1ccccc1)N(Cc1cccc(C(F)(F)F)c1)C(=O)c1ccc(Cl)cc1Cl,0.4591,33.26,Inactive,Active
2443,C/C(=C\c1coc2nc(N)nc(N)c12)c1ccc(C(=O)N[C@@H](CCC(=O)O)C(=O)O)cc1,0.4591,33.26,Inactive,Inactive
2444,CC[C@H](C)[C@H](NC(=O)[C@H](CCN)NC(=O)OCc1ccccc1)C(=O)N[C@@H](CCN)C(=O)N[C@H](Cc1ccccc1)C(=O)N[C@@H](CC(C)C)C(=O)N[C@@H](CCN)C(=O)N[C@@H](C(=O)N[C@@H](CC(C)C)C(=O)N[C@@H](CO)C(N)=O)C(C)C,0.4591,33.26,Inactive,Active
2445,C[C@H](C(=O)O)N1Cc2ccccc2C1=O,0.4591,33.26,Inactive,Inactive
2446,CCNC[C@H]1O[C@@H](OC[C@H]2O[C@@H](n3ccc(=O)[nH]c3=O)[C@H](O)[C@@H]2O)[C@H](O)[C@@H]1O,0.4591,33.26,Inactive,Inactive
2447,CCCc1[nH]c(C)c2c(=O)[nH]c(-c3cc(S(=O)(=O)N4CCN(CC)CC4)ccc3OCC)n[n+]12,0.4591,33.26,Inactive,Active
2448,CCOc1ccc(Nc2c3ccccc3nc3ccccc23)cc1,0.4591,33.26,Inactive,Active
2449,CN(C(=O)c1cc(OS(=O)(=O)c2ccc3ccccc3c2)ccc1NS(=O)(=O)c1ccc2ccccc2c1)[C@@H](CC(=O)O)C(=O)O,0.4591,33.26,Inactive,Active
2450,CCn1cc(C(=O)O)c(=O)c2cc(F)c(N3CCN(C(=S)NC(=O)c4cccc(C)c4)CC3)cc21,0.4591,33.26,Inactive,Active
2451,O=C(CN1Cc2c(Br)cccc2NS1(=O)=O)NO,0.4591,33.26,Inactive,Active
2452,CN1C(=O)[C@@]23Cc4ccc([N+](=O)[O-])cc4N2C(=O)[C@@]1(CO)SS3,0.4591,33.26,Inactive,Active
2453,O=C(Nc1ccccc1C(=O)O)c1ccc(-c2ccc(C(F)(F)F)cc2)c(Oc2ccccc2)c1,0.4591,33.26,Inactive,Active
2454,CCCCOc1ccc2cc(S(=O)(=O)N[C@@H]3CCCC[C@H]3C(=O)O)ccc2c1,0.4591,33.26,Inactive,Inactive
2455,O=C(O)CN1C(=O)C(=O)N(Cc2ccc(Cl)cc2Cl)C1=O,0.4591,33.26,Inactive,Active
2456,CCCOc1ccc(C(=O)NC(=S)N2CCN(c3cc4c(cc3F)c(=O)c(C(=O)O)cn4CC)CC2)cc1,0.4591,33.26,Inactive,Active
2457,O=C(N/N=C/c1ccccc1Cl)c1cc(-c2ccc(Cl)cc2)n[nH]1,0.4591,33.26,Inactive,Active
2458,CCOC(=O)Cn1cc(/C=N/Nc2ccc3c4c(cccc24)C(=O)N(C(CO)CO)C3=O)c2ccccc21,0.4591,33.26,Inactive,Active
2459,C=C(O[C@H]1C=CC=C(C(=O)O)[C@@H]1O)C(=O)O,0.4591,33.26,Inactive,Active
2460,Cc1ccc(S(=O)(=O)NNC(=S)NC(=O)c2ccc([N+](=O)[O-])cc2)cc1,0.4591,33.26,Inactive,Active
2461,Nc1cccc(-c2cc(C(=O)O)nc(C(=O)O)c2)c1,0.4591,33.26,Inactive,Active
2462,C[C@]1(CC(=O)Oc2ccc(F)cc2)[C@H](C(=O)O)N2C(=O)CC2S1(=O)=O,0.4432,32.54,Inactive,Inactive
2463,O=C(O)[C@H]1C[C@@H]1c1ccccc1,0.4432,32.54,Inactive,Active
2464,Oc1cccc(-c2ccccc2)c1O,0.4432,32.54,Inactive,Active
2465,O=C(c1ccc(CS)cc1)N1CCC(Cc2ccccc2)CC1,0.4432,32.54,Inactive,Active
2466,CC(=O)Nc1ccc(OC[C@](C)(O)C(=O)Nc2ccc([N+](=O)[O-])c(C(F)(F)F)c2)cc1,0.4432,32.54,Inactive,Active
2467,COC1/C=C/OC2(C)Oc3c(C)c(O)c4c(O)c(c5scnc5c4c3C2=O)NC(=O)/C(C)=C\C=C\C(C)C(O)C(C)C(O)C(C)C(O)C1C,0.4432,32.54,Inactive,Active
2468,CC(=O)c1ccc(NC(=O)c2cn[nH]c2-c2cc(Cl)c(O)cc2O)cc1,0.4432,32.54,Inactive,Active
2469,O=C(O)c1cc2c(c3nc4cccc(O)c4nc13)[C@@H]1Cc3nc4cccc(O)c4nc3[C@@](O)(C1)O2,0.4432,32.54,Inactive,Inactive
2470,N=c1c(C(=O)NCCN2CCOCC2)cc2c(=O)n3ccccc3nc2n1CCc1ccccc1,0.4432,32.54,Inactive,Inactive
2471,CC(=O)OCC1=C(C(=O)OC(c2ccccc2)c2ccccc2)N2C(=O)[C@@H](Nc3nc4cc(C)ccc4[nH]3)C2SC1,0.4432,32.54,Inactive,Active
2472,COc1cc(/C=C2/C(=O)NN(c3ccc(C)c(Cl)c3)C2=O)cc([N+](=O)[O-])c1O,0.4432,32.54,Inactive,Active
2473,O=c1c(NS(=O)(=O)c2ccccc2)c(N2CCC(Cc3ccccc3)CC2)c1=O,0.4432,32.54,Inactive,Active
2474,Cc1ccc(-c2ccc(C(=O)N[C@H](C(=O)NO)C(C)(C)NS(C)(=O)=O)cc2)cc1,0.4432,32.54,Inactive,Active
2475,CCN(CC)C(=O)c1cc(-c2ccc(NC(=O)c3cc(NC(=O)CCCOc4cc5c(cc4OC)C(=O)N4CCC[C@H]4C=N5)cn3C)cc2)cn1C,0.4432,32.54,Inactive,Inactive
2476,CCCN1C(=O)C2(C(C#N)=C(N)C(C#N)(C#N)C3=CCC(C)CC32)c2ccccc21,0.4432,32.54,Inactive,Inactive
2477,CC(C)C[C@@H]1NC(=O)[C@@H](CC(C)C)NC(=O)[C@H](CCN)NC(=O)[C@@H](NC(=O)[C@H](CCN)NC(=O)[C@@H](NC(=O)[C@H](CCN)NC(=O)C2CCCCCCCCCCC2)[C@@H](C)O)CCNC(=O)[C@H]([C@@H](C)O)NC(=O)[C@H](CCN)NC(=O)[C@H](CCN)NC1=O,0.4432,32.54,Inactive,Inactive
2478,COc1ccc(Nc2c3ccccc3nc3ccccc23)cc1,0.4432,32.54,Inactive,Active
2479,O=C(O)CCc1ccc(-c2cccs2)n1-c1ccc(C(=O)O)cc1,0.4432,32.54,Inactive,Inactive
2480,CC12CCC(C[N+](C)(C)C1)C2(C)C,0.4432,32.54,Inactive,Inactive
2481,CN(C)CCOC(=O)c1sc2ccccc2c1Cl,0.4432,32.54,Inactive,Active
2482,Nc1nc(/C(=N/OC2CCCCC2)C(=O)N[C@@H]2C(=O)N3C(C(=O)O)=C(CSc4nncs4)OC[C@H]23)ns1,0.4432,32.54,Inactive,Inactive
2483,COc1c(N2C[C@@H]3CCCN(CCCCCCCCCCCCO[C@@H]4[C@@H](O[C@H]5O[C@H](CO)[C@@H](O)[C@H](N)[C@H]5O)[C@H](N)C[C@H](N)[C@H]4O[C@H]4O[C@H](CN)[C@@H](O)C[C@H]4N)[C@@H]3C2)c(F)cc2c(=O)c(C(=O)O)cn(C3CC3)c12,0.4432,32.54,Inactive,Active
2484,CN(C)Cc1ccc([C@H]2C[C@@H]2C(=O)Nc2nc3ccc(-c4cccnc4)cc3s2)cc1,0.4432,32.54,Inactive,Active
2485,O=C(O)c1cn([C@@H]2C[C@@H]2F)c2cc(N3CCN(Cn4nc(-c5cccc(O)c5)n(-c5ccccc5)c4=S)CC3)c(F)cc2c1=O,0.4432,32.54,Inactive,Inactive
2486,COc1ccc(C(=O)C[n+]2cc(-c3ccc(OC)cc3)n3c2CCCC3)cc1,0.4432,32.54,Inactive,Inactive
2487,COc1cc(OC)nc(/N=N/N2CCN(c3cc4c(cc3F)c(=O)c(C(=O)C(C(C)=O)C(C)=O)cn4C3CC3)CC2)n1,0.4432,32.54,Inactive,Active
2488,CC(=O)NC[C@H]1CN(c2ccc(N3CCN(CCCn4c([N+](=O)[O-])cnc4C)CC3)c(F)c2)C(=O)O1,0.4432,32.54,Inactive,Active
2489,O=C(O)CN1CCN(CC(=O)O)CCN(CC(=O)O)CC1,0.4432,32.54,Inactive,Active
2490,O=C(CCN1CCc2ccccc2C(c2ccccc2)C1)c1ccc2c(c1)OCCO2,0.4432,32.54,Inactive,Inactive
2491,COC(=O)c1c(O)cccc1OC/C=C/c1ccc(F)c(-c2cc(C(=O)O)no2)c1,0.4432,32.54,Inactive,Active
2492,CSC1=NSC2=NC(=O)/C(=C\c3cccs3)C(=N)N12,0.4432,32.54,Inactive,Inactive
2493,CCn1cc(C(=O)O)c(=O)c2cnc(N3CCNCC3)nc21,0.4432,32.54,Inactive,Active
2494,NC[C@H]1O[C@@H](OC[C@@H]2CC[C@H](n3ccc(=O)[nH]c3=O)O2)[C@H](O)[C@@H]1O,0.4432,32.54,Inactive,Inactive
2495,CC[C@H]1OC(=O)[C@H](C)[C@@H](O[C@H]2C[C@@](C)(OC)[C@H](NC(C)=O)[C@H](C)O2)[C@H](C)[C@@H](O[C@@H]2O[C@H](C)C[C@H](N(C)C)[C@H]2OC(=O)OCC2c3ccccc3-c3ccccc32)[C@](C)(O)C[C@@H](C)N(C)C[C@H](C)[C@@H](O)[C@]1(C)O,0.4432,32.54,Inactive,Active
2496,Clc1ccc2c(c1)C(N1CCNCC1)=Nc1ccccc1O2,0.4432,32.54,Inactive,Inactive
2497,O=C(CN1C(=O)/C(=C2/SC(=S)N(CCS(=O)(=O)O)C2=O)c2ccccc21)Nc1cccc(C(F)(F)F)c1,0.4432,32.54,Inactive,Inactive
2498,CCCOc1c(CN(C)C(=O)/C=C/c2cnc3c(c2)CC2(CCN(C)CC2)C(=O)N3)cccc1OC,0.4432,32.54,Inactive,Active
2499,CC[C@H]1OC(=O)[C@H](C)[C@@H](O[C@H]2C[C@@](C)(OC)[C@@H](O)[C@H](C)O2)[C@H](C)[C@@H](O[C@@H]2O[C@H](C)C[C@H](N(C)C)[C@H]2O)[C@](C)(O)C[C@@H](C)N(C)C[C@@H](C)C[C@]1(C)O,0.4432,32.54,Inactive,Active
2500,CC[C@H]1OC(=O)[C@H](C)[C@@H](O[C@H]2C[C@@](C)(OC)[C@@H](NC(C)=O)[C@H](C)O2)[C@H](C)[C@@H](O[C@@H]2O[C@H](C)C[C@H](N(C)C)[C@H]2OC(=O)OCC2c3ccccc3-c3ccccc32)[C@](C)(O)C[C@@H](C)N(C)C[C@H](C)[C@@H](O)[C@]1(C)O,0.4432,32.54,Inactive,Active
2501,Clc1ccc(COc2ccc(/C=C/c3cc(C4CCNCC4)[nH]n3)cc2)cc1Cl,0.4432,32.54,Inactive,Active
2502,O=C(O)c1ccc2c(c1)C(=O)N(c1ccccc1-c1ccccc1)C2=O,0.4432,32.54,Inactive,Inactive
2503,N[C@H]1[C@@H](O[C@H]2[C@H](O)[C@@H](O)[C@H](N)C[C@@H]2N)O[C@H](CO)[C@@H](O)[C@@H]1O[C@@H]1O[C@H](CO)[C@@H](O)[C@H]1O,0.4432,32.54,Inactive,Inactive
2504,O=C(Nc1cc(Br)cc(Br)c1)Nc1ccc2[nH]ccc2c1,0.4432,32.54,Inactive,Active
2505,CC[C@H]1OC(=O)[C@H](C)[C@@H](O[C@H]2C[C@@](C)(OC)[C@@H](N(C)C)[C@H](C)O2)[C@H](C)[C@@H](O[C@@H]2O[C@H](C)C[C@H](N(C)C)[C@H]2OC(=O)OCC2c3ccccc3-c3ccccc32)[C@](C)(O)C[C@@H](C)N(C)C[C@H](C)[C@@H](O)[C@]1(C)O,0.4432,32.54,Inactive,Active
2506,COc1ccc([C@@H](Nc2ccc(C(=N)N)cc2)C(=O)NCc2ccccc2)cc1OC,0.4432,32.54,Inactive,Active
2507,CC(C)(C)c1cc(C(=O)Nc2cc3ccccc3cc2C(=O)NCCN)cc(C(C)(C)C)c1,0.4432,32.54,Inactive,Inactive
2508,COc1ccc2nccc(CCN3CCC(NCc4ccc(Cl)cn4)CC3)c2n1,0.4432,32.54,Inactive,Inactive
2509,CCC(C)N1CCC2(CC1)N=c1c(c3c4c5c(C)c(O)c3c(O)c1=NC(=O)C(C)=CC=C[C@H](C)[C@H](O)[C@@H](C)[C@@H](O)[C@@H](C)[C@H](OC(C)=O)[C@H](C)[C@@H](OC)C=CO[C@@](C)(O5)C4=O)N2,0.4432,32.54,Inactive,Active
2510,CC[C@H]1OC(=O)[C@H](C)[C@@H](O[C@H]2C[C@@](C)(OC)[C@@H](O)[C@H](C)O2)[C@H](C)[C@@H](O[C@@H]2O[C@H](C)C[C@H](N(C)C)[C@H]2O)[C@](C)(O)C[C@@H](C)N(C)C[C@H](C)C[C@]1(C)O,0.4432,32.54,Inactive,Active
2511,Nc1cc(-c2ccccc2)ccc1O,0.4432,32.54,Inactive,Inactive
2512,COc1cc(OC)cc(-c2nn(CN3CCN(c4cc5c(cc4F)c(=O)c(C(=O)O)cn5[C@@H]4C[C@@H]4F)CC3)c(=S)n2-c2ccccc2)c1,0.4432,32.54,Inactive,Inactive
2513,COc1ccc2nc(NC(=O)c3ccc(Br)o3)[nH]c2c1,0.4432,32.54,Inactive,Inactive
2514,O=C1C(=O)c2c(ccc3ccccc23)-c2ccccc21,0.4432,32.54,Inactive,Inactive
2515,COc1ccc(/C=N/NC(=O)c2cc(-c3ccc(Cl)cc3)n[nH]2)cc1,0.4432,32.54,Inactive,Active
2516,NC(N)=NCCC[C@@H]1NC(=O)[C@@H]2CCCN2C(=O)[C@@H](NC=O)CNC(=O)/C=C/[C@H](Cc2ccc(O)cc2)NC(=O)[C@@H](Cc2ccccc2)NC(=O)[C@H]1O,0.4432,32.54,Inactive,Active
2517,CCn1cc(C(=O)O)c(=O)c2cc(F)c(N3CCN(C(=S)NC(=O)c4c(OC)cccc4OC)CC3)cc21,0.4432,32.54,Inactive,Active
2518,CCOC(=O)c1cnc2c(C)cc(C)cc2c1Nc1ccc(S(=O)(=O)Nc2ncccn2)cc1,0.4432,32.54,Inactive,Inactive
2519,CCCC[C@H](CN(O)C=O)C(=O)N1CC=C[C@H]1C(=O)Nc1nnc(C(F)(F)F)s1,0.4432,32.54,Inactive,Inactive
2520,Nc1ccc2ccc3cccc[n+]3c2c1,0.4432,32.54,Inactive,Active
2521,Oc1ccc2ccc3cccc[n+]3c2c1,0.4432,32.54,Inactive,Active
2522,Cc1ccc(/C=N/OCc2ccc(-c3cccc(C(F)(F)P(=O)(O)O)c3)cc2)o1,0.4432,32.54,Inactive,Active
2523,COc1ccc(CCNC(=O)c2cc3c(=O)n4cccc(C)c4nc3n(CCCN3CCOCC3)c2=N)cc1,0.4432,32.54,Inactive,Active
2524,C[C@H](N[C@H](C)c1ccccc1)[C@H](O)c1ccccc1,0.4432,32.54,Inactive,Inactive
2525,c1ccc2c(c1)CCNC2,0.4432,32.54,Inactive,Active
2526,O=C[C@H](CC(=O)O)NC(=O)c1ccc(CNC(=O)c2ccc(Nc3cnc4ccccc4n3)cc2)nc1,0.4432,32.54,Inactive,Active
2527,CCCOc1c(CN(C)C(=O)/C=C/c2cnc3c(c2)CC2(CCNCC2)C(=O)N3)cccc1OC,0.4432,32.54,Inactive,Active
2528,C#CCNC(=N)NCCCCCCN1CCCCCCCCNC(=N)NC1=O,0.4432,32.54,Inactive,Inactive
2529,Cn1nc(-c2cc(Br)c3c(c2)OCO3)cc1N,0.4432,32.54,Inactive,Active
2530,CCCc1nc2ccccc2c2nc(N)[nH][n+]12,0.4432,32.54,Inactive,Active
2531,CCCCCCC[C@@H]1S[C@@H](CC(=O)N(Cc2ccccc2)Cc2ccccc2)C(=O)N1CCCCc1ccc(C(=O)O)cc1,0.4432,32.54,Inactive,Active
2532,O=C(O)c1ccc(-n2nc3c(=O)[nH]nc(-c4ccccc4)c3c2-c2ccccc2)cc1,0.4432,32.54,Inactive,Inactive
2533,COc1cc2c(cc1OCCCC(=O)Nc1cc(C(=O)Nc3ccc(-c4cc(C(=O)N5CCCCC5)n(C)c4)cc3)n(C)c1)N=C[C@@H]1CCCN1C2=O,0.4432,32.54,Inactive,Inactive
2534,CCn1cc(C(=O)O)c(=O)c2cnc(N3CCN(C(=S)Nc4ccc(F)cc4)CC3)nc21,0.4432,32.54,Inactive,Active
2535,N#CC1=C(N)N(c2cc(F)ccc2F)C2=C(C(=O)CCC2)C1c1cc2cc(Cl)ccc2nc1Oc1ccc(C#N)cc1,0.4432,32.54,Inactive,Inactive
2536,CCCCCC[P+](CCCCCC)(CCCCCC)CCCCCCOCc1ccc(N(c2ccc(COCCCCCC[P+](CCCCCC)(CCCCCC)CCCCCC)cc2)c2ccc(COCCCCCC[P+](CCCCCC)(CCCCCC)CCCCCC)cc2)cc1,0.4432,32.54,Inactive,Inactive
2537,CCn1cc(C(=O)O)c(=O)c2cnc(N3CCN(C(=S)Nc4ccc(C(F)(F)F)cc4)CC3)nc21,0.4432,32.54,Inactive,Inactive
2538,Cc1ncc([N+](=O)[O-])n1CCSc1nnc(-c2ccnc(N)c2)o1,0.4432,32.54,Inactive,Active
2539,COc1ccc2c(c1)sc(N)[n+]2Cc1cccc2cccnc12,0.4432,32.54,Inactive,Inactive
2540,CC[C@H]1OC(=O)[C@H](C)[C@@H](O[C@H]2C[C@@](C)(OC)[C@H](N(C)C)[C@H](C)O2)[C@H](C)[C@@H](O[C@@H]2O[C@H](C)C[C@H](N(C)C)[C@H]2OC(=O)OCC2c3ccccc3-c3ccccc32)[C@](C)(O)C[C@@H](C)N(C)C[C@H](C)[C@@H](O)[C@]1(C)O,0.4432,32.54,Inactive,Active
2541,NCCNc1ccnc2nc(N3CCCC3)c(F)cc12,0.4432,32.54,Inactive,Inactive
2542,CN(CCO)c1ncnc2nc[nH]c12,0.4432,32.54,Inactive,Inactive
2543,Cc1cc(SCCN(C)C)c2cc3c(SCCN(C)C)cc(C)nc3c(C)c2n1,0.4432,32.54,Inactive,Active
2544,CC(C)n1cc(C(=O)c2cncc(NCCc3cccnc3)n2)c2c(N)ncnc21,0.4273,31.78,Inactive,Active
2545,CCCCCCOc1ccc(CN2CCN(CC)CC2)cc1,0.4273,31.78,Inactive,Active
2546,Cc1cc(C)cc(-c2ccc(OCCN(C)C)c(/C=C/C(=O)c3ccc(NCCN(C)C)cc3)c2)c1,0.4273,31.78,Inactive,Inactive
2547,CCc1nn2cc(C(=O)c3cc(Cl)ccc3O)cnc2c1-c1ccc(F)cc1,0.4273,31.78,Inactive,Inactive
2548,Nc1nc(N)c2c(Cl)c(Sc3ccccc3Cl)ccc2n1,0.4273,31.78,Inactive,Active
2549,Cc1cc(C)cc(-c2ccc(OCCN(C)C)c(/C=C/C(=O)c3ccccc3CN(C)C)c2)c1,0.4273,31.78,Inactive,Inactive
2550,COc1cc(-c2nn(CN3CCN(c4cc5c(cc4F)c(=O)c(C(=O)O)cn5[C@@H]4C[C@@H]4F)CC3)c(=S)n2-c2ccccc2)cc(OC)c1OC,0.4273,31.78,Inactive,Inactive
2551,COC(=O)[C@H](CCCN=C(N)N)NC(=O)[C@@H](N)Cc1ccc(-c2ccccc2)cc1,0.4273,31.78,Inactive,Inactive
2552,NNC(=O)[C@@H]1C[C@@H]1c1ccccc1,0.4273,31.78,Inactive,Inactive
2553,COc1cccc(-c2nn(CN3CCN(c4cc5c(cc4F)c(=O)c(C(=O)O)cn5[C@@H]4C[C@@H]4F)CC3)c(=S)n2-c2ccccc2)c1,0.4273,31.78,Inactive,Inactive
2554,Cc1cc(C)cc(-c2ccc(OCCN(C)C)c(/C=C/C(=O)c3ccc(CN(C)C)cc3)c2)c1,0.4273,31.78,Inactive,Inactive
2555,Cc1c(C)c(C)c(S(=O)(=O)N2CCN(c3cc4c(cc3F)c(=O)c(C(=O)O)cn4C3CC3)CC2)c(C)c1C,0.4273,31.78,Inactive,Inactive
2556,O=C(Cc1ccc(-c2ccccc2)cc1)NO,0.4273,31.78,Inactive,Inactive
2557,CC(NCC(O)COc1ccc2ccccc2c1)c1ccccc1,0.4273,31.78,Inactive,Active
2558,C/C=N/N(C)c1cc(=O)n(C)c(=O)[nH]1,0.4273,31.78,Inactive,Inactive
2559,Nc1nc(N)c2c3c(sc2n1)CCCCC3,0.4273,31.78,Inactive,Active
2560,CCc1c2c(nc3ccc(OC(=O)N4CCC(N5CCCCC5)CC4)cc13)-c1cc3c(c(=O)n1C2)COC(=O)[C@]3(O)CC,0.4273,31.78,Inactive,Inactive
2561,CCCNC(=O)c1ccc(N2CC3CC(C2)c2cccc(=O)n2C3)c(NS(=O)(=O)c2ccc3c(c2)OCCO3)c1,0.4273,31.78,Inactive,Inactive
2562,N[C@@H]1C[C@H](N)CN(c2nc(NC3CCCCC3)nc(N3C[C@H](N)C[C@H](N)C3)n2)C1,0.4273,31.78,Inactive,Inactive
2563,CCOC(=O)C1=C(COCCN)NC(C)=C(C(=O)OC)C1c1ccccc1Cl,0.4273,31.78,Inactive,Inactive
2564,COc1cc2c(cc1OCCCC(=O)Nc1cc(C(=O)Nc3ccc4oc(C(=O)N5CCSCC5)cc4c3)n(C)c1)N=C[C@@H]1CCCN1C2=O,0.4273,31.78,Inactive,Active
2565,NC(=O)c1ccc(S(=O)(=O)N(Cc2ccccc2)[C@H]2CNC[C@@H]2N(Cc2ccccc2)S(=O)(=O)c2ccc(C(N)=O)cc2)cc1,0.4273,31.78,Inactive,Active
2566,NS(=O)(=O)c1cc2c(cc1C(F)(F)F)NCNS2(=O)=O,0.4273,31.78,Inactive,Inactive
2567,CC[C@H](C)C(=O)O[C@H]1C[C@@H](C)C=C2C=C[C@H](C)[C@H](CC[C@@H]3C[C@@H](O)CC(=O)O3)[C@H]21,0.4273,31.78,Inactive,Active
2568,COCc1cc(O)cc2c1O[C@@H](c1ccc(O)cc1)[C@H]1CC(F)(F)C[C@@H]21,0.4273,31.78,Inactive,Active
2569,[Al]c1ccc(-c2ccc([Al])cc2)cc1,0.4273,31.78,Inactive,Active
2570,O=C(Nc1ncccc1O)c1c(O)c2ccccc2[nH]c1=O,0.4273,31.78,Inactive,Active
2571,COc1cccc2c1cc([N+](=O)[O-])c1c(C(=O)O)cc3c(c12)OCO3,0.4273,31.78,Inactive,Inactive
2572,CC[C@H]1OC(=O)[C@H](C)[C@@H](O[C@H]2C[C@@](C)(OC)[C@@H](N)[C@H](C)O2)[C@H](C)[C@@H](O[C@@H]2O[C@H](C)C[C@H](N(C)C)[C@H]2OC(=O)OCC2c3ccccc3-c3ccccc32)[C@](C)(O)C[C@@H](C)N(CCF)C[C@H](C)[C@@H](O)[C@]1(C)O,0.4273,31.78,Inactive,Active
2573,COc1cccc2c1O/C(=C\c1ncc([N+](=O)[O-])n1C)C2=O,0.4273,31.78,Inactive,Active
2574,COc1ccc([C@@H](C)N[C@@H](C)[C@H](O)c2ccccc2)cc1,0.4273,31.78,Inactive,Inactive
2575,NC(=O)c1ccsc1NC(=O)COC(=O)c1ccc([N+](=O)[O-])o1,0.4273,31.78,Inactive,Inactive
2576,Cc1[nH]c(=O)[nH]c(=O)c1S(=O)(=O)N1CCCC(C(=O)NCc2ccc3c(c2)OCO3)C1,0.4273,31.78,Inactive,Inactive
2577,Cc1ncc([N+](=O)[O-])n1C/C(=N/NC(=O)c1ccccc1O)c1ccc(Br)cc1,0.4273,31.78,Inactive,Inactive
2578,O=C1NC(=S)N/C1=C\c1cc(Br)cc(Br)c1O,0.4273,31.78,Inactive,Inactive
2579,Cc1ccc(Cn2c(=N)n(CC(O)COc3ccccc3)c3ccccc32)cc1,0.4273,31.78,Inactive,Active
2580,COc1cc2nc(NCCCN(C)C)nc(NC3CCN(Cc4ccccc4)CC3)c2cc1OC,0.4273,31.78,Inactive,Active
2581,CO[C@@]12[C@H](COC(N)=O)C3=C(C(=O)C(C)=C(NCC4=C(C(=O)O)N5C(=O)[C@@H](NC(=O)CCCC(=O)O)[C@H]5SC4)C3=O)N1C[C@@H]1N[C@@H]12,0.4273,31.78,Inactive,Active
2582,CC[C@H](C)[C@@H]1NC(=O)[C@H]([C@@H](C)O)NC(=O)[C@H](Cc2ccccc2)NC(=O)[C@H](C)N(C)C1=O,0.4273,31.78,Inactive,Inactive
2583,O=C1NC(=O)C(=O)C(=O)N1,0.4273,31.78,Inactive,Active
2584,O=C(N/N=C/c1ccc([N+](=O)[O-])o1)c1ccc(C(F)(F)F)cc1,0.4273,31.78,Inactive,Inactive
2585,NS(=O)(=O)c1ccc(C(=O)NCc2c(F)cc(F)cc2F)cc1,0.4273,31.78,Inactive,Active
2586,O=C(N/N=C/c1ccc(O)cc1)c1ccc(-c2nc3ccccc3[nH]2)cc1,0.4273,31.78,Inactive,Inactive
2587,NS(=O)(=O)c1ccc(C(=O)CSc2ncccn2)cc1,0.4273,31.78,Inactive,Active
2588,O=C(N/N=C/c1ccc(Cl)cc1)c1cc(-c2ccc(Cl)cc2)n[nH]1,0.4273,31.78,Inactive,Active
2589,O=S(=O)(NCCC(F)(F)F)c1ccc2c(c1)CN[C@@H](CF)C2,0.4273,31.78,Inactive,Active
2590,COCCNCCOc1ccccc1-c1ccccc1,0.4273,31.78,Inactive,Inactive
2591,O=C1CONC(=O)N1,0.4273,31.78,Inactive,Inactive
2592,CC[C@H]1OC(=O)[C@H](C)[C@@H](O[C@H]2C[C@@](C)(OC)[C@H](N)[C@H](C)O2)[C@H](C)[C@@H](O[C@@H]2O[C@H](C)C[C@H](N(C)C)[C@H]2OC(=O)OCC2c3ccccc3-c3ccccc32)[C@](C)(O)C[C@@H](C)N(CCF)C[C@H](C)[C@@H](O)[C@]1(C)O,0.4273,31.78,Inactive,Active
2593,N[C@@H](C(=O)N[C@@H]1C(=O)N2C(C(=O)O)=C(Cc3ccccc3)CS[C@H]12)C1CC1,0.4273,31.78,Inactive,Inactive
2594,Cc1cc(C)c2c(n1)sc1c(O)cc(=O)[nH]c12,0.4273,31.78,Inactive,Inactive
2595,N=c1n(Cc2ccccc2)c2ccccc2n1CC(O)COc1ccc(Cl)cc1Cl,0.4273,31.78,Inactive,Active
2596,CCCN1C[C@H](C)[C@@H](O)[C@](C)(O)[C@@H](CC)OC(=O)[C@H](C)[C@@H](O[C@H]2C[C@@](C)(OC)C(N)[C@H](C)O2)[C@H](C)[C@@H](O[C@@H]2O[C@H](C)C[C@H](N(C)C)[C@H]2O)[C@](C)(O)C[C@H]1C,0.4273,31.78,Inactive,Active
2597,CS(=O)(=O)OC1=C(C(=O)OCc2ccccc2)N2C(=O)[C@@H](NC(=O)Cc3ccccc3)[C@H]2CN1,0.4273,31.78,Inactive,Inactive
2598,O=C(Cc1cccs1)N[C@@H]1C(=O)N2C(C(=O)O)=C(/C=C/[S+]([O-])c3ccc([N+](=O)[O-])cc3)CS[C@H]12,0.4273,31.78,Inactive,Inactive
2599,COc1ccc(OCC(=O)Nc2ccc3c(c2)nc(CCN2CCC(C)CC2)n3C)cc1,0.4273,31.78,Inactive,Inactive
2600,Clc1ncnc2nc[nH]c12,0.4273,31.78,Inactive,Active
2601,CCCCn1c(O)c(/C=N/NC(=O)c2ccncc2)c(=O)[nH]c1=O,0.4273,31.78,Inactive,Inactive
2602,N[C@@H](Cn1cc(Br)c(=O)[nH]c1=O)C(=O)O,0.4273,31.78,Inactive,Active
2603,CC(C)C[C@@H]1NC(=O)[C@@H](Cc2ccccc2)NC(=O)[C@H](CCN)NC(=O)[C@@H](NC(=O)[C@H](CCN)NC(=O)[C@@H](NC(=O)[C@H](CCN)NC(=O)C2CCCCCCCCCCC2)[C@@H](C)O)CCNC(=O)[C@H]([C@@H](C)O)NC(=O)[C@H](CCN)NC(=O)[C@H](CCN)NC1=O,0.4273,31.78,Inactive,Inactive
2604,NC(=O)C1=C[C@@H](c2ccc(Br)cc2)C[C@@H](OCc2ccc(CO)cc2)O1,0.4273,31.78,Inactive,Inactive
2605,O=S1(=O)NCN(C2CC2)c2ccc(F)cc21,0.4273,31.78,Inactive,Active
2606,c1cc(C2=NCCN2)ccc1OCCSCCOc1ccc(C2=NCCN2)cc1,0.4273,31.78,Inactive,Inactive
2607,Cc1nn(CN2CCCCC2)c(=O)n1CCCn1ccnc1,0.4273,31.78,Inactive,Active
2608,CC(C)(C)C1CCC(CN2C(Nc3ccccc3)=NC[C@@H]2Cc2ccccc2)CC1,0.4273,31.78,Inactive,Inactive
2609,Cc1nc(-c2ccc(F)cc2)c(CC(=O)NCC(=O)Nc2ccc(F)c(F)c2)s1,0.4273,31.78,Inactive,Inactive
2610,COC1/C=C/OC2(C)Oc3c(C)c(O)c4c(O)c(c5sc(N6CCN(C)CC6)nc5c4c3C2=O)NC(=O)/C(C)=C\C=C\C(C)C(O)C(C)C(O)C(C)C(OC(C)=O)C1C,0.4273,31.78,Inactive,Active
2611,O=C(Cn1c(O)c(/C=C2\C=Nc3ccccc32)sc1=O)Nc1ccc2c(c1)OCO2,0.4273,31.78,Inactive,Inactive
2612,N=C(N)c1cc2c(I)cccc2s1,0.4273,31.78,Inactive,Active
2613,NS(=O)(=O)c1cccc(C(=O)CSc2ncccn2)c1,0.4273,31.78,Inactive,Active
2614,Cc1nc(C[P+](c2cccs2)(c2cccs2)c2cccs2)c(C[P+](c2cccs2)(c2cccs2)c2cccs2)c2c1OC(C)(C)OC2,0.4273,31.78,Inactive,Inactive
2615,COc1ccc2c(c1)C(=O)/C(=C/c1ncc([N+](=O)[O-])n1C)O2,0.4273,31.78,Inactive,Active
2616,Clc1ccc(Br)cc1CC1=CCCNC1,0.4273,31.78,Inactive,Inactive
2617,CCOC(=O)C1=C(C)NC(C)=C(C(=O)OCC)C1c1ccccc1O,0.4273,31.78,Inactive,Inactive
2618,NS(=O)(=O)c1ccc2c(c1)C1C=CCC1C(C1CC=CCC1)N2,0.4273,31.78,Inactive,Active
2619,Cc1cc(=O)[nH]c(N/N=C/c2c[nH]c3ccccc23)n1,0.4273,31.78,Inactive,Inactive
2620,Oc1ccc2cc(Oc3ccc(Cl)cc3O)ccc2c1,0.4273,31.78,Inactive,Active
2621,CN1CCN(C(=S)Nc2ccc(Cl)c(Cl)c2)CC1,0.4273,31.78,Inactive,Inactive
2622,Oc1cc(CNC2CCCCC2)c(O)cc1CNC1CCCCC1,0.4273,31.78,Inactive,Active
2623,CCOc1ccc(-c2cc(NC(=O)c3c(F)cccc3C(F)(F)F)c(C(=O)O)s2)cc1,0.4273,31.78,Inactive,Active
2624,Oc1c(Cl)cc(Cl)cc1/C=N/Nc1nc(-c2ccc(Cl)cc2)cs1,0.4273,31.78,Inactive,Inactive
2625,CCNC(=N)NCCCCCCN1CCCCCCCCNC(=N)NC1=O,0.4273,31.78,Inactive,Inactive
2626,Cc1cccn2c(=O)c3cc(C(=O)NCC4CCCO4)c(=N)n(CCc4ccccc4)c3nc12,0.4273,31.78,Inactive,Active
2627,CN(C)[C@@H]1C(=O)C(C(N)=O)=C(O)[C@@]2(O)C(O)C3C(=O)c4c(O)cccc4[C@H](CSCCCCl)C3[C@H](O)C12,0.4273,31.78,Inactive,Active
2628,Cn1c([N+](=O)[O-])cnc1/C=C1\Oc2c(Cl)cccc2C1=O,0.4273,31.78,Inactive,Active
2629,CCOc1ccc(-c2cc(NC(=O)c3c(F)cc(F)cc3F)c(C(=O)O)s2)cc1,0.4273,31.78,Inactive,Active
2630,O=[N+]([O-])c1cncn1CCN(CCBr)Cc1ccc(Cl)cc1,0.4273,31.78,Inactive,Inactive
2631,O=[N+]([O-])c1cncn1CCN(CCBr)Cc1cccc(Cl)c1,0.4273,31.78,Inactive,Inactive
2632,O=C(O)c1cn(CC(O)Cn2cnc([N+](=O)[O-])c2)c2cc(C(F)(F)F)ccc2c1=O,0.4273,31.78,Inactive,Active
2633,CC1=C(C(=O)OC(c2ccccc2)c2ccccc2)N2C(=O)[C@@H](NC3=NC(c4ccccc4)CN3)C2SC1,0.4273,31.78,Inactive,Active
2634,CCCCCCCCC(=O)N1CCN(c2cc3c(cc2F)c(=O)c(C(=O)O)cn3C2CC2)CC1,0.4273,31.78,Inactive,Inactive
2635,OC1CCN(c2ncnc3nc[nH]c23)CC1,0.4273,31.78,Inactive,Inactive
2636,N#CC1=C(N)N(c2ccc(F)c(F)c2)C2=C(C(=O)CCC2)C1c1cc2cc(Cl)ccc2nc1Oc1ccc(C#N)cc1,0.4273,31.78,Inactive,Inactive
2637,O=c1[nH][nH]cc1C=Nc1ccccc1O,0.4273,31.78,Inactive,Inactive
2638,CCOc1ccc(-c2nc3ccc(-c4nc5ccc(N6CCN(C)CC6)cc5[nH]4)cc3[nH]2)cc1,0.4273,31.78,Inactive,Active
2639,CC1=C(C#N)C(c2cc(Br)ccc2O)C(C#N)=C(C)N1,0.4273,31.78,Inactive,Inactive
2640,c1cncc(C2CCCCN2)c1,0.4273,31.78,Inactive,Inactive
2641,CC(=O)CC[C@H]1C(=O)N[C@@H](C(C)C)C(=O)N[C@@H](Cc2cccc(O)c2)C(=O)N2CCC[C@H](N2)C(=O)O[C@H](/C(C)=C/CO)C/C=C/C=C/[C@H](O)[C@H](C)[C@H]1O,0.4273,31.78,Inactive,Active
2642,N#Cc1c(NC(=O)c2cc(OCCN)ccc2Cl)sc2c1CCN(Cc1cccc(O)c1)C2,0.4273,31.78,Inactive,Inactive
2643,CO/N=C(\C(=O)NC1CN2CC(C(=O)OCc3ccccc3)=C(C(=O)O)N2C1=O)c1csc(N)n1,0.4273,31.78,Inactive,Inactive
2644,CC1(n2cnc3cnc4[nH]ccc4c32)CCN(S(C)(=O)=O)CC1,0.4273,31.78,Inactive,Active
2645,Oc1ccc(NCc2ccccc2OCc2ccccc2)cc1,0.4273,31.78,Inactive,Inactive
2646,O=Cc1cc(N=Nc2cccc(C(=O)O)c2)ccc1O,0.4273,31.78,Inactive,Active
2647,CC(C)(NS(C)(=O)=O)[C@H](NC(=O)c1ccc(-c2ccccc2)cc1)C(=O)NO,0.4273,31.78,Inactive,Inactive
2648,CC(C)(O)[C@H](O)COc1c2ccoc2cc2oc(=O)ccc12,0.4273,31.78,Inactive,Inactive
2649,NC[C@@H]1O[C@H](C23CC4CC(CC(C4)C2)C3)Cc2c1ccc(O)c2O,0.4273,31.78,Inactive,Active
2650,CC(=O)N1N=C(c2ccc(Br)cc2)CC1c1cccc(Nc2ccnc3cc(Cl)ccc23)c1,0.4273,31.78,Inactive,Inactive
2651,NCCCC[C@H](NC(=O)[C@H](Cc1c[nH]c2ccccc12)NC(=O)c1ccc(O[C@@H]2O[C@H](CO)[C@H](O)[C@H](O)[C@H]2O)cc1)C(=O)N[C@@H](Cc1ccc(O)cc1)C(N)=O,0.4273,31.78,Inactive,Active
2652,C[C@@](O)(C#Cc1ccc2ccn(-c3nc(N)ncc3Cl)c2c1)c1nccs1,0.4273,31.78,Inactive,Active
2653,O=C(CN1C2=NCCCN2c2ccccc21)c1ccc([N+](=O)[O-])cc1,0.4273,31.78,Inactive,Active
2654,CC(C)=CCNC(=N)NCCCCCCN1CCCCCCCCNC(=N)NC1=O,0.4273,31.78,Inactive,Inactive
2655,C[C@H](N)C(=O)N[C@@H](CCCN=C(N)N)C(=O)OCc1ccc(-c2ccccc2)cc1,0.4273,31.78,Inactive,Inactive
2656,COc1ccc2c(c1OC)O/C(=C\c1ncc([N+](=O)[O-])n1C)C2=O,0.4273,31.78,Inactive,Active
2657,COc1ccc(CNC(=O)Nc2nnc([C@@H]3C[C@H](O)[C@@H](CO)O3)s2)cc1,0.4273,31.78,Inactive,Inactive
2658,O=C(CN1C(=O)/C(=C2\SC(=S)N(CCS(=O)(=O)O)C2=O)c2ccccc21)Nc1cccc(Br)c1,0.4273,31.78,Inactive,Inactive
2659,O=C(O)c1cccs1,0.4273,31.78,Inactive,Active
2660,ON1CC=CC=C1S,0.4273,31.78,Inactive,Active
2661,C=CCn1c(=O)[nH]c2nc3cc(N=CN(C)C)c(C)cc3nc2c1=O,0.4273,31.78,Inactive,Active
2662,Cc1cc(OCCN2CCCCC2)c2cc3c(OCCN4CCCCC4)cc(C)nc3c(C)c2n1,0.4273,31.78,Inactive,Active
2663,C=CCC(Nc1ccc(Oc2ccc(Cl)cc2)cc1)c1ccc(-c2ccccc2Cl)o1,0.4273,31.78,Inactive,Active
2664,Nc1cccnc1-c1cccc(C(=O)O)c1,0.4273,31.78,Inactive,Inactive
2665,C#CCn1c(=O)c2c(-c3cc(C#N)cn3C)n(Cc3cc(C#N)nc4ccc(Cl)cc34)nc2n(CC2CC2)c1=O,0.4273,31.78,Inactive,Inactive
2666,Cc1ccccc1C(=O)N/N=C/c1ccc([N+](=O)[O-])s1,0.4273,31.78,Inactive,Active
2667,O=C(O)c1ccc(O)c2nc3c4c(ccc3nc12)[C@@H]1Cc2nc3cccc(O)c3nc2[C@H](O4)[C@H]1O,0.4273,31.78,Inactive,Inactive
2668,COc1cc(Nc2c3ccc(Cl)cc3nc3ccc(OC)cc23)c2ncccc2c1,0.4273,31.78,Inactive,Inactive
2669,Cc1noc(NS(=O)(=O)c2ccc(NC(=O)C34CC5CC(C3)CC(n3cnc(Br)n3)(C5)C4)cc2)c1C,0.4273,31.78,Inactive,Inactive
2670,C[C@H](N[C@H](C)[C@@H](O)c1ccccc1)c1ccccc1,0.4273,31.78,Inactive,Inactive
2671,C=C[C@]1(C)C[C@@H](OC(=O)CSc2nnc(NC(=O)CN3CCOCC3)s2)[C@]2(C)[C@H](C)CC[C@]3(CCC(=O)[C@H]32)[C@@H](C)[C@@H]1O,0.4273,31.78,Inactive,Inactive
2672,C=C[C@]1(C)C[C@@H](OC(=O)CSc2nnc(NC(=O)c3ccc(Cl)cc3)s2)[C@]2(C)[C@H](C)CC[C@]3(CCC(=O)[C@H]32)[C@@H](C)[C@@H]1O,0.4273,31.78,Inactive,Inactive
2673,CC(C)CCC[C@@H](C)[C@H]1CCC2C3C(CC[C@@]21C)[C@@]1(C)CC[C@H](O)CC1=C[C@@H]3NCCCNCCCCN,0.4273,31.78,Inactive,Active
2674,O=CNC[C@H]1O[C@@H](OC[C@H]2O[C@@H](n3ccc(=O)[nH]c3=O)[C@H](O)[C@@H]2O)[C@H](O)[C@@H]1O,0.4273,31.78,Inactive,Inactive
2675,O=[N+]([O-])c1ccc(Nc2nc(N3CCOCC3)nc(N3CCN(C(=S)Nc4ccnc5cc(Cl)ccc45)CC3)n2)cc1,0.4273,31.78,Inactive,Active
2676,CCCCCCCCCCCCCCCCCCn1c(CN2CCN(c3cc4c(cc3F)c(=O)c(C(=O)O)cn4CC)CC2)nc2ccccc21,0.4273,31.78,Inactive,Inactive
2677,CCCCCCCCNC1=NC(NCCC)=NC(C)(C)N1,0.4273,31.78,Inactive,Inactive
2678,CC(C)(C)c1o[nH]c(=O)c1CC(N)C(=O)O,0.4273,31.78,Inactive,Inactive
2679,O=C(CSc1nc2ccccc2o1)N/N=C/c1c[nH]nc1-c1ccc(Cl)cc1Cl,0.4273,31.78,Inactive,Active
2680,CCn1cc(C(=O)O)c(=O)c2cnc(N3CCN(C(=S)Nc4cccc(F)c4)CC3)nc21,0.4273,31.78,Inactive,Inactive
2681,CCn1cc(C(=O)O)c(=O)c2cnc(N3CCN(C(=S)Nc4cccc(C(F)(F)F)c4)CC3)nc21,0.4273,31.78,Inactive,Inactive
2682,O=C(Nc1ccc2[nH]cc(CCc3ccncc3)c2c1)c1cc(F)cc(N2CCOCC2)c1,0.4273,31.78,Inactive,Active
2683,N#Cc1ccc(CN2CCc3c(sc(NC(=O)c4cc(OCCNC(=N)N)ccc4Cl)c3C#N)C2)cc1,0.4273,31.78,Inactive,Inactive
2684,COc1cc(O)c2c(c1Cl)C(=O)OCCCCC(=S)N[C@H](c1nc(CN)no1)CSC2,0.4273,31.78,Inactive,Inactive
2685,O=C(Nc1ccc(Oc2ccc(C(=O)O)c(C(=O)O)c2)c(NC(=O)c2cccc([N+](=O)[O-])c2)c1)c1cccc([N+](=O)[O-])c1,0.4273,31.78,Inactive,Active
2686,CCOC(=O)/C(=C\c1ccc(Cl)cc1)c1nc2sc(C)c(C)c2c(=O)[nH]1,0.4273,31.78,Inactive,Inactive
2687,CCn1cc(C(=O)O)c(=O)c2cnc(N3CCN(C(=S)Nc4ccccc4F)CC3)nc21,0.4273,31.78,Inactive,Inactive
2688,O=[N+]([O-])c1ccc(-c2ncncc2Br)o1,0.4273,31.78,Inactive,Inactive
2689,N/N=C1\NCCN1c1ccccc1,0.4273,31.78,Inactive,Inactive
2690,O=C(O)Cc1ccc(-c2ccccc2)cc1,0.4273,31.78,Inactive,Inactive
2691,OB1OCc2ccc(Sc3ccccc3)cc21,0.4273,31.78,Inactive,Active
2692,O=C(O)[C@H](Cc1c[nH]c2ccccc12)NC(c1ccco1)c1nnnn1Cc1ccccc1,0.4273,31.78,Inactive,Active
2693,O=C(Nc1cccc(N=Cc2cc(Br)cc(Br)c2O)c1)c1ccco1,0.4273,31.78,Inactive,Active
2694,CCn1cc(C(=O)O)c(=O)c2cnc(N3CCN(C(=S)Nc4cccc(Cl)c4)CC3)nc21,0.4273,31.78,Inactive,Inactive
2695,NC[C@H]1O[C@@H](O[C@@H]2[C@@H](N)[C@@H](O[C@H]3[C@H](O)[C@@H](O)[C@H](N)C[C@@H]3N)O[C@H](CO)[C@H]2O)[C@H](O)[C@@H]1O,0.4273,31.78,Inactive,Inactive
2696,CCN(C[C@H]1N[C@@](CC)(C(=O)OC)[C@H]2C(=O)N(Cc3ccccc3)C(=O)[C@@H]12)S(=O)(=O)c1ccc(F)cc1,0.4273,31.78,Inactive,Inactive
2697,COc1ccc(C(=O)N/N=C/c2sc3ccccc3c2O)cc1,0.4273,31.78,Inactive,Active
2698,CCCCCCCCOc1cccc(CSc2ccc(Br)cc2C(=O)O)c1,0.4273,31.78,Inactive,Active
2699,C=C(C)CNC(=N)NCCCCCCCCN1CCCCCCCCNC(=N)NC1=O,0.4273,31.78,Inactive,Active
2700,CC1(C)CCC(C)(C)c2cc([C@@H]3CC=Cc4oc(/C=C/C(=O)O)cc43)ccc21,0.4273,31.78,Inactive,Active
2701,COc1cc(C(=O)Nc2ccc(NC(=O)c3ccccc3)cc2)cc(-c2c[nH]c(=O)[nH]c2=O)c1O,0.3953,30.15,Inactive,Active
2702,CC(=O)OC[C@H]1O[C@@H](OCCCOc2cccc(OCc3cc(-c4ccc(Cl)s4)on3)c2NC(=O)C2CCN(C(C)C)CC2)[C@H](OC(C)=O)[C@@H](OC(C)=O)[C@@H]1OC(C)=O,0.3893,29.84,Inactive,Active
2703,O=c1ncccn1C1OC(CO)C(O)C1O,0.3893,29.84,Inactive,Active
2704,CC/C(=C(/CC)c1ccc(O)cc1)c1ccc(O)cc1,0.3893,29.84,Inactive,Active
2705,Clc1ccc(N=c2ccn(CCCCCCCCCCn3ccc(=Nc4ccc(Cl)cc4)cc3)cc2)cc1,0.3893,29.84,Inactive,Active
2706,NS(=O)(=O)c1ccc(CNc2ccc3ccccc3n2)cc1,0.3893,29.84,Inactive,Active
2707,CCOC(=O)C1=C(Cc2ccc(F)cc2)C(=O)c2ccccc2C1=O,0.3893,29.84,Inactive,Inactive
2708,O=C(N/N=C/c1c[nH]c2ccccc12)c1cc2ccccc2o1,0.3893,29.84,Inactive,Active
2709,CNC(=O)c1ccsc1NC(=O)c1ccc([N+](=O)[O-])o1,0.3893,29.84,Inactive,Inactive
2710,OC[C@@H](O)[C@@H](O)[C@H](O)[C@@H](O)C(c1c[nH]c2ccccc12)c1c[nH]c2ccccc12,0.3893,29.84,Inactive,Inactive
2711,CCN(CCCl)c1cc(CN(C)C)cc(NC(=O)c2ccc(C(=O)Nc3cc(CN(C)C)cc(N(CC)CCCl)c3)cc2)c1,0.3893,29.84,Inactive,Active
2712,OC[C@H]1O[C@@H](Sc2nc3sc4c(c3c(=S)[nH]2)CCCCC4)[C@@H](O)[C@@H]1O,0.3893,29.84,Inactive,Inactive
2713,NCc1csc2ccc(Br)cc12,0.3893,29.84,Inactive,Active
2714,COc1ccccc1N1CCN/C1=N\N,0.3893,29.84,Inactive,Inactive
2715,Cc1cc(C)cc(-c2ccc(OCCN(C)C)c(/C=C/C(=O)c3cccc(CN(C)C)c3)c2)c1,0.3893,29.84,Inactive,Inactive
2716,C=C1CC[C@@H](O[C@H]2C[C@@](O)([C@H](C)NC(=O)c3[nH]c(C)c(Cl)c3Cl)[C@H](OC(C)=O)[C@@H](C)O2)[C@@H]2C=C[C@H](C)C(/C(O)=C3\C(=O)[C@H](C(C)C)N([C@H]4O[C@H](C)[C@H](OC(N)=O)[C@H](OC(C)=O)[C@@H]4OC)C3=O)[C@@H]12,0.3893,29.84,Inactive,Inactive
2717,C/C=C/CNC(=N)NCCCCCCCCN1CCCCCCCCNC(=N)NC1=O,0.3893,29.84,Inactive,Inactive
2718,O=C1OCC(CO)(CO)N=C1NNc1ccc(Cl)c(Cl)c1,0.3893,29.84,Inactive,Active
2719,COc1ccc2c(c1)O/C(=C\c1ncc([N+](=O)[O-])n1C)C2=O,0.3893,29.84,Inactive,Active
2720,C=CCNC(=N)NCCCCCCCCN1CCCCCCCCNC(=N)NC1=O,0.3893,29.84,Inactive,Inactive
2721,Cc1ccc(Cn2c(=N)c(C(=O)NCCN3CCOCC3)cc3c(=O)n4ccccc4nc32)cc1,0.3893,29.84,Inactive,Inactive
2722,COc1ccc2[nH]c(C)c(CC(=O)N[C@H](CCCCCC(=O)NO)C(=O)NCCc3c(-c4ccccc4)[nH]c4ccccc34)c2c1,0.3893,29.84,Inactive,Active
2723,NCc1cccc(N2CCCC2)c1,0.3893,29.84,Inactive,Active
2724,C=CCN1C[C@H](C)[C@@H](O)[C@](C)(O)[C@@H](CC)OC(=O)[C@H](C)[C@@H](O[C@H]2C[C@@](C)(OC)C(N)[C@H](C)O2)[C@H](C)[C@@H](O[C@@H]2O[C@H](C)C[C@H](N(C)C)[C@H]2O)[C@](C)(O)C[C@H]1C,0.3893,29.84,Inactive,Active
2725,Cc1ccc2nc(/C(C#N)=C\c3ccc(N4CCCCC4)c([N+](=O)[O-])c3)[nH]c2c1,0.3893,29.84,Inactive,Inactive
2726,O=[N+]([O-])c1cc(-c2ccccc2)cc([N+](=O)[O-])c1O,0.3893,29.84,Inactive,Inactive
2727,FC1=C(Cc2cc(Br)ccc2Cl)CNCC1,0.3893,29.84,Inactive,Inactive
2728,Nc1ccc2c(c1)CCc1nc(N)nc(O)c1-2,0.3893,29.84,Inactive,Inactive
2729,O=C(Nc1ccccc1C(=O)O)c1ccc(-c2ccccc2)c(Oc2ccccc2)c1,0.3893,29.84,Inactive,Active
2730,CCC1NC(=O)c2cc(S(N)(=O)=O)c(Cl)cc2N1,0.3893,29.84,Inactive,Inactive
2731,O[C@@H](CCCCCCc1ccccc1)c1nnc(-c2ccccn2)o1,0.3893,29.84,Inactive,Active
2732,CCCCCCCCCC[N+]12CCC(CC1)C(O)C2,0.3893,29.84,Inactive,Inactive
2733,[Al]c1cc2ccccc2s1,0.3893,29.84,Inactive,Active
2734,CCCCCCCCCCCCn1cc(/C=N/Nc2ccc3c4c(cccc24)C(=O)N(C(CO)CO)C3=O)c2ccccc21,0.3893,29.84,Inactive,Inactive
2735,CCN(CC)c1ccc(C(=C2C=CC(=[N+](CC)CC)C=C2)c2ccccc2)cc1,0.3893,29.84,Inactive,Active
2736,CN(C)c1ccc(N=Cc2c(O)n(CCC3=CCCCC3)c(=O)[nH]c2=O)cc1,0.3893,29.84,Inactive,Inactive
2737,OC[C@@H](O)[C@H](O)[C@H](O)[C@@H](O)C(c1c[nH]c2ccccc12)c1c[nH]c2ccccc12,0.3893,29.84,Inactive,Inactive
2738,Nc1cccc2c1C(=O)N([C@H]1CCC(=O)NC1=O)C2=O,0.3893,29.84,Inactive,Active
2739,O=C1C(=O)c2ccccc2C(O)=C1c1ccccc1F,0.3893,29.84,Inactive,Inactive
2740,O=C(O)c1ccccc1N=Nc1ccc(O)cc1,0.3893,29.84,Inactive,Active
2741,OC[C@@H](O)[C@@H](O)[C@H](O)[C@H](O)C(c1c[nH]c2ccccc12)c1c[nH]c2ccccc12,0.3893,29.84,Inactive,Inactive
2742,Cn1c(=O)c(C(=O)Nc2ncccc2O)c(O)c2ccccc21,0.3893,29.84,Inactive,Inactive
2743,NC(=O)[C@H]1CCCc2c1[nH]c1ccc(Cl)cc21,0.3893,29.84,Inactive,Active
2744,O=C(Nc1cccc(N=Cc2cc(Cl)cc(Br)c2O)c1)c1ccco1,0.3893,29.84,Inactive,Active
2745,C[C@]1(CC(=O)Oc2ccccc2)[C@H](C(=O)O)N2C(=O)CC2S1(=O)=O,0.3893,29.84,Inactive,Inactive
2746,Cc1nc(C)c(-c2[nH]nc3c2C(=O)c2c(NC(=O)NN4CCN(C)CC4)cccc2-3)s1,0.3893,29.84,Inactive,Active
2747,Nc1ncccc1NCc1ccccc1,0.3893,29.84,Inactive,Active
2748,COc1ccc(C(=O)NC(=S)NNC(=O)CCc2ccccc2)cc1,0.3893,29.84,Inactive,Active
2749,C=C1C(=O)C2=C(C[C@](C)(C(=O)O)C2)[C@](C)(O)C12CC2,0.3893,29.84,Inactive,Inactive
2750,COC(=O)C1=C(C(=O)OC)C(C(=O)OC)C(C(=O)OC)C(C(=O)OC)(C(=O)OC)C(C(=O)OC)=C1C(=O)OC,0.3893,29.84,Inactive,Inactive
2751,O=C(O)C1=C(Cc2cccnc2)CS[C@@H]2[C@H](NC(=O)[C@H](O)c3ccccc3)C(=O)N12,0.3893,29.84,Inactive,Active
2752,Nc1nc(O)c2c(n1)CCc1cc(F)ccc1-2,0.3893,29.84,Inactive,Inactive
2753,CCCCCCCCCC(=O)N1CCN(c2cc3c(cc2F)c(=O)c(C(=O)O)cn3C2CC2)CC1,0.3893,29.84,Inactive,Inactive
2754,C/C=C/CNC(=N)NCCCCCCN1CCCCCCCCNC(=N)NC1=O,0.3893,29.84,Inactive,Inactive
2755,O=C(O)CCCc1cccs1,0.3893,29.84,Inactive,Active
2756,CC1=C(CC[C@@H](C)CO[C@@H]2O[C@H](CO)[C@@H](O)[C@H](O)[C@H]2O)O[C@H]2C[C@H]3[C@@H]4CC[C@H]5C[C@@H](O[C@@H]6O[C@H](CO)[C@H](O[C@@H]7O[C@H](CO)[C@@H](O)[C@H](O[C@@H]8O[C@H](CO)[C@@H](O)[C@H](O)[C@H]8O)[C@H]7O[C@@H]7O[C@H](CO)[C@@H](O)[C@H](O[C@@H]8O[C@H](CO)[C@@H](O)[C@H](O)[C@H]8O)[C@H]7O)[C@H](O)[C@H]6O)[C@H](O)C[C@]5(C)[C@H]4CC[C@]3(C)[C@@H]12,0.3893,29.84,Inactive,Inactive
2757,N#C[C@H](OC1OC(COC2OC(CO)C(O)C(O)C2O)C(O)C(O)C1O)c1ccccc1,0.3893,29.84,Inactive,Inactive
2758,COc1ccc(C2/C(=C(/O)c3ccc(C)cc3)C(=O)C(=O)N2C)cc1,0.3893,29.84,Inactive,Inactive
2759,N[C@@H](C(=O)N[C@@H]1C(=O)N2C(C(=O)O)=C(Cc3cccc(C(=O)O)c3)CS[C@H]12)c1ccccc1,0.3893,29.84,Inactive,Active
2760,CCc1cc2c(N[C@@H](Cc3c[nH]c4ccccc34)C(=O)O)ncnc2s1,0.3893,29.84,Inactive,Inactive
2761,C=C(C)CNC(=N)NCCCCCCN1CCCCCCCCNC(=N)NC1=O,0.3893,29.84,Inactive,Inactive
2762,N=c1c(Cc2ccc(Cl)c(Cl)c2)c[nH]c(=O)n1-c1ccc(Cl)cc1Cl,0.3893,29.84,Inactive,Active
2763,CN[C@@H]1[C@H](O)[C@H](NC)[C@H]2O[C@@]3(O)C(=O)C[C@@H](C)O[C@H]3O[C@@H]2[C@H]1O,0.3893,29.84,Inactive,Inactive
2764,CCCCn1c(=O)[nH]c2nc3cc(N)ccc3nc2c1=O,0.3893,29.84,Inactive,Active
2765,COCCCCn1c(C)nc2cc(NCc3ccc(Cl)c(Cl)c3)[nH]c(=O)c21,0.3893,29.84,Inactive,Inactive
2766,CC(C)[C@@H](C(=O)O)N1Cc2ccccc2C1=O,0.3893,29.84,Inactive,Inactive
2767,CC(C)[C@H](C(=O)O)N1Cc2ccccc2C1=O,0.3893,29.84,Inactive,Inactive
2768,CC(=O)N1N=C(c2ccc(Cl)cc2)CC1c1cccc(Nc2ccnc3cc(Cl)ccc23)c1,0.3893,29.84,Inactive,Inactive
2769,CO/N=C1\CN(c2nc3c(cc2F)c(=O)c(C(=O)O)cn3C2CC2)CCC1(C)N,0.3893,29.84,Inactive,Active
2770,O=C(O)C1=C(Cc2ccccc2)CS[C@@H]2[C@H](NC(=O)[C@H](O)c3ccccc3)C(=O)N12,0.3893,29.84,Inactive,Inactive
2771,CCC(Sc1nc2ccncc2[nH]1)C(=O)Nc1ccc(C)c(Cl)c1,0.3688,28.72,Inactive,Inactive
2772,O=S1(=O)Nc2c(ccc3cccnc23)-c2ccccc21,0.3688,28.72,Inactive,Active
2773,CCCC[C@H](CN(O)C=O)C(=O)N1CC=C[C@H]1C(=O)N[C@@H](C)c1ccccc1,0.3688,28.72,Inactive,Inactive
2774,O=C1Cc2c([nH]c3ccc(Br)cc23)-c2ccccc2N1,0.3688,28.72,Inactive,Inactive
2775,Cc1cc(O)ccc1Nc1nc2ccccc2nc1Nc1ccc(O)cc1C,0.3688,28.72,Inactive,Inactive
2776,CCOC(=O)C1=C(O)c2cc(N)c(N3CCN(C)CC3)cc2N(C2CC2)S1(=O)=O,0.3688,28.72,Inactive,Inactive
2777,CCN(CCO)Cc1csc2ccccc12,0.3688,28.72,Inactive,Inactive
2778,Cc1ccc(C(=O)N/N=C/c2ccc([N+](=O)[O-])s2)cc1,0.3688,28.72,Inactive,Inactive
2779,O=C(N/N=C/c1cc([N+](=O)[O-])ccc1OCc1cn(-c2ccccc2Cl)nn1)c1ccncc1,0.3688,28.72,Inactive,Inactive
2780,CC(=O)n1cc(/C=N/NC(=O)c2cccc(O)c2)c2ccccc21,0.3688,28.72,Inactive,Active
2781,COc1ccc(CNCC(O)COc2ccc(C(C)(C)c3ccccc3)cc2)cc1,0.3688,28.72,Inactive,Active
2782,Cc1cc(-n2ccnc2)cc2[nH]c(C3C(=O)NC=CC3=NCc3ccccn3)nc12,0.3688,28.72,Inactive,Active
2783,O=C(Cc1ccc(Br)cc1)c1ccc(O)cc1O,0.3688,28.72,Inactive,Active
2784,O=C(O)c1cc(/C=N/OCCCCCCCCCCO/N=C/c2ccc(OCc3ccccc3)cc2)ccc1O,0.3688,28.72,Inactive,Active
2785,COc1cc(CNCCc2c[nH]c3ccccc23)ccc1OCc1ccccc1F,0.3688,28.72,Inactive,Active
2786,O=C(O)CCC(=O)NCc1ccc2[nH]c3c(c2c1)CCCC3,0.3688,28.72,Inactive,Active
2787,N[C@@H](Cn1cc(I)c(=O)[nH]c1=O)C(=O)O,0.3688,28.72,Inactive,Active
2788,COC(=O)N/N=C/c1cc(N=Nc2ccccc2Cl)ccc1O,0.3688,28.72,Inactive,Inactive
2789,Nc1nc2cc(Cl)c(Cl)cc2n1CCCOCCCn1c(N)nc2cc(Cl)c(Cl)cc21,0.3688,28.72,Inactive,Inactive
2790,O=C(Oc1c(Cl)cc(Cl)c2cccnc12)c1cccc([N+](=O)[O-])c1,0.3688,28.72,Inactive,Active
2791,Nc1ccn([C@H]2C[C@H](N)[C@@H](CO)O2)c(=O)n1,0.3688,28.72,Inactive,Inactive
2792,CCCCCCCCCCCC[N+]12CCC(CC1)C(O)C2,0.3688,28.72,Inactive,Inactive
2793,CC(=Nc1c(O)ccc2[nH]c3c(C)c4cc[n+](C)cc4c(C)c3c12)C(=O)O,0.3688,28.72,Inactive,Active
2794,CCOC(=O)C1=C(Cc2ccc(Cl)cc2)C(=O)c2ccccc2C1=O,0.3688,28.72,Inactive,Inactive
2795,Nc1ccc(S(=O)(=O)N(Cc2ccccc2)[C@H]2CNC[C@@H]2N(Cc2ccccc2)S(=O)(=O)c2ccc(N)cc2)cc1,0.3688,28.72,Inactive,Active
2796,Nc1ncc(-c2ccc(NC(=O)c3cc(Cl)cc(Cl)c3)cc2)cn1,0.3688,28.72,Inactive,Inactive
2797,O=S(=O)(Nc1ncccn1)c1ccc(Nc2ncnc3ccccc23)cc1,0.3688,28.72,Inactive,Active
2798,CC(C)[C@H](NC(=O)[C@H]1N2C(=O)c3ccccc3C2SC1(C)C)C(=O)NCc1ccco1,0.3688,28.72,Inactive,Inactive
2799,CCCCCc1nc2c(c3c1CCCC3)CCCC2,0.3688,28.72,Inactive,Active
2800,CCOC(=O)C1=C(C)NC(C)=C(C(=O)OCC)C1c1ccc(O)cc1,0.3688,28.72,Inactive,Inactive
2801,COc1ccc(NC(=O)Nc2cc(C)cc(C)c2)cn1,0.3688,28.72,Inactive,Active
2802,C[C@H]([C@H](C)Cc1ccc2c(c1)OCO2)[C@H](O)c1ccc2c(c1)OCO2,0.3688,28.72,Inactive,Inactive
2803,CN(C)[C@@H]1C(=O)C(C(N)=O)=C(O)[C@H]2C(O)C3C(=O)c4c(O)cccc4[C@@](C)(O)C3CC21,0.3688,28.72,Inactive,Inactive
2804,O=C(C1=C(O)C(=O)N(c2nccs2)C1c1ccccc1)c1cc2ccccc2o1,0.3688,28.72,Inactive,Active
2805,Cc1[nH]c2ccccc2c1C(=O)C(C)OC(=O)c1ccccc1NCCO,0.3688,28.72,Inactive,Inactive
2806,Nc1nc(Cl)cc(-c2cc(OCCN3CCOCC3)c(Cl)cc2Cl)n1,0.3688,28.72,Inactive,Active
2807,O=C1OCC(CO)(CO)N=C1NNc1cc(Cl)ccc1Cl,0.3688,28.72,Inactive,Inactive
2808,CC(Cc1ccccc1)NCc1ccccc1O,0.3688,28.72,Inactive,Active
2809,CN(C)[C@@H]1C(=O)C(C(N)=O)=C(O)C2C(O)C3C(=O)c4c(O)cccc4[C@@](C)(O)C3CC21,0.3688,28.72,Inactive,Inactive
2810,O=P(O)(O)C(F)(F)c1cccc(-c2ccc(CO/N=C/c3ccoc3)cc2)c1,0.3688,28.72,Inactive,Active
2811,C/C=C1\NC(=O)[C@@H](CC)NC(=O)CNC(=O)[C@](C)(C(C)=O)NC(=O)[C@H](Cc2c[nH]c3cccc(OC)c23)NC(=O)c2csc(n2)[C@@H](C)NC(=O)CNC1=O,0.3688,28.72,Inactive,Inactive
2812,CC(=O)NC[C@H]1CN(c2ccc(N3CCN(CCCn4ccnc4[N+](=O)[O-])CC3)c(F)c2)C(=O)O1,0.3688,28.72,Inactive,Active
2813,Oc1c(Br)cc(Br)cc1/C=N/Nc1nc(-c2ccc(Cl)cc2)cs1,0.3688,28.72,Inactive,Inactive
2814,Cc1cc(NS(=O)(=O)c2ccc(Nc3nc(-c4sc(NC(=O)c5ccccc5)nc4C)cs3)cc2)no1,0.3688,28.72,Inactive,Inactive
2815,NS(=O)(=O)c1ccc(C(=O)NCc2ccccc2)cc1,0.3688,28.72,Inactive,Active
2816,CC(C)(C)c1ccc(OCCCCCCN2CCNCC2)cc1,0.3688,28.72,Inactive,Active
2817,Cc1c2cc[n+](C)cc2c(C)c2c1[nH]c1ccc(O)c(N=C(C(=O)O)C(C)C)c12,0.3688,28.72,Inactive,Active
2818,Cc1cc2c(cc1C(=O)CCC(=O)O)[C@@H](C(C)C)[C@H](C)C2(C)C,0.3688,28.72,Inactive,Active
2819,CCn1c(C)nc2cc(C(=O)NNC(=O)CCC3CCCCC3)ccc21,0.3688,28.72,Inactive,Inactive
2820,Cc1cc(C)c(S(=O)(=O)N2CCN(c3cc4c(cc3F)c(=O)c(C(=O)O)cn4C3CC3)CC2)c(C)c1,0.3688,28.72,Inactive,Inactive
2821,COC[C@H]1[C@@H](O)[C@@H]2O[C@@]34/C(C)=C/[C@@H](C)[C@@H]([C@H](O)CO)OC(=O)[C@H](COC)[C@H]3C=C[C@@H]2[C@H]4[C@@H]1O,0.3688,28.72,Inactive,Inactive
2822,NCCC[C@H](N)CC(=O)NCCC[C@H](N)CC(=O)N[C@@H]1[C@H](O)[C@@H](OC(N)=O)[C@@H](CO)O[C@H]1NC1=N[C@@H]2C(=O)NC[C@@H](O)[C@H]2N1,0.3688,28.72,Inactive,Active
2823,O=C(/C=C1\NC2(CCCC2)Cc2ccccc21)C(=O)N/N=C/c1ccccc1O,0.3688,28.72,Inactive,Active
2824,COC[C@@H]1O[C@H](O[C@@H]2C3=C(C(C)C)CC[C@]3(C)/C=C3\[C@@H](CC[C@]3(O)COC)[C@@H](C)[C@H]2O)[C@H](O)[C@H]2O[C@H]3O[C@@]12O[C@@]3(C)CCOC=O,0.3688,28.72,Inactive,Active
2825,Cc1nc(-c2ccc(F)cc2)c(CC(=O)N(C)CC(=O)Nc2ccc(Cl)c(C(F)(F)F)c2)s1,0.3688,28.72,Inactive,Inactive
2826,NC1=NC(=O)c2ccccc2C1,0.3636,28.43,Inactive,Active
2827,CCCC[C@H](CN(O)C=O)C(=O)N1CC=C[C@H]1C(=O)N[C@H](C)c1ccccc1,0.3636,28.43,Inactive,Inactive
2828,CCOC(=O)c1nc2cc3n(c(CC(C)C)c-2c1C)CC(C)=C3C,0.3636,28.43,Inactive,Inactive
2829,CCCCCC[P+](CCCCCC)(CCCCCC)CCCCCCOCc1ccc(N(c2ccccc2)c2ccc(COCCCCCC[P+](CCCCCC)(CCCCCC)CCCCCC)cc2)cc1,0.3636,28.43,Inactive,Inactive
2830,C[n+]1c(/C=C/c2ccc3c(c2)OCO3)ccc2ccccc21,0.3636,28.43,Inactive,Inactive
2831,NS(=O)(=O)c1ccc(CNC2=NCCCCC2)cc1,0.3636,28.43,Inactive,Inactive
2832,N=C(N)c1cc2cccnc2s1,0.3636,28.43,Inactive,Active
2833,N/C(=N\OS(=O)(=O)c1ccc2ccccc2c1)c1cccnc1,0.3636,28.43,Inactive,Active
2834,CC(C)c1ccc2c(c1)CC[C@H]1[C@](C)(C(=O)N/N=C/c3ccc([N+](=O)[O-])o3)CCC[C@]21C,0.3636,28.43,Inactive,Active
2835,O=C(O)c1ccc(-c2cc(F)cc(F)c2)cc1,0.3636,28.43,Inactive,Active
2836,CC(C)n1c2ccccc2c2ccc3c(c21)C(=O)C1OC1C3=O,0.3426,27.21,Inactive,Inactive
2837,CCn1cc(C(=O)O)c(=O)c2cnc(N3CCN(C(=S)NC)CC3)nc21,0.3426,27.21,Inactive,Inactive
2838,N=C(N)N/N=C/c1ccc(-c2cccc(/C=N/NC(=N)N)c2)cc1,0.3426,27.21,Inactive,Inactive
2839,CC(=O)Nc1nccc(C2=C(C)NC3C=CC=CN23)n1,0.3426,27.21,Inactive,Active
2840,CNC(=N)NCCC/C=C/CCC[C@H](C)C[C@H](C)[C@H]1OC(=O)[C@H](C)[C@H](O)/C=C/[C@H](C)[C@H](O)C[C@H](O)[C@H](C)[C@@H](O)CC[C@H](C)[C@H](O)C[C@]2(O)O[C@H](C[C@@H](O)C[C@H](OC(=O)CC(=O)O)C[C@@H](O)[C@H](C)[C@H](O)/C=C/C=C/[C@@H]1C)C[C@H](OC(=O)CC(=O)O)[C@H]2O,0.3426,27.21,Inactive,Inactive
2841,NC(N)=Nc1cc(C(=O)O)ccc1N1C(=O)CCC1(CO)CO,0.3426,27.21,Inactive,Active
2842,O=C1/C(=C/c2ccc(O)c(O)c2)SC(=S)N1c1ccc(O)cc1,0.3426,27.21,Inactive,Inactive
2843,Cc1ccc(O)c(Nc2c3ccccc3nc3ccccc23)c1,0.3426,27.21,Inactive,Active
2844,O=C(O)c1ccc2c(c1)C1C=CCC1C(c1ccncc1)N2,0.3426,27.21,Inactive,Active
2845,COC(=O)c1cc(NC(=O)c2cc(NC(=O)CCCOc3cc4c(cc3OC)C(=O)N3CCC[C@H]3C=N4)cn2C)cn1C,0.3426,27.21,Inactive,Inactive
2846,C=CCn1c(O)c(C(CC)=NCCN2CCN(C(=S)NC)CC2)c(=O)[nH]c1=O,0.3426,27.21,Inactive,Inactive
2847,CCOc1ccc2nc(COC(=O)c3ccco3)c(C(C)=O)[n+]([O-])c2c1,0.3426,27.21,Inactive,Inactive
2848,O=C1C2=C(SCCS2)C(=O)N1CCCO,0.3426,27.21,Inactive,Active
2849,c1ccc(Nc2nc(NCc3ccco3)c3ccccc3n2)cc1,0.3426,27.21,Inactive,Active
2850,c1cnc(NCc2ccc(CNc3ncccn3)cc2)nc1,0.3426,27.21,Inactive,Inactive
2851,O=C(NCCNCCNCCNC(=O)c1cc(Br)c(Br)[nH]1)c1cc(Br)c(Br)[nH]1,0.3426,27.21,Inactive,Inactive
2852,Cc1cc(C)cc(-c2ccc(OCCN(C)C)c(/C=C/C(=O)c3ccc(OCCN(C)C)cc3)c2)c1,0.3426,27.21,Inactive,Inactive
2853,C=CCc1ccc(O)c(-c2ccc(O)c(CC=C)c2)c1,0.3426,27.21,Inactive,Inactive
2854,COc1ccc2c(c1)CCc1nc(N)nc(O)c1-2,0.3426,27.21,Inactive,Inactive
2855,CCCCCCNC[C@H]1O[C@@H](OC[C@H]2O[C@@H](n3ccc(=O)[nH]c3=O)[C@H](O)[C@@H]2O)[C@H](O)[C@@H]1O,0.3426,27.21,Inactive,Inactive
2856,N=C1CCC(=N)c2c1c(O)c1ccccc1c2O,0.3426,27.21,Inactive,Active
2857,O=c1nc(NCC(O)CN2CCN(c3nccc4ccc(F)cc34)CC2)c2cc(F)ccc2o1,0.3426,27.21,Inactive,Active
2858,Oc1cccc(-c2ccccc2Cl)c1O,0.3426,27.21,Inactive,Active
2859,CSCC[C@@H](C(=O)O)N1Cc2ccccc2C1=O,0.3426,27.21,Inactive,Inactive
2860,N#Cc1ccc(CN2CCc3c(sc(NC(=O)c4cc(OCCN)ccc4Cl)c3C#N)C2)cc1,0.3426,27.21,Inactive,Inactive
2861,CCCCC1(C)OC(=O)C(=Cc2ccc(N(CC)CC)cc2)C(=O)O1,0.3426,27.21,Inactive,Inactive
2862,CC(C)/C=C1\CC/C(=C\c2ccc(N(C)C)cc2)C1=O,0.3426,27.21,Inactive,Inactive
2863,COc1ccc(N2CCN/C2=N\N)cc1,0.3426,27.21,Inactive,Inactive
2864,Oc1c(Br)cc(Br)cc1/C=N/c1ccccc1NC(=S)Nc1ccccc1,0.3426,27.21,Inactive,Inactive
2865,CCN1CCN(c2nc(Nc3ccccc3)n3ncc(C#N)c3n2)CC1,0.3426,27.21,Inactive,Active
2866,COc1cc(C)c(S(=O)(=O)NC[C@@H](O)[C@@H](N)Cc2ccccc2)c(C)c1C,0.3426,27.21,Inactive,Active
2867,C=C[C@]1(C)C[C@@H](OC(=O)CSc2nnc(NC(=O)c3ccccc3Cl)s2)[C@]2(C)[C@H](C)CC[C@]3(CCC(=O)[C@H]32)[C@@H](C)[C@@H]1O,0.3426,27.21,Inactive,Inactive
2868,CCN=c1scc(C)n1/N=C/c1ccc(O)c(O)c1O,0.3426,27.21,Inactive,Active
2869,CC(=O)/C(=C/c1cn(CC(=O)N2CCN(Cc3ccc(Cl)cc3Cl)CC2)c2ccccc12)n1cc([N+](=O)[O-])nc1C,0.3426,27.21,Inactive,Inactive
2870,Cc1cc(N=Nc2ccccc2)c(NCC(O)C(O)C(O)CO)cc1C,0.3426,27.21,Inactive,Active
2871,N#C/C(=C/c1ccc2c(c1)OCO2)C(=O)Nc1ccc(O)cc1,0.3426,27.21,Inactive,Inactive
2872,N#Cc1c(C(F)(F)F)cc(-c2ccccc2)c2c3n(nc12)[C@H]1OCCC[C@H]1CN3,0.3426,27.21,Inactive,Inactive
2873,CCOc1c(Br)cc(Br)cc1CNCCCNC(=O)Nc1ccc(C(F)(F)F)cc1,0.3426,27.21,Inactive,Inactive
2874,O=CNC1CCCc2c1[nH]c1ccc(Cl)cc21,0.3426,27.21,Inactive,Inactive
2875,c1ccc2c(c1)C(=NC1CCCCC1)NC2=NC1CCCCC1,0.3426,27.21,Inactive,Active
2876,O=C(OCCc1ccccc1)c1cc(O)c(O)c(O)c1,0.3426,27.21,Inactive,Inactive
2877,Oc1ccc(Nc2nc3ccccc3nc2Nc2ccc(O)cc2)cc1,0.3426,27.21,Inactive,Active
2878,CC1(CCl)N([O-])C2=C(CCCC2)[N+]1=O,0.3426,27.21,Inactive,Inactive
2879,C#CCO[C@@H]1[C@@H](C)[C@H](OC(=O)NCCCCNC(=N)NC(=O)NC)[C@@H](C)C(=O)O[C@H](CC)C(C)(C)[C@@H]2OC(C)(C)O[C@H]([C@@H]2C)[C@H](C)C[C@@]1(C)O,0.3426,27.21,Inactive,Active
2880,C=C[C@]1(C)C[C@@H](OC(=O)CSc2nnc(NC(=O)c3cccc(OC)c3)s2)[C@]2(C)[C@H](C)CC[C@]3(CCC(=O)[C@H]32)[C@@H](C)[C@@H]1O,0.3426,27.21,Inactive,Inactive
2881,N#Cc1c(NC(=O)c2cc(OCCNC(=O)C(F)(F)F)ccc2Cl)sc2c1CCN(Cc1cccc(O)c1)C2,0.3426,27.21,Inactive,Inactive
2882,Nc1nc(=O)n(C2OC(CO)C(O)C2O)cc1F,0.3426,27.21,Inactive,Active
2883,Nc1ccc(/N=N/c2ccccc2)c(N)c1,0.3426,27.21,Inactive,Inactive
2884,Cn1c([N+](=O)[O-])cnc1/C=C1\Oc2ccc(I)cc2C1=O,0.3426,27.21,Inactive,Active
2885,O=C(Cc1cccs1)NC[Al],0.3426,27.21,Inactive,Active
2886,Cc1[nH]c(C)c(S(=O)(=O)NCc2ccc(OC(C)C)cc2)c1C(=O)N1CCCC1,0.3426,27.21,Inactive,Inactive
2887,Cc1ccc(N=Nc2[nH]c3ccccc3c2O)cc1,0.3426,27.21,Inactive,Active
2888,Cc1nn(-c2ccccc2)c2c1C(c1ccc(O)c(O)c1)N1C(=N2)C(Nc2ccccc2)=Nc2ccccc21,0.3426,27.21,Inactive,Inactive
2889,O=C1CS/C(=C\[N+](=O)[O-])N1c1ccccc1,0.3426,27.21,Inactive,Inactive
2890,COc1cc2c(cc1OCCCC(=O)Nc1cc(C(=O)Nc3ccc4oc(C(=O)N(C)C)cc4c3)n(C)c1)N=C[C@@H]1CCCN1C2=O,0.3426,27.21,Inactive,Active
2891,F[B-](F)(F)c1cc2ccccc2s1,0.3426,27.21,Inactive,Active
2892,COc1ccccc1CNCC(O)Cn1c2ccccc2c2ccccc21,0.3426,27.21,Inactive,Active
2893,CC[C@H]1OC(=O)[C@H](C)[C@@H](O[C@H]2C[C@@](C)(OC)[C@@H](O)[C@H](C)O2)[C@H](C)[C@@H](O[C@@H]2O[C@H](C)C[C@H](N(C)C)[C@H]2O)[C@](C)(O)C[C@@H](C)NC[C@H](C)[C@@H](O)[C@]1(C)O,0.3426,27.21,Inactive,Active
2894,Cc1ncc(CN2CS[C@@H](CCO)[C@@H]2C)c(N)n1,0.3426,27.21,Inactive,Active
2895,COc1ccccc1-n1cc(COc2ccc([N+](=O)[O-])cc2/C=N/NC(=O)c2ccncc2)nn1,0.3426,27.21,Inactive,Inactive
2896,CC[C@H]1OC(=O)[C@H](C)[C@@H](O[C@H]2C[C@@](C)(OC)[C@@H](O)[C@H](C)O2)[C@H](C)[C@@H](O[C@@H]2O[C@H](C)C[C@H](N(C)C)[C@H]2O)[C@](C)(O)C[C@@H](C)CN(CCCN(CCC#N)C(=O)NCCc2ccccc2)[C@H](C)[C@@H](O)[C@]1(C)O,0.3426,27.21,Inactive,Inactive
2897,COP(=O)(OC)C(Nc1ccc(S(N)(=O)=O)cc1)c1cc(O)c2c(c1)C(=O)c1cccc(O)c1C2=O,0.3426,27.21,Inactive,Inactive
2898,NS(=O)(=O)c1ccc(C(=O)NCc2ccc(F)cc2)cc1,0.3426,27.21,Inactive,Active
2899,O=C1Cc2c([nH]c3ccc([N+](=O)[O-])cc23)-c2ccccc2N1,0.3426,27.21,Inactive,Active
2900,C#CCO[C@@H]1[C@@H](C)[C@H](O)[C@@H](C)C(=O)O[C@H](CC)C(C)(C)[C@@H]2OC(C)(C)O[C@H]([C@@H]2C)[C@H](C)C[C@@]1(C)O,0.3426,27.21,Inactive,Inactive
2901,CC(C)Cn1c(=O)c(C(=O)Nc2cnccn2)c(O)c2ccccc21,0.3426,27.21,Inactive,Inactive
2902,CCCCNc1nc2c(s1)c1c(O)c3c(O)c(C)c4c(c32)C(=O)C(C)(O/C=C/C(OC)C(C)C(OC(C)=O)C(C)C(O)C(C)C(O)C(C)/C=C/C=C(/C)C(=O)N1)O4,0.3426,27.21,Inactive,Inactive
2903,O=C(N/N=C/c1ccccc1)c1cc(-c2ccc(Cl)cc2)n[nH]1,0.3426,27.21,Inactive,Active
2904,C#CCO[C@@H]1[C@@H](C)[C@H](OC(=O)NCCCNC(=N)NC(=O)NC)[C@@H](C)C(=O)O[C@H](CC)C(C)(C)[C@@H]2OC(C)(C)O[C@H]([C@@H]2C)[C@H](C)C[C@@]1(C)O,0.3426,27.21,Inactive,Inactive
2905,CCCCOC(=O)Cn1c2ccc(OC)cc2c2nc3ccccc3nc21,0.3426,27.21,Inactive,Inactive
2906,O=S(=O)(NCCNC/C=C/c1ccc(Br)cc1)c1cccc2cnccc12,0.3426,27.21,Inactive,Active
2907,COc1cc2nccc(Oc3ccc(-c4cnc(Cc5ccccc5)n(C)c4=O)cc3F)c2cc1OC,0.3426,27.21,Inactive,Active
2908,CCCCO[C@@H]1CCC[C@@H]2C1C(C(=O)O)=N[C@@H]2[C@H](C=O)CC,0.3426,27.21,Inactive,Active
2909,O=C1N=CC(I)C(=O)N1,0.3426,27.21,Inactive,Active
2910,CC(C)C[C@H](NC(=O)[C@H](Cc1ccc(OCC(=O)O)cc1)NC(=O)[C@H](CCC(=O)OCc1ccccc1)NC(=O)OCC1c2ccccc2-c2ccccc21)C(N)=O,0.3426,27.21,Inactive,Active
2911,CCCCOc1ccc2cc(S(=O)(=O)NC3CCC(C(=O)O)CC3C(=O)O)ccc2c1,0.3426,27.21,Inactive,Inactive
2912,CS(=O)(=O)c1cc(Cl)c(-c2cc(Cl)c(S(C)(=O)=O)cc2Cl)cc1Cl,0.3426,27.21,Inactive,Active
2913,CCN(CC)c1ccc(-c2c(C#N)c(N)nc(OC)c2C#N)cc1,0.3426,27.21,Inactive,Inactive
2914,Cc1[nH]cc(CN2CCCCC2)c(=O)c1O,0.3426,27.21,Inactive,Inactive
2915,O=c1cc(NCCCNCc2ccc(Cl)c(Cl)c2)[nH]c2ccccc12,0.3426,27.21,Inactive,Inactive
2916,COc1ccc(-c2nn(CN3CCN(c4cc5c(cc4F)c(=O)c(C(=O)O)cn5[C@@H]4C[C@@H]4F)CC3)c(=S)n2-c2ccccc2)cc1OC,0.3426,27.21,Inactive,Inactive
2917,CCc1ccc(/C=C2\SC(=N[C@@H](c3ccc(F)cc3)c3nn[nH]n3)NC2=O)o1,0.3426,27.21,Inactive,Active
2918,C=CCN1C[C@H](C)[C@@H](O)[C@](C)(O)[C@@H](CC)OC(=O)[C@H](C)[C@@H](O[C@H]2C[C@@](C)(OC)[C@H](N)[C@H](C)O2)[C@H](C)[C@@H](O[C@@H]2O[C@H](C)C[C@H](N(C)C)[C@H]2OC(=O)OCC2c3ccccc3-c3ccccc32)[C@](C)(O)C[C@H]1C,0.3426,27.21,Inactive,Active
2919,O=C(O)CCN1C(=O)C2CCCCC2C1=O,0.3426,27.21,Inactive,Inactive
2920,CCOc1ccccc1NC(=O)Nc1ccc(OC)nc1,0.3426,27.21,Inactive,Active
2921,Cc1cc(C)c2c(=O)[nH]c(SCC(=O)Nc3ccc(N(C)C)cc3)nc2n1,0.3426,27.21,Inactive,Inactive
2922,CC(C)C[C@@H]1NC(=O)[C@@H](Cc2ccccc2)NC(=O)[C@H](CCN)NC(=O)[C@@H](NC(=O)[C@H](CCN)NC(=O)[C@H](NC(=O)OCC2c3ccccc3-c3ccccc32)[C@@H](C)O)CCNC(=O)[C@@H]([C@@H](C)O)NC(=O)[C@H](CCN)NC(=O)[C@H](CCN)NC1=O,0.3426,27.21,Inactive,Active
2923,O=C(N[C@H]1COC(=O)[C@@H](NC(=O)c2cccc(O)c2O)COC(=O)[C@@H](NC(=O)c2cccc(O)c2O)COC1=O)c1cccc(O)c1O,0.3426,27.21,Inactive,Active
2924,COc1ccccc1Nc1c2ccccc2nc2ccccc12,0.3426,27.21,Inactive,Active
2925,COc1cc([C@@H]2[C@@H](O)[C@H](O)[C@@H](C)N2C)c(F)c(C)c1OC,0.3426,27.21,Inactive,Inactive
2926,O=C(O)c1cccc2c1NC(c1ccc(O)c([N+](=O)[O-])c1)C1CC=CC21,0.3426,27.21,Inactive,Inactive
2927,C=CCN1C[C@H](C)[C@@H](O)[C@](C)(O)[C@@H](CC)OC(=O)[C@H](C)[C@@H](O[C@H]2C[C@@](C)(OC)[C@@H](N)[C@H](C)O2)[C@H](C)[C@@H](O[C@@H]2O[C@H](C)C[C@H](N(C)C)[C@H]2OC(=O)OCC2c3ccccc3-c3ccccc32)[C@](C)(O)C[C@H]1C,0.3426,27.21,Inactive,Active
2928,CC(C)=NNc1ncnc2[nH]cnc12,0.3426,27.21,Inactive,Inactive
2929,Nc1nc(O)c2c(n1)CCc1cc(Cl)ccc1-2,0.3426,27.21,Inactive,Inactive
2930,Cc1nnc(N/N=C/c2c(O)n(-c3cccc(C(F)(F)F)c3)c(=O)c3ccccc23)[nH]c1=O,0.3426,27.21,Inactive,Inactive
2931,Cc1cc(=O)[nH]c(-n2nc(C)cc2C)n1,0.3426,27.21,Inactive,Active
2932,Cc1sc2nc(N)nc(N)c2c1Cc1ccccc1,0.3399,27.06,Inactive,Inactive
2933,N#CC1=C(C(=O)O)N2C(=O)[C@@H](NC(=O)CSc3cc(Cl)ccc3Cl)CN2C1,0.3399,27.06,Inactive,Inactive
2934,CCOC(=O)c1cn(CC2CC2)c2cc(F)c(F)cc2c1=O,0.3399,27.06,Inactive,Inactive
2935,CCN1CCN(Cc2ccc(C)cc2C)CC1,0.3399,27.06,Inactive,Inactive
2936,CCN(CCC(=O)Nc1ccc(Br)c(C)c1)Cc1ccccc1,0.3399,27.06,Inactive,Active
2937,CCN1CCCC1CNC(=O)C1c2ccccc2C(=O)N(CCOC)C1c1ccc(F)cc1,0.3399,27.06,Inactive,Inactive
2938,Cc1sc2ncnc(N/N=C/c3cccc(O)c3)c2c1C,0.3399,27.06,Inactive,Inactive
2939,CC(=O)c1c(C)oc2c1C(=O)c1ccccc1C2=O,0.3399,27.06,Inactive,Inactive
2940,CCN1CCN(Cc2nc3cc(NC(=O)COc4ccc([N+](=O)[O-])cc4)ccc3n2C)CC1,0.3399,27.06,Inactive,Inactive
2941,COc1ccc2cc(C3CC(c4ccco4)=NN3C(=O)CCC(=O)O)c(Cl)nc2c1,0.3399,27.06,Inactive,Inactive
2942,COc1ccc(CCn2c(=N)c(C(=O)NCC3CCCO3)cc3c(=O)n4ccccc4nc32)cc1,0.3399,27.06,Inactive,Inactive
2943,N#C/C(=C/C1=C(N2CCOCC2)/C(=C/c2ccc(Cl)cc2)CC1)C(=O)Nc1ccccc1F,0.3399,27.06,Inactive,Inactive
2944,Cc1sc(-c2ccccc2Cl)cc1C(=O)N[C@@H](CN)c1ccccc1,0.3399,27.06,Inactive,Active
2945,Fc1ccc(CCNCc2ccc(Cl)c(Cl)c2)cc1,0.3399,27.06,Inactive,Active
2946,COc1ccc(Cn2nnc(CC(=O)N[C@@H](CCC(=O)OCc3ccccc3)C(=O)N[C@@H](Cc3ccc(OCC(=O)O)cc3)C(=O)C[C@@H](CC(C)C)C(N)=O)n2)cc1,0.3399,27.06,Inactive,Inactive
2947,NC(N)=Nc1nc(-c2ccccc2)c2cc(Cl)ccc2n1,0.3399,27.06,Inactive,Active
2948,N#CC1=C(N)N(c2ccc(F)c(F)c2)C2=C(C(=O)CCC2)C1c1cc2ccccc2nc1Oc1ccc(C#N)cc1,0.3399,27.06,Inactive,Inactive
2949,CCOC(=O)C1=C(C)NC(C)=C(C(=O)OCC)C1c1ccc(O)c(OC)c1,0.3399,27.06,Inactive,Inactive
2950,Cn1c(=O)c2c(n(C)c1=O)n1c(-c3ccc(Br)cc3)nnc1n2C,0.3399,27.06,Inactive,Inactive
2951,COc1ccc2cc3[n+](cc2c1OCCN(CCn1nnc2ccccc21)Cc1ccc(F)cc1F)CCc1cc2c(cc1-3)OCO2,0.3399,27.06,Inactive,Inactive
2952,COc1ccc(OCCN2CC[C@H]3CCC[C@@H](C2=O)N3S(=O)(=O)c2ccc3ncsc3c2)cc1OC,0.3399,27.06,Inactive,Active
2953,COc1ccc(-c2nnc3n(C)c4c(=O)n(C)c(=O)n(C)c4n23)cc1,0.3399,27.06,Inactive,Inactive
2954,O=S(c1ccccc1)c1ccc2c(c1)B(O)OC2,0.3399,27.06,Inactive,Active
2955,Cc1cc(-c2ccc(N)c(C)c2)ccc1N,0.3399,27.06,Inactive,Inactive
2956,Cc1cc(C(=O)N/N=C/C=C/c2ccc3c(c2)OCO3)n[nH]1,0.3399,27.06,Inactive,Inactive
2957,Cc1ccc(/C=C2/C(=O)NC(=O)N(CCc3ccc(F)cc3)C2=O)o1,0.3399,27.06,Inactive,Inactive
2958,CCOC(=O)C1=C(C)NC(C)=C(C(=O)OCC)C1c1cccc(O)c1,0.3399,27.06,Inactive,Inactive
2959,NC(=O)N/N=C/c1c(-c2ccccc2)n(CC(=O)c2ccc([N+](=O)[O-])cc2)c2ccccc12,0.3399,27.06,Inactive,Inactive
2960,CCOC(=O)C1=C(C)NC(C)=C(C(=O)OCC)C1c1ccccc1Cl,0.3399,27.06,Inactive,Inactive
2961,Clc1ccc2[nH]c3c(NCCN4CCOCC4)ncnc3c2c1,0.3399,27.06,Inactive,Inactive
2962,O=S(=O)(Nc1ncccn1)c1ccc(NC(=S)Nc2cccc(Cl)c2)cc1,0.3399,27.06,Inactive,Inactive
2963,CCOC(=O)CSC1=C(C#N)C(c2ccccc2F)C(C(C)=O)=C(C)N1,0.3399,27.06,Inactive,Inactive
2964,CC(C(=O)O)c1ccc(-c2ccccc2)c(F)c1,0.3399,27.06,Inactive,Inactive
2965,N=C(N)c1cc2ccccc2s1,0.3399,27.06,Inactive,Active
2966,CCOC(=O)c1cn(CC(O)Cn2c([N+](=O)[O-])cnc2C)c2ccc(C)cc2c1=O,0.3399,27.06,Inactive,Active
2967,CC(=O)c1ccc(N2C(=O)/C(=C\c3ccc(O)cc3)N=C2C)cc1,0.3399,27.06,Inactive,Inactive
2968,CC(=O)c1c(O)c(C)c(O)c(Cc2c3c(c(O)c4c2OC(c2ccc(O)cc2)CC4=O)C=CC(C)(C)O3)c1O,0.3399,27.06,Inactive,Inactive
2969,Cn1cnc(=N)c2[nH]cnc21,0.3399,27.06,Inactive,Active
2970,Cc1cc(NC(=O)c2ccc(Oc3ccc(Cl)cc3O)o2)no1,0.3399,27.06,Inactive,Inactive
2971,COc1ccc(C2C(C#N)=C(C)NC(C)=C2C#N)c(OC)c1,0.3399,27.06,Inactive,Inactive
2972,Cc1cc2ccccn2c1C(=O)c1ccc([N+](=O)[O-])o1,0.3399,27.06,Inactive,Active
2973,O=c1[nH]c(=O)c2ccccc2o1,0.3399,27.06,Inactive,Inactive
2974,N#Cc1c(N)n[nH]c1-c1cc2c([nH]1)CCCC2,0.3399,27.06,Inactive,Inactive
2975,Cn1c([N+](=O)[O-])cnc1/C=C1\Oc2cc(Cl)ccc2C1=O,0.3399,27.06,Inactive,Active
2976,CC(=O)c1ccc(N2C[C@@H](C(=O)O)CC2=O)cc1,0.3399,27.06,Inactive,Active
2977,CCOC(=O)c1cn(CC(O)Cn2c([N+](=O)[O-])cnc2C)c2c(F)cc(F)cc2c1=O,0.3399,27.06,Inactive,Active
2978,N#Cc1c(NC(=O)c2cccc3ccccc23)sc2c1CCN(C(=O)CCN1CCCCC1)C2,0.3399,27.06,Inactive,Active
2979,Cc1ccc(NC(=S)Nc2ccc(S(=O)(=O)Nc3ncccn3)cc2)cc1Cl,0.3399,27.06,Inactive,Inactive
2980,NC1CCC(Nc2nc(NCc3ccccc3)c3ncn(C4CCCC4)c3n2)CC1,0.3399,27.06,Inactive,Active
2981,Cn1c([N+](=O)[O-])cnc1/C=C1\Oc2cc(O)cc(O)c2C1=O,0.3399,27.06,Inactive,Inactive
2982,NC1C(=O)OCC1[N+](=O)c1ccc(N/C(S)=N/NC(=O)Cn2c(C3CCNCC3)nc3cc(Cl)c(Cl)cc32)cc1,0.3399,27.06,Inactive,Inactive
2983,CNC(=N)NCCC/C=C/CCC[C@H](C)C[C@H](C)[C@H]1OC(=O)[C@H](C)[C@H](O)/C=C/[C@H](C)[C@H](O)C[C@H](O)[C@H](C)[C@@H](O)CC[C@H](C)[C@H](O)C[C@]2(O)O[C@H](C[C@@H](OC(=O)CC(=O)O)C[C@H](O)C[C@@H](O)[C@H](C)[C@H](O)/C=C/C=C/[C@@H]1C)C[C@H](OC(=O)CC(=O)O)[C@H]2O,0.3399,27.06,Inactive,Inactive
2984,O=C1c2cccc3cccc(c23)C(=O)N1CCN1CCN(CCc2ccccc2)CC1,0.3399,27.06,Inactive,Inactive
2985,O=C(Oc1cccc(N=C2C(=O)c3ccccc3C(O)=C2n2nnc3ccccc32)c1)c1ccc([N+](=O)[O-])cc1,0.3399,27.06,Inactive,Inactive
2986,CC(C)NC[C@H]1O[C@@H](OC[C@H]2O[C@@H](n3ccc(=O)[nH]c3=O)[C@H](O)[C@@H]2O)[C@H](O)[C@@H]1O,0.3399,27.06,Inactive,Inactive
2987,COCc1cc(O)cc2c1O[C@@H](c1ccc(O)cc1)[C@H]1CCC[C@@H]21,0.3399,27.06,Inactive,Active
2988,Cc1ncc([N+](=O)[O-])n1C/C(=N/NC(=O)c1ccccc1N)c1ccc(Br)cc1,0.3399,27.06,Inactive,Inactive
2989,CCn1cc(C(=O)O)c(=O)c2cnc(N3CCN(C(=S)Nc4ccccc4C)CC3)nc21,0.3399,27.06,Inactive,Inactive
2990,CCn1cc(C(=O)O)c(=O)c2cnc(N3CCN(C(=S)Nc4ccccc4Cl)CC3)nc21,0.3399,27.06,Inactive,Active
2991,OB(O)c1cc2ccccc2s1,0.3399,27.06,Inactive,Active
2992,CO[C@@]1(Nc2nc3ccccc3[nH]2)C(=O)N2C(C(=O)OC(c3ccccc3)c3ccccc3)=C(COC(C)=O)CSC21,0.3399,27.06,Inactive,Inactive
2993,CC(C)Cc1ccc(CN2CC[C@@H](NS(=O)(=O)c3cc(Cl)ccc3Cl)C2)cc1,0.3399,27.06,Inactive,Inactive
2994,CCCCOP(=O)(OCCCC)C(Nc1ccc(S(N)(=O)=O)cc1)c1cc(O)c2c(c1)C(=O)c1cccc(O)c1C2=O,0.3399,27.06,Inactive,Inactive
2995,CC(=O)N1N=C(c2ccc(C)cc2)CC1c1cccc(Nc2ccnc3cc(Cl)ccc23)c1,0.3399,27.06,Inactive,Inactive
2996,NS(=O)(=O)c1ccc(C(=O)CSc2ncccn2)cc1Cl,0.3399,27.06,Inactive,Active
2997,O=C([O-])C1=C(CSc2cc[n+](Cc3ccccc3)cc2)CS[C@@H]2[C@H]([N-]c3cc[n+](Cc4ccccc4)cc3)C(=O)N12,0.3399,27.06,Inactive,Active
2998,CN(C(=O)C[C@@H](N)CCCNC(=N)N)C1CNC(N2CCNC2=O)=NC1=O,0.3399,27.06,Inactive,Inactive
2999,CC(C)C[C@H](NC(=O)[C@H](Cc1ccc(OC(F)(C(=O)O)C(=O)O)cc1)NC(=O)[C@H](CCC(=O)OCc1ccccc1)NC(=O)OCC1c2ccccc2-c2ccccc21)C(N)=O,0.3399,27.06,Inactive,Active
3000,Cc1nc2ccccc2c(=O)n1-c1ccc(NC(=O)CN/N=C/c2ccc(O)cc2)cc1,0.3399,27.06,Inactive,Inactive
3001,CC(C)C[C@H](NC(=O)[C@H](Cc1ccc(CC(=O)O)c(C(=O)O)c1)NC(=O)[C@H](CCC(=O)OCc1ccccc1)NC(=O)OCC1c2ccccc2-c2ccccc21)C(N)=O,0.3399,27.06,Inactive,Inactive
3002,Oc1ccc(N=Nc2ccccc2)cc1,0.3399,27.06,Inactive,Inactive
3003,CC(=O)Nc1ccsc1C(=O)O,0.3399,27.06,Inactive,Active
3004,O=C1NC(=O)C(=Cc2cn(CCOc3ccc4c(c3)OCO4)c3ccccc23)C(=O)N1,0.3399,27.06,Inactive,Active
3005,Sc1nc2cc(Cl)cc(Cl)c2o1,0.3399,27.06,Inactive,Active
3006,O=C1NC(=O)C2(CCOc3ccc(F)cc32)N1,0.3399,27.06,Inactive,Inactive
3007,O=c1cccc2n1CC1CC2CN(C(c2ccccc2)c2sc3ncnn3c2O)C1,0.3399,27.06,Inactive,Inactive
3008,O=C1N[C@H]2[C@H](CS[C@H]2CCCCC(=O)C2=CC=CC2)N1,0.3399,27.06,Inactive,Active
3009,Nc1nc2ccc(C(=O)c3ccccc3)cc2n1CC1CCNCC1,0.3399,27.06,Inactive,Active
3010,CC(=O)C1N=[N+](c2cc(C)ccc2F)C[C@@]1(CCCN1CCN(C(C)=O)CC1)c1ccccc1,0.3399,27.06,Inactive,Active
3011,CCCCCCCCCCCC(=O)N1CCN(c2cc3c(cc2F)c(=O)c(C(=O)O)cn3C2CC2)CC1,0.3399,27.06,Inactive,Inactive
3012,Cc1nccn1CCC(=O)N/N=C/c1c(O)ccc2ccccc12,0.3399,27.06,Inactive,Inactive
3013,CN(C)C[C@H]1O[C@@H](OC[C@H]2O[C@@H](n3ccc(=O)[nH]c3=O)[C@H](O)[C@@H]2O)[C@H](O)[C@@H]1O,0.3399,27.06,Inactive,Inactive
3014,CC1(C)CC(=O)C2=C(C1)N(c1ccc(F)c(F)c1)C(N)=C(C#N)C2c1cc2cc(Cl)ccc2nc1Oc1ccc(C#N)cc1,0.3399,27.06,Inactive,Inactive
3015,COC(=O)C1=CNC=C(C(=O)OC)C1c1ccccc1C,0.3399,27.06,Inactive,Active
3016,Cc1ccc2cc(CN(CCN(C)C)C(=O)Nc3ccc(Cl)cc3)c(=O)[nH]c2c1,0.3399,27.06,Inactive,Active
3017,COC(=O)[C@@H]1[C@H]2C[C@H]3c4[nH]c5ccccc5c4CCN3C[C@@H]2CC[C@@H]1O,0.3399,27.06,Inactive,Inactive
3018,Nc1nc(O)c2c(n1)CCc1c(Cl)cccc1-2,0.3399,27.06,Inactive,Inactive
3019,Nc1nc(O)c2c(n1)CCc1c(F)cccc1-2,0.3399,27.06,Inactive,Inactive
3020,CCCCCC[P+](CCCCCC)(CCCCCC)CCCCCCOCc1ccc(N(c2ccccc2)c2ccccc2)cc1,0.3399,27.06,Inactive,Inactive
3021,CCCCCC[P+](CCCCCC)(CCCCCC)CCCCCCCCCCOCc1ccc(N(c2ccccc2)c2ccccc2)cc1,0.3399,27.06,Inactive,Inactive
3022,Cc1cccc(N2CCN/C2=N\N)c1C,0.3399,27.06,Inactive,Inactive
3023,COC(=O)c1c(OC)cc2cc3c(c(O)c2c1C)C(=O)[C@@]1(O)C(OC)=CC(=O)[C@H](OC)[C@@]1(O)C3=O,0.3399,27.06,Inactive,Inactive
3024,CC(C)c1nccn1-c1ccnc(NS(=O)(=O)c2ccc(N)cc2)n1,0.3399,27.06,Inactive,Inactive
3025,CCc1ccc(-c2nn(Cc3ccccc3)cc2CN2CCN(CC(=O)N3CCOCC3)CC2)cc1,0.3399,27.06,Inactive,Inactive
3026,COc1cc(Cc2cc(Cc3cc(OC)c(O)c(OC)c3)c(N)nc2N)cc(OC)c1O,0.3399,27.06,Inactive,Inactive
3027,N[C@@H](C(=O)N[C@@H]1C(=O)N2C(C(=O)O)=C(Cc3cncc(C(=O)O)c3)CS[C@H]12)c1ccccc1,0.3399,27.06,Inactive,Active
3028,Cc1cn([C@H]2C[C@H](O)[C@]3(CO)C[C@H]23)c(=O)[nH]c1=O,0.3399,27.06,Inactive,Active
3029,CC(C)[C@H](NC(=O)OCc1ccccc1)C(=O)OCC(=O)N1CCCCC1,0.3399,27.06,Inactive,Inactive
3030,Nc1c(-c2ccccc2)sc2ccc3ccccc3[n+]12,0.3399,27.06,Inactive,Inactive
3031,Cc1cn(COCCN=[N+]=[N-])c(=O)[nH]c1=O,0.3399,27.06,Inactive,Inactive
3032,COCCNc1cc(-n2c3c(c4ccccc42)C(=O)CCC3)ccc1C(N)=O,0.3399,27.06,Inactive,Active
3033,CSc1scc2c1C(=O)/C(=C/N(C)C)CC2,0.3399,27.06,Inactive,Active
3034,C[C@H]1[C@@H](OCCCN2CCN(c3cc4c(cc3F)c(=O)c(C(=O)O)cn4-c3ccc(F)cc3)CC2)O[C@@H]2O[C@@]3(C)CC[C@H]4[C@H](C)CC[C@@H]1[C@@]24OO3,0.3399,27.06,Inactive,Active
3035,CCCCCCCC[P+](CCCCCCCC)(CCCCCCCC)CCCCCCOCc1ccc(N(c2ccccc2)c2ccccc2)cc1,0.3399,27.06,Inactive,Inactive
3036,C[C@@H](CCC(=O)NC[C@H]1O[C@@H](O[C@@H]2[C@@H](O)[C@H](N)C[C@H](N)[C@H]2O[C@H]2O[C@H](CN)[C@@H](O)[C@H](O)[C@H]2N)[C@H](O)[C@@H]1O[C@H]1O[C@@H](CN)[C@@H](O)[C@H](O)[C@H]1N)[C@@H]1CC[C@H]2[C@@H]3[C@@H](O)C[C@H]4C[C@@H](O)CC[C@@]4(C)[C@H]3C[C@@H](O)[C@]21C,0.3399,27.06,Inactive,Inactive
3037,O=C1CCNCC1Cc1cc(Br)ccc1Cl,0.3399,27.06,Inactive,Inactive
3038,CC(=O)N[C@H](C(=O)O[C@H](C)[C@H]1C(=O)N2C(C(=O)OCc3ccc([N+](=O)[O-])cc3)=CS[C@@H]12)C(C)C,0.3399,27.06,Inactive,Inactive
3039,Nc1cc(C(=O)c2ccccc2C(=O)O)ccc1Sc1ccc(Cl)c(Cl)c1,0.3399,27.06,Inactive,Inactive
3040,CCCCN(CCCC)c1nc2c(s1)c1c(O)c3c(O)c(C)c4c(c32)C(=O)C(C)(O/C=C/C(OC)C(C)C(OC(C)=O)C(C)C(O)C(C)C(O)C(C)/C=C/C=C(/C)C(=O)N1)O4,0.3399,27.06,Inactive,Inactive
3041,NS(=O)(=O)c1ccc(NC(c2cc(O)c3c(c2)C(=O)c2cccc(O)c2C3=O)P(=O)(Oc2ccccc2)Oc2ccccc2)cc1,0.3399,27.06,Inactive,Inactive
3042,COC(=O)CN/C=C1/C(=O)C=Cc2ccccc21,0.3399,27.06,Inactive,Inactive
3043,C/C=C/C=C/C(=O)N[C@@H](CC(=O)N[C@H](C(=O)[C@@H]1C(=O)N(C2CC2)C(=O)[C@H]1C)C(C)C)c1ccccc1,0.3399,27.06,Inactive,Inactive
3044,O=C(c1ccc2c(c1)OCCCO2)N1CCN(CCO)CC1,0.3399,27.06,Inactive,Inactive
3045,NS(=O)(=O)c1ccc(NC(=O)CN2CCCC2c2ccc3c(c2)OCCO3)cc1,0.3399,27.06,Inactive,Inactive
3046,CC(=O)C(C(C)=O)C(=O)c1cn(C2CC2)c2cc(N3CCN(/N=N/c4nc(C)cc(C)n4)CC3)c(F)cc2c1=O,0.3399,27.06,Inactive,Active
3047,Oc1ccc(/C=C\c2cc(O)cc(O)c2)cc1,0.3399,27.06,Inactive,Active
3048,O=C1C=CC(=C(c2ccc(O)cc2)c2ccc(O)cc2)C=C1,0.3399,27.06,Inactive,Inactive
3049,COc1cccc(/C=N/Nc2nc(Nc3ccccc3)nc(-n3nc(C)cc3C)n2)c1O,0.3399,27.06,Inactive,Inactive
3050,COc1ccc2nccc(-n3ncc4c3CCC(NCc3ccc5c(c3)OCCO5)C4)c2c1,0.3399,27.06,Inactive,Inactive
3051,Cc1cccc(Nc2nc(NCc3ccco3)c3ccccc3n2)c1,0.3399,27.06,Inactive,Active
3052,C[C@@H]1CN(Cc2nc(-c3cccs3)no2)C[C@H](C)O1,0.3399,27.06,Inactive,Inactive
3053,NCCC[C@H](N)CC(=O)NC[C@@H]1NC(=O)[C@H](CO)NC(=O)C(N)CNC(=O)[C@H](C2CCN=C(N)N2)NC(=O)/C(=C/Nc2nc(-c3ccc(Br)cc3)cs2)NC1=O,0.3399,27.06,Inactive,Inactive
3054,CN1C(=O)c2ccccc2Sc2ccc(NC(=O)c3ccc([N+](=O)[O-])o3)cc21,0.3399,27.06,Inactive,Inactive
3055,CC1C=NC(=O)NC1=O,0.3399,27.06,Inactive,Active
3056,CN(CC(=O)Nc1ccc(Cl)c(C(F)(F)F)c1)C(=O)CC1Sc2ccccc2NC1=O,0.3399,27.06,Inactive,Inactive
3057,Nc1ccn(C2OC(CO)C(O)C2O)c(=O)n1,0.3399,27.06,Inactive,Inactive
3058,CN1C(=O)C(c2c(O)[nH]c3ccccc23)=NC1=S,0.3399,27.06,Inactive,Inactive
3059,NC[C@H]1O[C@@H](O[C@H](CO)[C@H]2O[C@@H](n3ccc(=O)[nH]c3=O)[C@H](O)[C@@H]2O)[C@H](O)[C@@H]1O,0.3399,27.06,Inactive,Inactive
3060,c1ccc2c(CCNCc3ccc4c(c3)OCO4)c[nH]c2c1,0.3399,27.06,Inactive,Inactive
3061,CC1=NN(c2ccccc2)C(=O)/C1=C/c1c(O)[nH]c(=S)[nH]c1=O,0.3399,27.06,Inactive,Inactive
3062,NCCCCN1CC(=O)N(CCCCN)CC(=O)N(CCCCN)CC(=O)N(CCCCN)CC(=O)N(CCCCN)CC(=O)N(CCCCN)CC1=O,0.3399,27.06,Inactive,Inactive
3063,CN1C(=O)/C(=C\c2ccc(N(C)C)cc2)OC1=S,0.3399,27.06,Inactive,Inactive
3064,COc1cc(/C=N/NC(=O)c2ccccc2Cl)ccc1Oc1ccc([N+](=O)[O-])cn1,0.3399,27.06,Inactive,Inactive
3065,CCOc1cc(C2/C(=C(/O)c3ccc(OC(C)C)cc3)C(=O)C(=O)N2CCCOC)ccc1O,0.3399,27.06,Inactive,Inactive
3066,O=C(O)c1ccc(/C=N/OCCO/N=C/c2cc(=O)[nH]c(=O)[nH]2)cc1,0.3399,27.06,Inactive,Active
3067,CCOc1cc(/C=C2\C(=O)N(c3nc(-c4ccc(Br)cc4)cs3)N=C2c2ccccc2)ccc1O,0.3399,27.06,Inactive,Inactive
3068,NC[C@@H]1C[C@@H](O)[C@H](OC[C@H]2O[C@@H](n3ccc(=O)[nH]c3=O)[C@H](O)[C@@H]2O)O1,0.3399,27.06,Inactive,Inactive
3069,CCOc1cc(-c2ccc(N)c(OCC)c2)ccc1N,0.3399,27.06,Inactive,Active
3070,CCO[C@H]1OC(C(=O)O)=C[C@@H](c2ccccc2)[C@@H]1CCCO,0.3399,27.06,Inactive,Inactive
3071,Cc1cccc2c1O/C(=C\c1ncc([N+](=O)[O-])n1C)C2=O,0.3399,27.06,Inactive,Active
3072,O=C(O)c1ccccc1NS(=O)(=O)c1ccc(NNC(=S)Nc2ccc(OC(F)F)cc2)c([N+](=O)[O-])c1,0.3399,27.06,Inactive,Active
3073,NCCC[C@H](NC(=O)/C=C/c1ccc(O)cc1)C(=O)N[C@@H](CCCN)C(=O)N[C@@H](Cc1c[nH]c2ccccc12)C(=O)N[C@@H](Cc1c[nH]c2ccccc12)C(=O)O,0.3399,27.06,Inactive,Inactive
3074,O=C(/C=C/c1ccc(O)c(O)c1)O[C@H](Cc1ccc(O)c(O)c1)C(=O)O,0.3399,27.06,Inactive,Inactive
3075,c1cc2c(C(c3c[nH]c4cc(C5=NCCN5)ccc34)C3CCCCC3)c[nH]c2cc1C1=NCCN1,0.3399,27.06,Inactive,Inactive
3076,O=C(O)c1ccccc1-n1cccc1C(=O)O,0.3399,27.06,Inactive,Inactive
3077,O=C(/C=C/c1ccc(O)c(O)c1)OC(Cc1ccc(O)c(O)c1)C(=O)O,0.3399,27.06,Inactive,Active
3078,CN(C)S(=O)(=O)c1ccc2c(c1)C(CC(=O)O)NC2=O,0.3399,27.06,Inactive,Inactive
3079,CCCCCCCC/C=C\CCCCCCC[C@H](O)c1nnc(-c2ccccn2)o1,0.3399,27.06,Inactive,Active
3080,Oc1c(Cl)cc(-c2cc(Cl)c(O)c(Cl)c2)cc1Cl,0.3399,27.06,Inactive,Active
3081,COc1c(O)ccc2c1cc([N+](=O)[O-])c1c(C(=O)O)cc3c(c12)OCO3,0.3399,27.06,Inactive,Active
3082,NNC(=O)c1cn(C2CC2)c2cc(Cl)c(F)cc2c1=O,0.3399,27.06,Inactive,Inactive
3083,CN1CCN(c2cc(N3CCc4ccccc4C3)c(F)cc2[N+](=O)[O-])CC1,0.3399,27.06,Inactive,Inactive
3084,COc1cc(CNc2ccc(CNc3ncn[nH]3)cc2)ccc1OCc1ccccc1,0.3399,27.06,Inactive,Inactive
3085,CC1=C(C(=O)OC(c2ccccc2)c2ccccc2)N2C(=O)[C@@H](NC3=NC(c4ccc(O)c(O)c4)CN3)C2SC1,0.3399,27.06,Inactive,Active
3086,CCCCn1c(=O)[nH]c2nc3cc(NC(C)=O)ccc3nc2c1=O,0.3399,27.06,Inactive,Active
3087,O=C(O)c1cccc2c1C(=O)c1ccc(N3CCCC3)cc1S2(=O)=O,0.3399,27.06,Inactive,Active
3088,Cc1ccc2c(c1)O/C(=C\c1ncc([N+](=O)[O-])n1C)C2=O,0.3399,27.06,Inactive,Active
3089,COc1cc(-c2ccc(N)c(OC)c2)ccc1N,0.3399,27.06,Inactive,Inactive
3090,COc1cc(-c2ccc3nc(NC(C)=O)sc3c2)cnc1OC,0.3399,27.06,Inactive,Active
3091,O=C(O)c1cccc(-c2ccccc2)c1,0.3399,27.06,Inactive,Inactive
3092,O=C(/C(=C/c1nccs1)n1cnc2cc(Cl)ccc2c1=O)c1nccs1,0.3399,27.06,Inactive,Active
3093,CN(C)S(=O)(=O)c1ccc(CC2=C(C(=O)O)N3C(=O)[C@@H](NC(=O)[C@H](N)c4ccccc4)[C@H]3SC2)cc1,0.3399,27.06,Inactive,Inactive
3094,CN1CCCc2cc3c(C(F)(F)F)cc(=O)oc3nc21,0.3333,26.67,Inactive,Active
3095,O=C(NCCc1cn(Cc2ccccc2)c2ccccc12)c1cc(Br)c(Br)[nH]1,0.3249,26.16,Inactive,Inactive
3096,CC(NC(=O)/C(C#N)=C/c1ccc([N+](=O)[O-])o1)c1ccccc1,0.3249,26.16,Inactive,Inactive
3097,O=C(NCCO)[C@H](CCOC(c1ccccc1)(c1ccccc1)c1ccccc1)Cn1ccc(=O)[nH]c1=O,0.3249,26.16,Inactive,Active
3098,CCn1cc(C(=O)NCc2ccc3c(c2)OCO3)c(=O)c2cc(F)c(N3CCN(C(=O)c4ccco4)CC3)cc21,0.3249,26.16,Inactive,Inactive
3099,COc1ccc(/C(O)=C2/C(=O)C(=O)N(CCCN(C)C)C2c2ccccc2)cc1Cl,0.3249,26.16,Inactive,Inactive
3100,COc1ccc(CN2CCc3c(sc(NC(=O)c4cc(OCCN)ccc4Cl)c3C#N)C2)cc1,0.3249,26.16,Inactive,Inactive
3101,Oc1ccc2nnc3c(Br)cnn3c2c1,0.3249,26.16,Inactive,Active
3102,COC(=O)[C@@H]1CSCc2c(O)cc(O)c(C)c2C(=O)OCC(NC(=O)OC(C)(C)C)C(=O)N1,0.3249,26.16,Inactive,Inactive
3103,C=CCO[C@H]1O[C@H](CN)[C@@H](OCCCc2ccc3ccccc3c2)[C@H](OCCCc2ccc3ccccc3c2)[C@H]1N,0.3249,26.16,Inactive,Inactive
3104,CN1/C(=C\C=N\NC(=O)c2ccccc2Br)C(C)(C)c2ccccc21,0.3249,26.16,Inactive,Inactive
3105,CN1/C(=C\C(=O)c2cccnc2Cl)C(C)(C)c2ccccc21,0.3249,26.16,Inactive,Inactive
3106,Cc1cc(OCCCCCN2CCCC2)ccc1Cl,0.3249,26.16,Inactive,Active
3107,CCn1c(=O)c2c(O)cc(=O)oc2c2ccccc21,0.3249,26.16,Inactive,Inactive
3108,CCNC(=O)Nc1ccc(-c2nc3cccc(C(N)=O)c3s2)cn1,0.3249,26.16,Inactive,Inactive
3109,Fc1ccccc1CCNCc1ccccc1,0.3249,26.16,Inactive,Active
3110,CC(=O)Oc1ccc2nc(CN3C(=O)c4ccc([N+](=O)[O-])cc4C3=O)oc(=O)c2c1,0.3249,26.16,Inactive,Inactive
3111,CCNC(=O)Nc1ccc(-c2ccc(C(=O)O)cc2)cn1,0.3249,26.16,Inactive,Inactive
3112,C[C@@H](O)[C@H]1C(=O)N2C(C(=O)OCc3ccc([N+](=O)[O-])cc3)=CS[C@@H]12,0.3249,26.16,Inactive,Inactive
3113,O=C(Nc1ccc(C2=NCCN2)cc1)c1ccc(Cl)c(C(=O)Nc2ccc(C3=NCCN3)cc2)c1,0.3249,26.16,Inactive,Inactive
3114,COc1ccc(NCn2nc(-c3sc(NC(C)=O)nc3C)oc2=S)cc1,0.3249,26.16,Inactive,Inactive
3115,O=C(Nc1ccc(Cl)c([N+](=O)[O-])c1)ONC1=NCCCCC1,0.3249,26.16,Inactive,Inactive
3116,CC12CN3CC(C)(CN(C1)C3c1ccc(O)cc1O)C2=O,0.3249,26.16,Inactive,Inactive
3117,CCCCCCC1=Cc2ncnc(N)c2C(C)(CCCCCC)C1,0.3249,26.16,Inactive,Inactive
3118,Oc1c(C(c2ccccn2)N2CCOCC2)ccc2cccnc12,0.3249,26.16,Inactive,Active
3119,O=C(Nc1ccc(F)c(Cl)c1)C1CCCN(c2cnccn2)C1,0.3249,26.16,Inactive,Inactive
3120,CC1(C)CC2CC(C)(CN2S(=O)(=O)c2cccc(C(N)=O)c2)C1,0.3249,26.16,Inactive,Inactive
3121,Nc1ccc(C2(O)C(=O)c3ccccc3C2=O)c2ncccc12,0.3249,26.16,Inactive,Inactive
3122,O=C(c1cc(Br)c(O)cc1O)N1Cc2ccccc2C1,0.3249,26.16,Inactive,Active
3123,N#CC1=C(N)N(c2cccc(C(F)(F)F)c2)C2=C(C(=O)CCC2)C1c1cc2cc(Cl)ccc2nc1Oc1ccc(C#N)cc1,0.3249,26.16,Inactive,Inactive
3124,COC(=O)C(C)(O)[C@](O)(C[C@H](C)CC/C=C(/C)CC/C=C(/C)CCCC1=CCN(CC(=O)O)C1=O)C(=O)OC,0.3249,26.16,Inactive,Inactive
3125,O=c1oc2ccccc2c(O)c1[C@H]1c2ccc(O)cc2Oc2c1c(=O)oc1ccccc21,0.3249,26.16,Inactive,Active
3126,N#CC1=C(N)N(c2cc(F)ccc2F)C2=C(C(=O)CCC2)C1c1cc2ccccc2nc1Oc1ccc(C#N)cc1,0.3249,26.16,Inactive,Inactive
3127,N#Cc1ccc(CN2CCc3c(sc(NC(=O)c4cc(OCCNC(=O)C(F)(F)F)ccc4Cl)c3C#N)C2)cc1,0.3249,26.16,Inactive,Inactive
3128,CCN(CC(O)COc1ccc(OCC(O)CN(CC)C2CCCCC2)cc1)C1CCCCC1,0.3249,26.16,Inactive,Active
3129,O=[N+]([O-])c1ccc(-c2ccccc2)c([As](=O)(O)O)c1,0.3249,26.16,Inactive,Inactive
3130,Nc1ccccc1-c1ccccc1N,0.3249,26.16,Inactive,Inactive
3131,C=CC1=C(C)C2CC3C(C=C)=C(C)C(CC4N=C(CC5N/C(=C\C1N2)C(C)=C5CCC(O)O)C(CCC(O)O)=C4C)N3C,0.3249,26.16,Inactive,Active
3132,CCOC(=O)/C=C/[C@H](C[C@@H]1CCNC1=O)NC(=O)[C@H](CC=C(C)C)CC(=O)[C@@H](NC(=O)c1cc(C)on1)C(C)C,0.3249,26.16,Inactive,Active
3133,N=C(N)N/N=C/c1ccc(-c2ccc(/C=N/NC(=N)N)cc2)cc1,0.3249,26.16,Inactive,Inactive
3134,Nc1ccccc1N=Nc1ccccc1N,0.3249,26.16,Inactive,Active
3135,NS(=O)(=O)c1cc2c(cc1Cl)NC(CC1CCCC1)NS2(=O)=O,0.3249,26.16,Inactive,Inactive
3136,CC[C@H](C)[C@@H]1NC(=O)[C@H]([C@@H](C)O)NC(=O)[C@H](Cc2ccc(OC)cc2)NC(=O)[C@H](C)N(C)C1=O,0.3249,26.16,Inactive,Inactive
3137,NC(=O)c1ccsc1N,0.3249,26.16,Inactive,Active
3138,S=c1[nH]c(=S)c2c3c(sc2[nH]1)CCCC3,0.3249,26.16,Inactive,Inactive
3139,CC(=O)Nc1sccc1C(=O)O,0.3249,26.16,Inactive,Active
3140,Cc1ccc2nc(Oc3ccc(C#N)cc3)c(C3C(C#N)=C(N)N(c4ccc(F)c(F)c4)C4=C3C(=O)CCC4)cc2c1,0.3249,26.16,Inactive,Inactive
3141,Cc1nc(NC(=O)c2cc(-c3ccc(Cl)cc3)n(-c3ccc(F)cc3)n2)sc1C(=O)O,0.3249,26.16,Inactive,Inactive
3142,Cc1sc2ncnc(N/N=C/c3ccccc3O)c2c1C,0.3249,26.16,Inactive,Active
3143,O=C(NC1CCCC1)c1ncoc1-c1ccc(O)c(O)c1,0.3249,26.16,Inactive,Inactive
3144,c1ccc(-c2ccncc2)cc1,0.3249,26.16,Inactive,Inactive
3145,CC[C@H]1OC(=O)[C@H](C)[C@@H](O)[C@H](C)[C@@H](O)[C@](C)(O)C[C@@H](C)[C@@H]2OC(C)(C)O[C@H]([C@H]2C)C1(C)C,0.3249,26.16,Inactive,Inactive
3146,COCCCCn1cnc2cc(NCc3ccc(Cl)c(Cl)c3)[nH]c(=O)c21,0.3249,26.16,Inactive,Inactive
3147,Cc1nc2c([N+](=O)[O-])scc2c(=O)[nH]1,0.3249,26.16,Inactive,Inactive
3148,Cc1[nH]c2ccccc2c1C1=CC(=O)C=CC1=O,0.3249,26.16,Inactive,Inactive
3149,CCOc1ccccc1-c1cc(C(=O)N/N=C/c2ccc(O)c(OC)c2)c2ccccc2n1,0.3249,26.16,Inactive,Inactive
3150,Cc1nn(-c2ccccc2)c(Cl)c1/C=N/Nc1ccc(S(=O)(=O)Nc2ccccc2C(=O)O)cc1[N+](=O)[O-],0.3249,26.16,Inactive,Inactive
3151,COc1cccc(-c2ccc3ncnc(NCc4ccc5c(c4)OCO5)c3c2)c1,0.3249,26.16,Inactive,Inactive
3152,CCOC(=O)c1cn(CC(=O)N2CCN(C(=O)OC(C)(C)C)CC2)c2cc(C(C#N)C(=O)OCC)c(F)cc2c1=O,0.3249,26.16,Inactive,Inactive
3153,Cc1c2cc[n+](C)cc2c(C)c2c1[nH]c1ccc(O)c(N=CC(=O)O)c12,0.3249,26.16,Inactive,Active
3154,NC[C@H]1O[C@H](O[C@H]2[C@H](O)[C@@H](OCc3ccc4ccccc4c3)[C@H](N)C[C@@H]2N)[C@H](N)[C@@H](O)[C@@H]1OCc1ccc2ccccc2c1,0.3249,26.16,Inactive,Inactive
3155,COc1cc(/C=C/c2ccc(F)cc2F)c(C(=O)O)c(O)c1CC=C(C)C,0.3249,26.16,Inactive,Inactive
3156,C#CCO[C@@H]1[C@@H](C)[C@H](OC(=O)NCCCCCNC(=N)NC(=O)NC)[C@@H](C)C(=O)O[C@H](CC)C(C)(C)[C@@H]2OC(C)(C)O[C@H]([C@@H]2C)[C@H](C)C[C@@]1(C)O,0.3249,26.16,Inactive,Active
3157,O=C(Nc1ncc2c(n1)-c1ccccc1CC2)C1CC1,0.3249,26.16,Inactive,Inactive
3158,CC(C)C[C@H](NC(=O)[C@H](Cc1ccc(OCC(=O)O)c(C(=O)O)c1)NC(=O)[C@H](CCC(=O)OCc1ccccc1)NC(=O)OCC1c2ccccc2-c2ccccc21)C(N)=O,0.3249,26.16,Inactive,Active
3159,O=P1(O)C=C(c2ccccc2)OC(c2ccccc2)=C1,0.3249,26.16,Inactive,Inactive
3160,Cc1c(NC(=O)/C(C#N)=C/c2ccc(-c3cc(Cl)ccc3Cl)o2)c(=O)n(-c2ccccc2)n1C,0.3249,26.16,Inactive,Inactive
3161,COc1ccccc1Nc1nc(NCc2ccco2)c2ccccc2n1,0.3249,26.16,Inactive,Active
3162,C[C@]12CC[C@@H]3c4ccc(O)cc4CC[C@H]3[C@@H]1CCC2=O,0.3249,26.16,Inactive,Inactive
3163,Cc1oc(CC(C)C)c(CN2CCCC2)c1C(=O)O,0.3249,26.16,Inactive,Inactive
3164,NCCCC(N)C(=O)NC(CCCN)C(=O)NC(Cc1ccccc1)C(=O)Nc1cccc(C(=O)NC(Cc2ccccc2)C(=O)NC(CCCN)C(N)=O)c1,0.3249,26.16,Inactive,Inactive
3165,N[C@@H](C(=O)N[C@@H]1C(=O)N2C(C(=O)O)=C(Cc3ccccc3C(F)(F)F)CS[C@H]12)c1ccccc1,0.3249,26.16,Inactive,Inactive
3166,N[C@@H](C(=O)N[C@@H]1C(=O)N2C(C(=O)O)=C(Cc3ccc(C(=O)O)cc3)CS[C@H]12)c1ccccc1,0.3249,26.16,Inactive,Active
3167,Cc1ccc(NC(=O)Nc2cc(-c3ccccc3)nn2C)cc1Cl,0.3249,26.16,Inactive,Inactive
3168,Cc1sc2nc(CSc3ccccc3)nc(NCCN(C)C)c2c1C,0.3249,26.16,Inactive,Inactive
3169,NCCCCN(CC(=O)O)C(=O)CN(CCCCN)C(=O)CN(Cc1ccccc1)C(=O)CN(CCCCN)C(=O)CN(CCCCN)C(=O)CNCc1ccccc1,0.3249,26.16,Inactive,Inactive
3170,CCCC[P+](CCCC)(CCCC)Cc1nc(C)c2c(c1C[P+](CCCC)(CCCC)CCCC)COC(C)(C)O2,0.3249,26.16,Inactive,Inactive
3171,CC(=O)Nc1ccc2nc3c(=O)n(C)c(=O)n(C)c3nc2c1,0.3249,26.16,Inactive,Active
3172,CC(C)c1ccc(N=Nc2ccc(O)cc2)cc1,0.3249,26.16,Inactive,Active
3173,NC(=O)COC(=O)c1sc2ccccc2c1Cl,0.3249,26.16,Inactive,Inactive
3174,O=c1[nH]c2cc(S(=O)(=O)CCO)ccc2o1,0.3249,26.16,Inactive,Inactive
3175,Oc1cc(O)cc(C=Cc2ccc(O)c(O)c2)c1,0.2936,24.19,Inactive,Inactive
3176,Cn1cnc([N+](=O)[O-])c1S(=O)(=O)c1nnc(-c2ccc([N+](=O)[O-])o2)s1,0.2936,24.19,Inactive,Active
3177,Cc1cc2cc(CNC(=O)C(C)Oc3ccccc3)ccc2n1C,0.2936,24.19,Inactive,Inactive
3178,O=c1[nH]c(=O)n(CC2CCCO2)c(O)c1/C=C1\C=Nc2ccccc21,0.2936,24.19,Inactive,Inactive
3179,c1ccc2c(-c3csc(-c4ccc(-c5ccno5)s4)n3)csc2c1,0.2936,24.19,Inactive,Inactive
3180,Cc1nn(-c2ccccc2)c(O)c1/C=N/N1C(=O)c2ccc3c4c(ccc(c24)C1=O)CC3,0.2936,24.19,Inactive,Inactive
3181,Cc1cc(N=Nc2ccc(S(=O)(=O)Nc3ccccn3)cc2)cc(C)c1O,0.2936,24.19,Inactive,Active
3182,Cc1ccc([S+]([O-])/C=C/C2=C(C(=O)O)N3C(=O)[C@@H](NC(=O)Cc4cccs4)[C@H]3SC2)cc1,0.2936,24.19,Inactive,Active
3183,C[C@@H]1CCC2=C(CCCC2(C)C)[C@@]1(C)CC[C@H](CCCc1ccoc1)COS(=O)(=O)O,0.2936,24.19,Inactive,Inactive
3184,[N-]=[N+]=NCc1nc2ccccc2n1CCC(=O)N/N=C/c1c(O)ccc2ccccc12,0.2936,24.19,Inactive,Inactive
3185,Cc1ccc(Oc2ccccc2-c2csc(N=C3NCCCN3)n2)c(C)c1,0.2936,24.19,Inactive,Inactive
3186,Oc1cc(O)cc(/C=C/c2ccc(O)c(O)c2)c1,0.2936,24.19,Inactive,Active
3187,CC(=O)Oc1ccc(C(=O)Nc2ccc3c(c2)C(=O)N(CCC(=O)O)C3=O)cc1,0.2936,24.19,Inactive,Inactive
3188,C[C@@H](O)c1cc2c(o1)C(=O)c1cccc(O)c1C2=O,0.2936,24.19,Inactive,Inactive
3189,C[C@@H](O)c1cc2c(o1)C(=O)c1c(O)cccc1C2=O,0.2936,24.19,Inactive,Inactive
3190,CC(=O)OCC1=C(C(=O)O)N2C(=O)[C@@H](NC(=O)CS(=O)(=O)c3ccccc3)[C@H]2SC1,0.2936,24.19,Inactive,Inactive
3191,Oc1cc(O)cc(/C=C/c2ccc(O)cc2O)c1,0.2936,24.19,Inactive,Inactive
3192,C[C@H](O)c1cc2c(o1)C(=O)c1cccc(O)c1C2=O,0.2936,24.19,Inactive,Inactive
3193,C[C@H]1C(=O)O[C@@H]2CCN3CC=C(COC(=O)[C@](C)(O)[C@]1(C)O)[C@H]23,0.2936,24.19,Inactive,Inactive
3194,COc1ccc2nc(Oc3ccc(C#N)cc3)c(C3C(C#N)=C(N)N(c4ccc(F)c(F)c4)C4=C3C(=O)CCC4)cc2c1,0.2936,24.19,Inactive,Inactive
3195,C=CCOC(=O)C1=C[C@@H](c2ccc(Br)cc2)C[C@@H](OCc2ccc(CO)cc2)O1,0.2936,24.19,Inactive,Inactive
3196,Cc1oc(/C=N/NC(=O)CN(c2ccccc2Cl)S(C)(=O)=O)cc1Br,0.2936,24.19,Inactive,Inactive
3197,F[B-](F)(F)c1cc2cc(Br)ccc2s1,0.2936,24.19,Inactive,Active
3198,C[C@H](CCC(=O)NCCCNCCCCNCCCN)[C@H]1CC[C@H]2[C@@H]3CC=C4C[C@@H](O)CC[C@]4(C)[C@H]3CC[C@]12C,0.2936,24.19,Inactive,Inactive
3199,C=CCSCC1Nc2cc(Cl)c(S(N)(=O)=O)cc2S(=O)(=O)N1,0.2936,24.19,Inactive,Inactive
3200,c1ccc2c(c1)ccc1ccccc12,0.2936,24.19,Inactive,Inactive
3201,O=c1[nH]c2cc(Cl)ccc2o1,0.2936,24.19,Inactive,Inactive
3202,COc1ccc2cc(C(C)C(=O)Nc3ccc(S(=O)(=O)Nc4cc(C)on4)cc3)ccc2c1,0.2936,24.19,Inactive,Active
3203,Cc1ccc(Nc2nc(NCc3ccco3)c3ccccc3n2)cc1,0.2936,24.19,Inactive,Active
3204,c1ccc2c(c1)[IH]c1ccccc1-2,0.2936,24.19,Inactive,Active
3205,Cc1cc(OCCN2CCOCC2)c2cc3c(OCCN4CCOCC4)cc(C)nc3c(C)c2n1,0.2936,24.19,Inactive,Active
3206,COc1ccc2c(c1O)Cc1ccccc1C2=O,0.2936,24.19,Inactive,Active
3207,COc1ccc2nc(Oc3ccc(C#N)cc3)c(C3C(C#N)=C(N)N(c4cc(F)ccc4F)C4=C3C(=O)CCC4)cc2c1,0.2936,24.19,Inactive,Inactive
3208,Cc1ccccc1-n1cc(COc2ccc([N+](=O)[O-])cc2/C=N/NC(=O)c2ccncc2)nn1,0.2936,24.19,Inactive,Inactive
3209,Cc1cccc2c1CCc1nc(N)nc(O)c1-2,0.2936,24.19,Inactive,Inactive
3210,C=C1CC[C@@H](O[C@H]2C[C@@](O)([C@H](C)NC(=O)c3[nH]cc(Cl)c3Cl)[C@H](O)[C@@H](C)O2)[C@@H]2CC[C@H](C)[C@H](/C(O)=C3\C(=O)[C@H](C(C)C)N([C@@H]4O[C@@H](C)[C@@H](OC(N)=O)[C@@H](OC(C)=O)[C@H]4OC)C3=O)[C@@H]12,0.2936,24.19,Inactive,Active
3211,Cc1noc(NS(=O)(=O)c2ccc(N)cc2)c1C,0.2936,24.19,Inactive,Inactive
3212,C=CC1CN2CCC1CC2C(O)c1ccnc2ccc(OC)cc12,0.2936,24.19,Inactive,Inactive
3213,Cc1c2c[n+](C)ccc2c(C)c2c1c1cc(Br)ccc1n2C,0.2936,24.19,Inactive,Active
3214,Cc1c(N2CCCC2)cc2c(c1NC(=O)c1ccccc1Cl)C(C)(C)CC2(C)C,0.2936,24.19,Inactive,Inactive
3215,C=CC(C)(C)c1[nH]c2ccccc2c1/C=C1\NC(=O)[C@H](CO)NC1=O,0.2936,24.19,Inactive,Inactive
3216,COc1ccc(N/N=C(\C#N)C(=O)Nc2ccc(S(=O)(=O)Nc3onc(C)c3C)cc2)cc1,0.2936,24.19,Inactive,Active
3217,COc1ccc(N/N=C(\C#N)C(=O)Nc2ccccc2C(=O)O)cc1Cl,0.2936,24.19,Inactive,Active
3218,C[C@H](O)c1cc2c(o1)C(=O)c1c(O)cccc1C2=O,0.2936,24.19,Inactive,Inactive
3219,O=[N+]([O-])c1cn(CCN(CCBr)Cc2ccc(Cl)c(Cl)c2)cn1,0.2936,24.19,Inactive,Inactive
3220,C/C(=C\c1ncc(-c2ccc([N+](=O)[O-])s2)o1)C[C@@H]1OC[C@H](C[C@@H]2O[C@H]2[C@@H](C)[C@H](C)O)[C@@H](O)[C@H]1O,0.2936,24.19,Inactive,Inactive
3221,O=c1[nH]c2ccc(F)cc2c(O)c1-c1ccccc1,0.2936,24.19,Inactive,Inactive
3222,Cc1cc(NS(=O)(=O)c2ccc(N/N=C/c3c(O)ccc4ccc(=O)oc34)cc2)no1,0.2936,24.19,Inactive,Inactive
3223,CC(=O)OC/C=C/C1=C(C(=O)O)N2C(=O)[C@@H](NC(=O)Cc3cccs3)[C@H]2SC1,0.2936,24.19,Inactive,Inactive
3224,C=C1CC[C@@]2(C[C@@H](O)C(=O)OC)C[C@@H]1[C@](C)([C@H](O)CC=C(C)C)O2,0.2936,24.19,Inactive,Inactive
3225,c1coc(-c2nc(-c3ccco3)c(-c3ccco3)nc2-c2ccco2)c1,0.2936,24.19,Inactive,Active
3226,Cn1c(-c2ccc3c(c2)OCO3)cc(=O)c2ccccc21,0.2936,24.19,Inactive,Inactive
3227,Oc1ccc(-c2cn(Cc3ccccc3)nn2)cc1O,0.2936,24.19,Inactive,Inactive
3228,Brc1ccc(-c2ccccc2)cc1,0.2936,24.19,Inactive,Inactive
3229,Cc1cn(COCCO)c(=O)[nH]c1=O,0.2936,24.19,Inactive,Inactive
3230,Cc1ccc(/C(O)=C2\C(=O)C(=O)N(CC(C)O)C2c2cccc(F)c2)cc1,0.2936,24.19,Inactive,Inactive
3231,COc1ccc(O)c(/C=c2/sc3nc4cc(C)c(C)cc4n3c2=O)c1,0.2936,24.19,Inactive,Inactive
3232,Cn1c(O)c(C=NCCCCCCCCCCC(=O)O)c(=O)n(C)c1=O,0.2936,24.19,Inactive,Inactive
3233,Cc1ccc2nc(Oc3ccc(C#N)cc3)c(C3C(C#N)=C(N)N(c4cc(F)ccc4F)C4=C3C(=O)CCC4)cc2c1,0.2936,24.19,Inactive,Inactive
3234,C[n+]1c2n(c3ccccc31)N=C(c1ccc(-c3ccccc3)cc1)CS2,0.2936,24.19,Inactive,Active
3235,Cc1cc(C)n(-c2nc(NCC3CCCO3)c3c4c(sc3n2)COC(C)(C)C4)n1,0.2936,24.19,Inactive,Inactive
3236,Cc1cccc(NC2=Nc3ccccc3N3C2=Nc2c(c(C)nn2-c2ccccc2)C3c2ccc(O)c(O)c2)c1,0.2936,24.19,Inactive,Active
3237,Cc1cc(C(=O)N(C)CC2CCCN(CCc3ccc(F)cc3)C2)c(C)o1,0.2936,24.19,Inactive,Inactive
3238,O=c1[nH]nc2cc(O)c3ccccc3n12,0.2936,24.19,Inactive,Inactive
3239,Cc1ccc(-n2c(-c3ccc(Cl)cc3)c[n+]3c2CCC3)cc1,0.2936,24.19,Inactive,Inactive
3240,Cc1cc(C(=O)CN2CCN(c3cccc(Cl)c3)CC2)c(C)n1-c1ccc(S(N)(=O)=O)cc1,0.2936,24.19,Inactive,Inactive
3241,Cc1ccc(C)n1-c1ccc(C(=O)O)cc1O,0.2936,24.19,Inactive,Active
3242,CC(=O)N[C@@H](CCCNC(=O)C[C@@H](N)CCCNC(=O)C[C@@H](N)CCCN)CC(=O)N[C@@H]1[C@H](O)[C@@H](OC(N)=O)[C@@H](CO)O[C@H]1NC1=N[C@@H]2C(=O)NC[C@@H](O)[C@H]2N1,0.2936,24.19,Inactive,Inactive
3243,CC(=O)Nc1ccc(S(=O)(=O)Nc2ccc3[nH]c(=O)[nH]c3c2)cc1,0.2936,24.19,Inactive,Inactive
3244,CSc1nnc(-c2sc3cc(Cl)ccc3c2Cl)n1C,0.2936,24.19,Inactive,Inactive
3245,Cc1cc(C(=O)N/N=C/c2cc(Br)cc(Br)c2OC(=O)c2ccccc2)n[nH]1,0.2936,24.19,Inactive,Inactive
3246,C/[N+]([O-])=C1\Cc2ccccc2C1=O,0.2936,24.19,Inactive,Inactive
3247,C/C=C1\NC(=O)[C@@H](C)NC(=O)CNC(=O)[C@](C)(C(C)=O)NC(=O)[C@H](Cc2c[nH]c3cccc(OC)c23)NC(=O)c2csc(n2)[C@@H](C)NC(=O)CNC1=O,0.2936,24.19,Inactive,Inactive
3248,Cc1cc(C)c2c(c1)-c1cc(C)nn1C(c1cccs1)N2,0.2936,24.19,Inactive,Inactive
3249,C[C@]12CC[C@@H]3c4ccc(O)cc4CC[C@H]3[C@@H]1C[C@H](CCCCCCCCC(=O)OC[C@H]1O[C@@H](n3cnc4c(N)ncnc43)[C@H](O)[C@@H]1O)[C@@H]2O,0.2936,24.19,Inactive,Active
3250,O=c1cc(Cc2ccccc2)[nH]c(=S)[nH]1,0.2936,24.19,Inactive,Inactive
3251,C[S+]([O-])/C=C/C1=C(C(=O)O)N2C(=O)[C@@H](NC(=O)Cc3cccs3)[C@H]2SC1,0.2936,24.19,Inactive,Active
3252,Cc1ccc2nc(SCC(=O)Nc3ccc(C(N)=O)cc3)[nH]c2c1,0.2936,24.19,Inactive,Inactive
3253,Cc1cc(C)cc(-c2ccc(OCCN(C)C)c(/C=C/C(=O)c3cccc(OCCN(C)C)c3)c2)c1,0.2936,24.19,Inactive,Inactive
3254,Cc1cnc(NC(=O)C2=C(O)c3ccccc3S(=O)(=O)N2C)s1,0.2936,24.19,Inactive,Inactive
3255,COc1ccc(OC)c(-c2nnc3cc(C)nc(C)n23)c1,0.2936,24.19,Inactive,Inactive
3256,Cn1c(=O)n(C)c2cc(/C=N/NC(=O)c3ccc(Cl)cc3)ccc21,0.2936,24.19,Inactive,Inactive
3257,O=c1nc(NCC(O)CN2CCN(c3nc(F)cc4ccc(F)cc34)CC2)c2cc(F)ccc2o1,0.2936,24.19,Inactive,Active
3258,O=c1c(/C=N/c2ncn[nH]2)coc2cc(Br)ccc12,0.2936,24.19,Inactive,Active
3259,Cc1ccc(C(=O)NNC(=S)Nc2cccc(Cl)c2Cl)cc1[N+](=O)[O-],0.2936,24.19,Inactive,Inactive
3260,Brc1cccc2c3c(ccc12)OCc1[se]nnc1-3,0.2936,24.19,Inactive,Inactive
3261,C[n+]1c2ccccc2c(Nc2ccc(OC(F)(F)F)cc2)c2oc3ccccc3c21,0.2936,24.19,Inactive,Inactive
3262,COc1ccccc1COCCCOc1ccc(N2C(=O)CNC[C@@H]2COc2ccc3c(c2)N(CCCO)CCC3)cc1,0.2936,24.19,Inactive,Active
3263,Cn1c([N+](=O)[O-])cnc1/C=C1\Oc2ccc(Br)cc2C1=O,0.2936,24.19,Inactive,Active
3264,Cn1c([N+](=O)[O-])cnc1/C=C1\Oc2ccc(Cl)cc2C1=O,0.2936,24.19,Inactive,Active
3265,Cn1cc(NC(=O)c2cc(NC(=O)CNC(=N)N)cn2C)cc1C(=O)NCCC(=N)N,0.2936,24.19,Inactive,Inactive
3266,Brc1ccc(OCCn2ccnc2)cc1,0.2936,24.19,Inactive,Inactive
3267,S=P(N1CC1)(N1CC1)N1CC1,0.2936,24.19,Inactive,Inactive
3268,Cc1cc(/C=C(/C#N)c2nc3ccccc3[nH]2)c(C)n1-c1ccccc1C(=O)O,0.2936,24.19,Inactive,Inactive
3269,COc1ccc([C@H]2CC(=O)C=C(C#CC(C)(C)C)C2)cc1,0.2936,24.19,Inactive,Inactive
3270,Cc1cc(/C=C(/C#N)c2nc3ccccc3[nH]2)c(C)n1-c1cc(C(=O)O)cc(C(=O)O)c1,0.2936,24.19,Inactive,Active
3271,S=c1[nH]c(=S)c2c3c(sc2[nH]1)CCCCC3,0.2936,24.19,Inactive,Inactive
3272,O=c1[nH]c(=O)n(Cc2cccc(Oc3ccccc3)c2)cc1Nc1ccccc1,0.2936,24.19,Inactive,Inactive
3273,COc1cccc(Nc2nc(N)c([N+](=O)[O-])c(NCc3ccccc3)n2)c1,0.2936,24.19,Inactive,Inactive
3274,COc1ccc2[nH]c(Sc3ccc4c(c3)C(c3cccs3)C(C#N)=C(N)O4)nc2c1,0.2936,24.19,Inactive,Inactive
3275,Cc1ccccc1N1CCN/C1=N\N,0.2936,24.19,Inactive,Inactive
3276,Clc1ccc(CN2CCc3c([nH]c4ccccc34)C2)cc1Cl,0.2936,24.19,Inactive,Active
3277,Cc1cc[n+](-c2[nH]c(=O)sc2/C=N/N=C(\[O-])c2ccccc2)cc1C,0.2936,24.19,Inactive,Active
3278,Cc1cc(-c2nn(C)c(C)c2/[N+]([O-])=N/C#N)no1,0.2936,24.19,Inactive,Inactive
3279,Cc1ncc([N+](=O)[O-])n1CCN(CCBr)Cc1ccc(F)cc1F,0.2936,24.19,Inactive,Inactive
3280,CC(=O)NC1=CC(=O)C(N(C)C(=O)C[C@@H](N)CCCNC(=N)N)CN1,0.2936,24.19,Inactive,Inactive
3281,Cn1cc(-n2cc(C(=O)O)c(=O)c3cc(F)c(Cl)cc32)c([N+](=O)[O-])c1,0.2936,24.19,Inactive,Inactive
3282,CC(=O)N[C@@H](CCCN)CC(=O)N[C@@H]1[C@H](O)[C@@H](O)[C@@H](COC(N)=O)O[C@H]1/N=C1\N[C@@H]2[C@H](O)CNC(=O)[C@H]2N1,0.2936,24.19,Inactive,Inactive
3283,O=c1[nH]c(CSc2nnc(NCCCN3CCOCC3)s2)nc2cc(Cl)ccc12,0.2936,24.19,Inactive,Inactive
3284,CC(=O)N[C@@H](CCCN)CC(=O)N[C@@H]1[C@H](O)[C@@H](O)[C@@H](COC(N)=O)O[C@H]1/N=C1\N[C@@H]2[C@H](O)CNC(=O)[C@@H]2N1,0.2936,24.19,Inactive,Inactive
3285,O=c1[nH]c2c(c(=O)n1C1CCCCC1)CCC2,0.2936,24.19,Inactive,Inactive
3286,O=c1[nH]c(NCc2ccc(Cl)c(Cl)c2)cc2ncn(CCCCN3CCOCC3)c12,0.2936,24.19,Inactive,Inactive
3287,Cc1cc(C)nc(SCC(=O)c2ccc(Cl)c(S(N)(=O)=O)c2)n1,0.2936,24.19,Inactive,Active
3288,COc1ccccc1CN[C@H]1C2CCN(CC2)[C@H]1C(c1ccccc1)c1ccccc1,0.2936,24.19,Inactive,Inactive
3289,Cc1cc(C)nc(SCC(=O)c2ccc(S(N)(=O)=O)cc2)n1,0.2936,24.19,Inactive,Active
3290,CC(=O)N[C@@H](CCCN)CC(=O)N[C@@H]1[C@H](O)[C@@H](O)[C@@H](COC(N)=O)O[C@@H]1/N=C1\N[C@@H]2[C@H](O)CNC(=O)[C@H]2N1,0.2936,24.19,Inactive,Inactive
3291,Cc1[nH][nH]c(=O)c1C(c1ccc(-c2cccc(C(=O)O)c2)o1)c1c(C)[nH][nH]c1=O,0.2936,24.19,Inactive,Active
3292,Cc1nc2n(c(=O)c1CCN1CCC(c3noc4cc(F)ccc34)CC1)CCCC2,0.2936,24.19,Inactive,Inactive
3293,COc1cccc2c1CCc1nc(N)nc(O)c1-2,0.2936,24.19,Inactive,Inactive
3294,COc1cccc2c1C(=O)c1ccncc1C2=O,0.2936,24.19,Inactive,Inactive
3295,C[n+]1ccccc1NC(C(=O)NC1C(=O)N2C1SC(C)(C)[C@@H]2C(=O)[O-])c1ccccc1,0.2936,24.19,Inactive,Inactive
3296,CC(=O)NC[C@H]1O[C@@H](OC[C@H]2O[C@@H](n3ccc(=O)[nH]c3=O)[C@H](O)[C@@H]2O)[C@H](O)[C@@H]1O,0.2936,24.19,Inactive,Inactive
3297,O=c1oc2ccccc2cc1-c1csc(N2N=C(c3ccc(Cl)cc3)C[C@@]2(O)C(F)(F)F)n1,0.2936,24.19,Inactive,Active
3298,Cc1cccc(N=Nc2ccc(N(C)C)cc2)c1,0.2936,24.19,Inactive,Inactive
3299,CCN(Cc1ccncc1)Cc1cn[nH]c1-c1cc(OC)c(OC)c(OC)c1,0.2936,24.19,Inactive,Inactive
3300,c1nc(N2CCCCC2)c2[nH]cnc2n1,0.2936,24.19,Inactive,Inactive
3301,COCCN1C(=O)/C(=C\N2CCN(c3ccc(OC)cc3)CC2)C(=O)NC1=S,0.2936,24.19,Inactive,Inactive
3302,O=C1/C(=C/c2ccc(F)c(F)c2)CSc2sccc21,0.2936,24.19,Inactive,Inactive
3303,O=C1C(=O)N(c2ccccc2)c2ccccc21,0.2936,24.19,Inactive,Inactive
3304,CC(NCc1ccc(Cl)cc1)C(O)c1ccccc1,0.2936,24.19,Inactive,Active
3305,N[C@H]1[C@@H](O[C@H]2[C@H](O)[C@@H](OCc3ccc4ccccc4c3)[C@H](N)C[C@@H]2N)O[C@H](CO)[C@@H](O)[C@@H]1OCc1ccc2ccccc2c1,0.2936,24.19,Inactive,Inactive
3306,CCOC(=O)C1=C(C)NC(C)=C(C(=O)OC)C1c1cccc(Cl)c1Cl,0.2936,24.19,Inactive,Inactive
3307,CC(Cc1ccccc1)Nc1ncnc2c1ncn2C1OC(CO)C(O)C1O,0.2936,24.19,Inactive,Inactive
3308,O=C(NCC(O)COc1ccc([N+](=O)[O-])cc1)Nc1ccccc1,0.2936,24.19,Inactive,Inactive
3309,CC(CC(C)C(=O)N1CCOCCN(C(=O)C(C)CC(C)C(=O)O)CCOCC1)C(=O)O,0.2936,24.19,Inactive,Inactive
3310,O=C(NCC12CC3CC(CC(C3)C1)C2)c1cc(-c2ccccc2O)no1,0.2936,24.19,Inactive,Inactive
3311,O=C1C=C(c2ccc3ncccc3c2)C[C@@H](c2ccc(Cl)cc2)C1,0.2936,24.19,Inactive,Inactive
3312,CC(C)c1csc(-c2n[nH]c(=S)n2NC(=O)c2ccccc2)n1,0.2936,24.19,Inactive,Inactive
3313,O=C1C=CC(=O)N1,0.2936,24.19,Inactive,Inactive
3314,CC(C)c1cccc(-c2ccc(C(=O)Nc3ccccc3C(=O)O)cc2Oc2ccccc2)c1,0.2936,24.19,Inactive,Active
3315,O=C(NCCCNCc1cc(Br)cc(Br)c1)Nc1ccc(C(F)(F)F)cc1,0.2936,24.19,Inactive,Inactive
3316,COC(=O)n1c(=O)oc2cc(Cl)ccc21,0.2936,24.19,Inactive,Inactive
3317,CC(C)[C@H](NC(=O)[C@H](CCCCN)NC(=O)[C@H](CCCCN)NC(=O)[C@H](CCCCN)NC(=O)[C@H](CCCCN)NC(=O)[C@H](CCCCN)NC(=O)[C@@H](NC(=O)[C@@H](NC(=O)[C@@H](N)Cc1ccccc1)C(C)C)C(C)C)C(=O)N[C@@H](Cc1ccccc1)C(N)=O,0.2936,24.19,Inactive,Inactive
3318,COCC1CCN(C(=O)CC2C(=O)NCCN2Cc2cccc(Oc3ccccc3)c2)CC1,0.2936,24.19,Inactive,Inactive
3319,O=C(c1ccco1)N(CCCn1ccnc1)c1nc2c(Cl)cccc2s1,0.2936,24.19,Inactive,Inactive
3320,CC1(C)CC(=O)C(/C=N/c2ncccc2C(=O)O)=C(O)C1,0.2936,24.19,Inactive,Inactive
3321,CCOC(=O)C1=C(C)NC(C)=C(C(=O)OCC)C1c1ccc(NC(=O)Nc2cc(F)ccc2F)cc1,0.2936,24.19,Inactive,Inactive
3322,CC1(C)COC(c2ccc3c(c2)OCO3)OC1,0.2936,24.19,Inactive,Inactive
3323,COc1ccc(C[C@@H]2NC(=O)[C@H](C)N(C)C(=O)[C@H](CC(C)C)NC(=O)[C@H]([C@@H](C)O)NC2=O)cc1,0.2936,24.19,Inactive,Inactive
3324,CC1C(=O)N(Cc2cn(CCC3OCCCO3)nn2)CCS(=O)(=O)N1Cc1ccc(-c2ccc(Cl)cc2)cc1,0.2936,24.19,Inactive,Active
3325,Nc1ccc(N=Nc2ccc(N)cc2)cc1,0.2936,24.19,Inactive,Inactive
3326,CC1=C(CC(C)(C)O)C(=O)[C@@]2(C)CCC[C@]2(C)C1,0.2936,24.19,Inactive,Inactive
3327,O=C(O)c1cn(OCc2ccccc2)c2ccc3c(sc(=O)n3Cc3ccccc3)c2c1=O,0.2936,24.19,Inactive,Inactive
3328,O=C(O)c1cncc(-c2ccccc2)c1,0.2936,24.19,Inactive,Active
3329,O=C(Oc1cccc2cccnc12)c1cc(C(F)(F)F)cc(C(F)(F)F)c1,0.2936,24.19,Inactive,Active
3330,O=C(c1[nH]ncc1-c1ccc(Cl)cc1)C1CO1,0.2936,24.19,Inactive,Inactive
3331,CC1(C)CC(=O)C2=C(C1)N(c1cc(F)ccc1F)C(N)=C(C#N)C2c1cc2cc(Cl)ccc2nc1Oc1ccc(C#N)cc1,0.2936,24.19,Inactive,Inactive
3332,O=C(c1[nH]ncc1-c1ccccc1)C1CO1,0.2936,24.19,Inactive,Active
3333,CC1(C)CCC(C)(C)c2cc(/C(=N/O)c3ccc4cc(C(=O)O)ccc4c3)ccc21,0.2936,24.19,Inactive,Active
3334,CC1(C)CC2CC(C)(CN2C(=O)COC(=O)c2ccc(O)cc2)C1,0.2936,24.19,Inactive,Inactive
3335,O=C(c1cc2c(s1)CCC2)N1C(=O)c2ccccc2S1(=O)=O,0.2936,24.19,Inactive,Inactive
3336,Nc1ccc(-c2ccccc2)cc1,0.2936,24.19,Inactive,Inactive
3337,Nc1ccc(-c2ccc(N)cc2)cc1,0.2936,24.19,Inactive,Inactive
3338,Nc1cc2nsnc2cc1Br,0.2936,24.19,Inactive,Active
3339,COCCCCCn1cnc2cc(NCc3ccc(Cl)c(Cl)c3)[nH]c(=O)c21,0.2936,24.19,Inactive,Inactive
3340,CC(C)Oc1ccc(CC[C@@]2(C3CCCC3)CC(O)=CC(=O)O2)cc1F,0.2936,24.19,Inactive,Active
3341,COc1cc(O)c(C(=O)O)c(/C=C/c2cccc(F)c2)c1,0.2936,24.19,Inactive,Inactive
3342,CC(C)OC(=O)CC(=O)c1sc2nc3c(cc2c1N)CN(C)CC3,0.2936,24.19,Inactive,Inactive
3343,NCc1cccc(-n2cccc2)c1,0.2936,24.19,Inactive,Active
3344,O=C1OC(/C(=C\Nc2ccc(F)cc2F)[N+](=O)[O-])c2ccccc21,0.2936,24.19,Inactive,Active
3345,O=C1OC(/C=C/c2ccc(Cl)cc2)=N/C1=C/c1ccco1,0.2936,24.19,Inactive,Inactive
3346,NC[C@H]1O[C@H](O[C@H]2[C@H](O)[C@@H](OCc3ccc4ccccc4c3)[C@H](N)C[C@@H]2N)[C@H](N)[C@@H](OCc2ccc3ccccc3c2)[C@@H]1O,0.2936,24.19,Inactive,Inactive
3347,NC[C@H]1O[C@H](O[C@H]2[C@H](O)[C@@H](OCCCCc3ccc4ccccc4c3)[C@H](N)C[C@@H]2N)[C@H](N)[C@@H](OCCCCc2ccc3ccccc3c2)[C@@H]1OCCCCc1ccc2ccccc2c1,0.2936,24.19,Inactive,Inactive
3348,COc1cc(/C=C/c2cccc(C#N)c2)c(C(=O)O)c(O)c1CC=C(C)C,0.2936,24.19,Inactive,Inactive
3349,CC(C)CCC[C@@H](C)[C@H]1CC[C@H]2[C@@H]3CC=C4C[C@@H](O)CC[C@]4(C)[C@H]3CC[C@]12C,0.2936,24.19,Inactive,Inactive
3350,COc1cc(C2=NN(C(C)=O)C(c3cccc(Nc4ccnc5cc(Cl)ccc45)c3)C2)cc(OC)c1OC,0.2936,24.19,Inactive,Inactive
3351,O=C1c2c(O)cccc2Cc2cccc(O)c21,0.2936,24.19,Inactive,Inactive
3352,NCCCC[C@H](N)CN[C@@H]1C[C@H](N)[C@@]2(CC[C@H](O)[C@H](O)CO2)[C@H](O)[C@H]1O,0.2936,24.19,Inactive,Inactive
3353,NCCCC[C@H](N)CN[C@@H]1C[C@H](N)[C@@]2(CC[C@@H](O)[C@@H](O)CO2)[C@H](O)[C@H]1O,0.2936,24.19,Inactive,Inactive
3354,NCC1OC(OC2C(N)CC(N)C(O)C2O)C2NC2C1O,0.2936,24.19,Inactive,Inactive
3355,O=C1c2ccccc2C(=O)C1(CO)c1ccc(OC(F)F)cc1,0.2936,24.19,Inactive,Inactive
3356,O=C1c2ccccc2C(=O)c2c1cccc2N1CCN(CCO)CC1,0.2936,24.19,Inactive,Active
3357,CC(C)C(=O)N1CCC2(CC1)Oc1ccc(F)cc1C(=O)C21CC(c2ccc(Cl)cc2)=NO1,0.2936,24.19,Inactive,Inactive
3358,O=C1c2ccncc2C(=O)c2c(O)cccc21,0.2936,24.19,Inactive,Inactive
3359,O=C1c2cnccc2C(=O)c2c(O)cccc21,0.2936,24.19,Inactive,Inactive
3360,CC(C)C[C@@H]1C(O)=C(C#N)C(=O)N1Cc1ccc(F)cc1,0.2936,24.19,Inactive,Inactive
3361,NCc1csc(-c2cccs2)n1,0.2936,24.19,Inactive,Active
3362,COc1cc(-c2ccc3c(c2)NC(=O)/C3=C\c2ccc[nH]2)ccc1O,0.2936,24.19,Inactive,Active
3363,CO[C@@]1(NC(=O)Cc2cccs2)C(=O)N2C(C(=O)O)=C(COC(N)=O)CS[C@@H]21,0.2936,24.19,Inactive,Inactive
3364,CCOC(=O)C(C(=O)OCC)C(=O)c1cn(C2CC2)c2cc(N3CCN(/N=N/c4nc(OC)cc(OC)n4)CC3)c(F)cc2c1=O,0.2936,24.19,Inactive,Active
3365,O=C(Nc1ccccc1)N1CCCC2CCCCC21,0.2936,24.19,Inactive,Inactive
3366,COCc1c(C(C)C)nc(C(C)C)c(/C=C/[C@@H](O)C[C@@H](O)CC(=O)O)c1-c1ccc(F)cc1,0.2936,24.19,Inactive,Inactive
3367,O=C1CSC(=S)N1c1cccc(O)c1,0.2936,24.19,Inactive,Active
3368,CC(C)N(C(=O)c1ccc(Cl)cc1Cl)c1cc(-c2ccccc2)sc1C(=O)O,0.2936,24.19,Inactive,Active
3369,CC(C)Cc1ncc([C@@H](O)C(C)C)n(O)c1=O,0.2936,24.19,Inactive,Inactive
3370,CC(C)Cc1cnc(CC(C)C)c(=O)[nH]1,0.2936,24.19,Inactive,Inactive
3371,CCO/N=C1\CN(c2nc3c(cc2F)c(=O)c(C(=O)O)cn3C2CC2)CCC1(C)N,0.2936,24.19,Inactive,Inactive
3372,NNc1nc2cc(Cl)cc(Cl)c2o1,0.2936,24.19,Inactive,Active
3373,CC(C)C[C@H]1C(O)=C(C#N)C(=O)N1Cc1ccc(F)cc1,0.2936,24.19,Inactive,Inactive
3374,CC(C)C[C@H](NC(=O)[C@H](Cc1ccc(OC(C(=O)O)C(=O)O)cc1)NC(=O)[C@H](CCC(=O)OCc1ccccc1)NC(=O)OCC1c2ccccc2-c2ccccc21)C(N)=O,0.2936,24.19,Inactive,Inactive
3375,CC(C)C[C@H](NC(=O)[C@H](Cc1ccc(C(F)(C(=O)O)C(=O)O)cc1)NC(=O)[C@H](CCC(=O)OCc1ccccc1)NC(=O)OCC1c2ccccc2-c2ccccc21)C(N)=O,0.2936,24.19,Inactive,Active
3376,O=C1NC(=O)C(=Cc2cn(-c3ccccc3)nc2-c2cc3ccccc3oc2=O)C(=O)N1,0.2936,24.19,Inactive,Inactive
3377,O=C1NC(=O)C2C1C1(Cl)C(Cl)=C(Cl)C2(Cl)C1(Cl)Cl,0.2936,24.19,Inactive,Inactive
3378,CCN(CC)C(=O)c1cc2cc(NC(=O)c3cc(NC(=O)CCCOc4cc5c(cc4OC)C(=O)N4CCC[C@H]4C=N5)cn3C)ccc2o1,0.2936,24.19,Inactive,Inactive
3379,O=C(Nc1ccc(F)cc1)Nc1nnc(-c2ccncc2)s1,0.2936,24.19,Inactive,Inactive
3380,CC1CCCC(C)N1C(=O)Cn1cc(/C=C2/C(=O)Nc3ccccc32)c2ccccc21,0.2936,24.19,Inactive,Inactive
3381,CC1CCCCC1NC(=O)CN1C(=O)c2cccc(N)c2C1=O,0.2936,24.19,Inactive,Active
3382,CNC(=O)c1ccc(C)c(-n2c(C)cc(OCc3ccc(F)cc3F)c(Br)c2=O)c1,0.2936,24.19,Inactive,Active
3383,CNC(=O)c1c(NC(=O)c2ccc(S(=O)(=O)N3CCCCC3C)cc2)sc2c1CCN(C)C2,0.2936,24.19,Inactive,Inactive
3384,O=C(O)CCC(=O)c1ccc(-c2ccccc2)cc1,0.2936,24.19,Inactive,Inactive
3385,CCOC(=O)c1cn(CC(O)Cn2c([N+](=O)[O-])cnc2C)c2cc(C(F)(F)F)ccc2c1=O,0.2936,24.19,Inactive,Active
3386,CCCCN1CCC(COC(=O)c2cc(Cl)c(N)c3c2OCCO3)CC1,0.2936,24.19,Inactive,Inactive
3387,O=C(O)CCCC1OC(CCCC(=O)O)OC(CCCC(=O)O)O1,0.2936,24.19,Inactive,Inactive
3388,CC[N+](C)(CC)CCOC(=O)C1c2ccccc2Oc2ccccc21,0.2936,24.19,Inactive,Inactive
3389,CCOC(=O)c1cn(C2CC2)c2cc(F)c(F)cc2c1=O,0.2936,24.19,Inactive,Inactive
3390,O=C(O)CCN1C(=O)CSC1=O,0.2936,24.19,Inactive,Inactive
3391,O=C(C[C@@H]1CCCCN1)Cn1cnc2cc3ccccc3cc2c1=O,0.2936,24.19,Inactive,Inactive
3392,O=C(Cc1ccsc1)Nc1cc(F)ccc1F,0.2936,24.19,Inactive,Inactive
3393,O=C(O)CCn1cc(I)c(=O)[nH]c1=O,0.2936,24.19,Inactive,Inactive
3394,CCOC(=O)c1c(C)sc2c1N(C(C)=O)c1cc(Cl)ccc1S2,0.2936,24.19,Inactive,Inactive
3395,CCc1nn(CCO)c(CC)c1Oc1cc(C#N)cc(C#N)c1,0.2936,24.19,Inactive,Active
3396,CCn1c2ccccc2c2cc(C3N=C(N)Nc4nc5ccccc5n43)ccc21,0.2936,24.19,Inactive,Inactive
3397,Nc1nc(N)c2c(CCc3ccccc3)cccc2n1,0.2936,24.19,Inactive,Inactive
3398,CCn1cc(-c2n[nH]c(=S)n2-c2nc3ccccc3[nH]c2=O)c(=O)c2ccc(C)nc21,0.2936,24.19,Inactive,Active
3399,CCn1cc(C(=O)NNS(=O)(=O)c2ccc(C)cc2)c(=O)c2cc(Cl)ccc21,0.2936,24.19,Inactive,Active
3400,O=C(O)COc1ccc(/C=C2/S/C(=N\c3ccc(Br)cc3)N(c3ccc(Br)cc3)C2=O)cc1,0.2936,24.19,Inactive,Inactive
3401,O=C(O)CCC(=O)NNc1nc(-c2ccccc2)c2cc(Cl)ccc2n1,0.2936,24.19,Inactive,Inactive
3402,CCCCOc1cc(CC2CNC(=O)N2)ccc1OC,0.2936,24.19,Inactive,Inactive
3403,CCCCc1cc(=O)oc2cc(C)cc(OCC(=O)NCC3CCC(C(=O)O)CC3)c12,0.2936,24.19,Inactive,Inactive
3404,O=C(O)C1=C(Cc2ccccc2)CS[C@@H]2[C@H](NC(=O)C(C(=O)Oc3ccccc3)c3ccccc3)C(=O)N12,0.2936,24.19,Inactive,Inactive
3405,CCOCn1oc(=O)c(-c2ccc(F)cc2)c1-c1ccnc(Oc2ccccc2O)n1,0.2936,24.19,Inactive,Active
3406,O=C(/C=C/c1ccco1)NC(=S)Nc1cccc(C(=O)O)c1,0.2936,24.19,Inactive,Active
3407,O=C(/C=C/c1ccco1)NC(=S)Nc1ccc(C(=O)O)cc1,0.2936,24.19,Inactive,Active
3408,O/N=C/c1n(Cc2ccccc2)cc[n+]1Cc1ccccc1,0.2936,24.19,Inactive,Inactive
3409,Nc1scc2c(C(=O)N/N=C/c3ccc(Cl)cc3)nn(-c3ccccc3)c(=O)c12,0.2936,24.19,Inactive,Active
3410,CCOc1ccc2ccccc2c1C1NC(=O)N(C)C(C)=C1C(=O)OCCOC,0.2936,24.19,Inactive,Inactive
3411,Nc1nnnn1N=C1CCCCC1,0.2936,24.19,Inactive,Inactive
3412,O=C(CNc1ccccc1)N/N=C/c1cc([N+](=O)[O-])ccc1N1CCCC1,0.2936,24.19,Inactive,Inactive
3413,CCOC(=O)c1cn(Cc2ccccn2)c2cc(F)c(F)cc2c1=O,0.2936,24.19,Inactive,Inactive
3414,Nc1nccc(-c2cccnc2)n1,0.2936,24.19,Inactive,Active
3415,Nc1ncc(-c2cccc(NC(=O)c3cc(Cl)cc(Cl)c3)c2)cn1,0.2936,24.19,Inactive,Inactive
3416,O=C(COC(=O)[C@@H]1CC(O)CN1S(=O)(=O)c1ccc([N+](=O)[O-])cc1)NC12CC3CC(CC(C3)C1)C2,0.2936,24.19,Inactive,Inactive
3417,Nc1ncc(-c2ccc(NC(=O)c3cc(Br)cc(Br)c3)cc2)cn1,0.2936,24.19,Inactive,Inactive
3418,O=C(O)C1CCN(CCc2ccccn2)CC1,0.2936,24.19,Inactive,Inactive
3419,Nc1nc2ccccc2cc1-c1cccs1,0.2936,24.19,Inactive,Inactive
3420,CCCCc1ccc(NC2=NCCCS2)cc1,0.2936,24.19,Inactive,Active
3421,O=C(O)COc1ccc(/C=C2/S/C(=N\c3ccc(F)cc3)N(c3ccc(F)cc3)C2=O)cc1,0.2936,24.19,Inactive,Inactive
3422,CCCCCCCC[N+](C)(C)CC(=O)Nc1ccc(C(=O)/C=C/c2cccs2)cc1,0.2936,24.19,Inactive,Active
3423,CCn1cc(C(=O)O)c(=O)c2cnc(N3CCN(C(=S)Nc4ccccc4OC)CC3)nc21,0.2936,24.19,Inactive,Inactive
3424,O=C(O)c1ccccc1C(=O)c1ccc(Sc2ccc(Cl)c(Cl)c2)cc1,0.2936,24.19,Inactive,Inactive
3425,O=C(O)c1cccc(-c2cccnc2)c1,0.2936,24.19,Inactive,Inactive
3426,O=C(O)c1cccc(-c2ccncc2)c1,0.2936,24.19,Inactive,Inactive
3427,CCOC(=O)C1=C(C)NC2=C(C(=O)CCC2)C1c1ccc(O)c(OCC)c1,0.2936,24.19,Inactive,Inactive
3428,CN1CCN(CC#N)CC1,0.2936,24.19,Inactive,Inactive
3429,O=C(O)c1cccc(CNCCNCc2cccc(C(=O)O)n2)n1,0.2936,24.19,Inactive,Inactive
3430,O=C(O)c1cccc2nc3c4c(ccc3nc12)[C@H]1c2nc3c(O)cccc3nc2C[C@@H]4[C@H]1O,0.2936,24.19,Inactive,Inactive
3431,CCOC(=O)C1=C(C)NC(SCc2cc(=O)[nH][nH]2)=C(C#N)C1c1cccs1,0.2936,24.19,Inactive,Inactive
3432,CN1CCN(c2ccccc2NC(=O)c2ccc(-c3cccc(Cl)c3)o2)CC1,0.2936,24.19,Inactive,Inactive
3433,CN1C(=O)/C(=C/c2ccc(N3CCCCCC3)o2)C(=O)NC1=S,0.2936,24.19,Inactive,Inactive
3434,Nc1ccc2c(NC3CC3)nc(-c3ccccc3)nc2c1,0.2936,24.19,Inactive,Active
3435,CC1CN(c2nc3ccccc3nc2C(C#N)C(=O)NC2CCCCC2)CC(C)O1,0.2936,24.19,Inactive,Inactive
3436,CC1CCN(c2ccc(CO)cc2NC(=O)c2ccc(C#N)o2)CC1,0.2936,24.19,Inactive,Active
3437,CC1CCN(c2cc(/C=C/c3ccc(N(C)C)cc3)[n+](C)c3ccccc23)CC1,0.2936,24.19,Inactive,Inactive
3438,CN=C1NC(C)[C@@H](c2nc(Nc3cccc(O)c3)ncc2C#N)S1,0.2936,24.19,Inactive,Active
3439,Nc1ccc(S(=O)(=O)NCc2nc3ccccc3c(=O)n2-c2cccc([N+](=O)[O-])c2)cc1,0.2936,24.19,Inactive,Inactive
3440,CCOC(=O)C1=C(C)NC(SCC(N)=O)=C(C#N)C1c1ccncc1,0.2936,24.19,Inactive,Inactive
3441,Nc1ccc2nonc2c1[N+](=O)[O-],0.2936,24.19,Inactive,Active
3442,O=C(N/N=C1\CCS(=O)(=O)c2ccc(F)cc21)c1ccc(O)cc1,0.2936,24.19,Inactive,Active
3443,CCn1cc(C(=O)O)c(=O)cc1/C=C/c1ccsc1,0.2936,24.19,Inactive,Inactive
3444,CCCCCCC1=CC(N)=C(C#N)C(C)(CCCCCC)C1,0.2936,24.19,Inactive,Inactive
3445,O=C(Cn1ncnn1)N[C@@H]1C(=O)N2C(C(=O)O)=C(Cc3ccccc3)CS[C@H]12,0.2936,24.19,Inactive,Inactive
3446,O=C(N/N=C/c1c[nH]c2ccccc12)c1ccc(Cl)cc1,0.2936,24.19,Inactive,Active
3447,CCCCCCCCCCCCCCCC(=O)N1CCN(c2cc3c(cc2F)c(=O)c(C(=O)O)cn3C2CC2)CC1,0.2936,24.19,Inactive,Inactive
3448,O=C(O)/C=C/C(=O)Nc1ccccc1-c1ccccc1NC(=O)/C=C/C(=O)O,0.2936,24.19,Inactive,Inactive
3449,CCCCCCCCCCCCCC(=O)N1CCN(c2cc3c(cc2F)c(=O)c(C(=O)O)cn3C2CC2)CC1,0.2936,24.19,Inactive,Inactive
3450,O=C(N/N=C/c1ccc([N+](=O)[O-])cc1)c1ccc(-c2nc3ccccc3[nH]2)cc1,0.2936,24.19,Inactive,Inactive
3451,CN(C)c1cc[n+](Cc2ccc(-c3ccccc3)cc2)cc1,0.2936,24.19,Inactive,Active
3452,CN(C)c1ccc(C2Sc3cc(O)ccc3N2C)cc1,0.2936,24.19,Inactive,Active
3453,O=C(O)c1ccc(NCN2CCNCC2)cc1,0.2936,24.19,Inactive,Inactive
3454,CCCCCC(=O)OCC(=O)N1CCN(c2cc3c(cc2F)c(=O)c(C(=O)O)cn3C2CC2)CC1,0.2936,24.19,Inactive,Inactive
3455,CCCCC1=CC2=C(c3ccco3)C(=O)C(C)(OC(=O)c3ccc(OC)cc3)C(=O)C2=CN1C1CCCC1,0.2936,24.19,Inactive,Active
3456,Nc1ccn(C2OC(CCl)C(O)C2O)c(=O)n1,0.2936,24.19,Inactive,Inactive
3457,CCCCC(CC)CN1CN(CC(CC)CCCC)CC(C)(N)C1,0.2936,24.19,Inactive,Inactive
3458,O=C(O)c1ccc(/C=N/NC(=O)c2ccc(-c3nc4ccccc4[nH]3)cc2)cc1,0.2936,24.19,Inactive,Inactive
3459,O=C(O)c1ccc(C(=O)N2CCC(NC(=O)c3cc(Br)c(Br)[nH]3)CC2)cc1,0.2936,24.19,Inactive,Inactive
3460,O=C(O)c1ccc(N2C(=O)CSC2=S)cc1,0.2936,24.19,Inactive,Active
3461,CC(C)=CCNc1ncnc2nc[nH]c12,0.2936,24.19,Inactive,Active
3462,Nc1cc(Cl)c2nonc2c1[N+](=O)[O-],0.2936,24.19,Inactive,Active
3463,CC(C)(C(N)=O)C(=O)NCCCNc1nc(Nc2cccc(NC(=O)N3CCCC3)c2)ncc1Br,0.2936,24.19,Inactive,Active
3464,N#CC1=C(C(=O)O)N2C(=O)[C@@H](NC(=O)CSc3ccccc3)CN2C1,0.2936,24.19,Inactive,Inactive
3465,COc1ccc(CN(CCN(Cc2ccc(OC)cc2)Cc2cccc(C(=O)O)n2)Cc2cccc(C(=O)O)n2)cc1,0.2936,24.19,Inactive,Inactive
3466,COc1ccc(/C=N/N=C/c2cnc(O)c(C#N)c2Nc2ccccc2)cc1,0.2936,24.19,Inactive,Inactive
3467,Fc1ccccc1CCNCc1cccc(Cl)c1Cl,0.2936,24.19,Inactive,Inactive
3468,CCNC(=O)Nc1ccc(-c2cccc(C(=O)O)c2)cn1,0.2936,24.19,Inactive,Inactive
3469,CC(=O)c1cccc(-c2ccncc2)c1,0.2936,24.19,Inactive,Inactive
3470,N#C/C(=C\Nc1ccc2cn[nH]c2c1)c1nc(-c2ccccc2)cs1,0.2936,24.19,Inactive,Inactive
3471,COc1cc2c(cc1OC)[C@H](C)N(S(N)(=O)=O)CC2,0.2936,24.19,Inactive,Active
3472,COc1ccc(C2=NN(C=O)C(c3cccc(Nc4ccnc5cc(Cl)ccc45)c3)C2)cc1,0.2936,24.19,Inactive,Inactive
3473,NC(=O)c1cccc2nc3c4c(ccc3nc12)[C@H]1c2nc3c(O)cccc3nc2C[C@@H]4[C@@H]1O,0.2936,24.19,Inactive,Inactive
3474,CCNC(=S)NNC(=O)Cn1c(=O)oc2ccc(C)cc21,0.2936,24.19,Inactive,Inactive
3475,COc1ccc(/C=N/NC(=O)c2ccc3c(c2)OCO3)cc1,0.2936,24.19,Inactive,Inactive
3476,COc1cc2nc(NC(=O)c3ccc(Cl)cc3)[nH]c(=O)c2cc1OC,0.2936,24.19,Inactive,Inactive
3477,CC(=O)c1ccc2c(c1OCCCN1CCOCC1)C=CC(C)(CCC=C(C)C)O2,0.2936,24.19,Inactive,Inactive
3478,CCNC(=O)Nc1ccc(-c2nc3cccc(C(=O)O)c3s2)cn1,0.2936,24.19,Inactive,Inactive
3479,CC(C(=O)O)c1ccc(C(=O)c2cccs2)cc1,0.2936,24.19,Inactive,Inactive
3480,N/C(=N\NC(=S)N1CCOCC1)c1cc(Sc2ccccc2)ccn1,0.2936,24.19,Inactive,Inactive
3481,COc1ccc(C(=O)NCc2ccc3c(c2)cc(C)n3C)cc1,0.2936,24.19,Inactive,Active
3482,CCN(CC)c1ccc(CNc2nc3ccccc3n2C)cc1,0.2936,24.19,Inactive,Active
3483,N#Cc1c(NC(=O)c2cc(OCCN)ccc2Cl)sc2c1CCN(Cc1ccccc1)C2,0.2936,24.19,Inactive,Inactive
3484,N/C(=N\C(=S)Nc1ccccc1)N1CCOCC1,0.2936,24.19,Inactive,Inactive
3485,CCN1CNS(=O)(=O)c2cc(F)ccc21,0.2936,24.19,Inactive,Active
3486,CCN1CCN(C2=C(NS(=O)(=O)c3ccc(Br)cc3)C(=O)c3ccccc3C2=O)CC1,0.2936,24.19,Inactive,Inactive
3487,CC(=O)c1c(OCCCNCCCN2CCOCC2)c2c(c3c1OC(C)(CCC=C(C)C)C=C3)OC(C)(CCC=C(C)C)C=C2,0.2936,24.19,Inactive,Inactive
3488,O=S(=O)(Nc1ccc(-c2nc3cc(NS(=O)(=O)c4ccc5ncsc5c4)ccc3o2)cc1)c1ccc2ncsc2c1,0.2936,24.19,Inactive,Active
3489,N#Cc1c(NC(=O)c2cc(OCCNC(=O)C(F)(F)F)ccc2Cl)sc2c1CCN(Cc1ccccc1)C2,0.2936,24.19,Inactive,Inactive
3490,N#Cc1ccc(Cc2cc(=O)n3[nH]cc(C(=O)Nc4ccc(F)cc4)c3n2)cc1,0.2936,24.19,Inactive,Active
3491,NC(=O)c1cccn2cc(-c3cccc(-c4cncc(OC[C@H]5CCCO5)c4)c3)nc12,0.2936,24.19,Inactive,Inactive
3492,NC(=O)c1cccn2cc(-c3cccc(-c4cncc(OCCF)c4)c3)nc12,0.2936,24.19,Inactive,Inactive
3493,N#Cc1c(N2CCCC(O)C2)nc(N)c2c(N)nc3c(c12)CC(=O)N3C12CC3CC(CC(C3)C1)C2,0.2936,24.19,Inactive,Active
3494,COc1ccc(-n2cc(COc3ccc([N+](=O)[O-])cc3/C=N/NC(=O)c3ccncc3)nn2)cc1,0.2936,24.19,Inactive,Inactive
3495,COc1cc2c(cc1OC)-c1c(O)nc(N)nc1CC2,0.2936,24.19,Inactive,Inactive
3496,CCNC(=O)c1cc(-c2sc(-c3cccnc3)nc2-c2ccccc2)n[nH]1,0.2936,24.19,Inactive,Active
3497,Fc1ccc(Nc2nc(NCc3ccco3)c3ccccc3n2)cc1,0.2936,24.19,Inactive,Active
3498,CC(C(=O)O)c1ccc(C(=O)c2ccccc2)s1,0.2936,24.19,Inactive,Inactive
3499,N=C(N)c1ccc(OCCCCCOc2ccc(C(=N)N)cc2)cc1,0.2936,24.19,Inactive,Inactive
3500,CCN(CCNCC(O)COc1ccccc1C(C)C)c1cccc(C)c1,0.2936,24.19,Inactive,Active
3501,CCN(CC)Cc1cc2ccccc2c2c1COC2,0.2936,24.19,Inactive,Inactive
3502,CCCCCCCCCCCCCCCC(=O)N1C[C@@H](O)C[C@H]1C(=O)N[C@@H](C)C(=O)NCC(=O)N(C)[C@@H]1C(=O)N[C@@H](C)C(=O)N[C@H](C(=O)O)Cc2ccc(O)c(c2)-c2cc1ccc2O,0.2785,23.2,Inactive,Inactive
3503,CNC(=N)NCCC/C=C/CCC[C@H](C)C[C@H](C)[C@H]1OC(=O)[C@H](C)[C@H](O)/C=C/[C@H](C)[C@H](O)C[C@H](O)[C@H](C)[C@@H](O)CC[C@H](C)[C@H](OC(=O)CC(=O)O)C[C@]2(O)O[C@H](C[C@@H](OC(=O)CC(=O)O)C[C@H](O)C[C@@H](O)[C@H](C)[C@H](O)/C=C/C=C/[C@@H]1C)C[C@H](O)[C@H]2O,0.2785,23.2,Inactive,Inactive
3504,Oc1ccc(N=c2cc(-c3ccccc3)oc3ccc(Cl)cc23)cc1,0.2785,23.2,Inactive,Inactive
3505,CC1Oc2ccc3ccccc3c2-c2nn[se]c21,0.2785,23.2,Inactive,Inactive
3506,Cc1nc2cc(Cl)ccc2n1CCC(=O)N/N=C/c1c(O)ccc2ccccc12,0.2785,23.2,Inactive,Inactive
3507,Cn1nc(-c2ccccc2)c2c(-c3ccccc3)n(-c3ccc(C(=O)O)cc3)nc2c1=O,0.2785,23.2,Inactive,Inactive
3508,O=c1[nH]c2cc(C(F)(F)F)ccc2n1-c1cc(C(F)(F)F)ccc1O,0.2785,23.2,Inactive,Inactive
3509,O=c1ccc2ccc(O)c(/C=N/Nc3ccc(S(=O)(=O)Nc4nccs4)cc3)c2o1,0.2785,23.2,Inactive,Inactive
3510,CN1CCCC(OC(=O)CCCC(=O)OC2CCCN(C)C2)C1,0.2785,23.2,Inactive,Inactive
3511,CCN(CC)c1ccc(C=C2C(=O)N(C)C(=S)N(C)C2=O)cc1,0.2785,23.2,Inactive,Inactive
3512,Cc1cc2nnc(-c3ccc(Cl)cc3Cl)n2c(C)n1,0.2785,23.2,Inactive,Active
3513,CCN1CCc2c(C#N)c(NCc3ccccc3)nc(NCCO)c2C1,0.2785,23.2,Inactive,Inactive
3514,CN1CCN(C(=O)C2(C)CC2(Br)Br)CC1,0.2785,23.2,Inactive,Inactive
3515,COc1cccc2c1C(=O)c1cnccc1C2=O,0.2785,23.2,Inactive,Inactive
3516,CC12CCC(O)CC1=CCC1C2CCC2(C)/C(=N/N)CCC12,0.2785,23.2,Inactive,Inactive
3517,O=C1Nc2c(F)cccc2/C1=N/NC(=S)Nc1cccc(F)c1,0.2785,23.2,Inactive,Inactive
3518,CC(=O)c1cc2c(o1)C(=O)c1cccc(O)c1C2=O,0.2785,23.2,Inactive,Inactive
3519,CC1(C(=O)O)OCC(OC(=O)N2CCN(C(=O)OC3COC(C)(C(=O)O)OC3)CC2)CO1,0.2785,23.2,Inactive,Active
3520,CCCN1CC(C)C(OC(C)=O)(c2ccccc2)CC1C,0.2785,23.2,Inactive,Inactive
3521,OCCCCn1cnc2c(O)nc(NCc3ccc(Cl)c(Cl)c3)nc21,0.2785,23.2,Inactive,Inactive
3522,CCc1cc(Nc2cc3ncn(CCCCOC)c3c(=O)[nH]2)ccc1C,0.2698,22.62,Inactive,Inactive
3523,CN(C)Cc1nc2ccccc2n1CCC(=O)N/N=C/c1c(O)ccc2ccccc12,0.2698,22.62,Inactive,Inactive
3524,Nc1nc(O)c2c(n1)CCc1cc([N+](=O)[O-])c(Br)cc1-2,0.2698,22.62,Inactive,Inactive
3525,O=c1[nH]c2ccccc2o1,0.2698,22.62,Inactive,Inactive
3526,CCCC[N+](C)(C)CC(=O)Nc1ccc(C(=O)/C=C/c2cccs2)cc1,0.2698,22.62,Inactive,Inactive
3527,CC1=NN(c2ccccc2)C(=O)/C1=C/C=C/c1ccc(N(C)C)cc1,0.2698,22.62,Inactive,Inactive
3528,N/C(=N\NC(=S)N1CCOCC1)c1cc(Oc2ccccc2)ccn1,0.2698,22.62,Inactive,Inactive
3529,Cc1cc(C)cc(-c2ccc(OCCN(C)C)c(/C=C/C(=O)c3ccccc3NCCN(C)C)c2)c1,0.2698,22.62,Inactive,Inactive
3530,Cn1c([N+](=O)[O-])cnc1/C=C1\Oc2ccccc2C1=O,0.2698,22.62,Inactive,Active
3531,Cc1nc2ccccn2c1/C(O)=C1\C(=O)C(=O)N(CCN2CCOCC2)C1c1cccnc1,0.2698,22.62,Inactive,Inactive
3532,Nc1nc(O)c2c(n1)CCc1cccc(Cl)c1-2,0.2698,22.62,Inactive,Inactive
3533,C=CCCn1c(=O)oc2ccc(Cl)cc21,0.2698,22.62,Inactive,Inactive
3534,COc1cc(C2c3c(oc4ccccc4c3=O)C(=O)N2c2nnc(C)s2)ccc1O,0.2698,22.62,Inactive,Inactive
3535,COC(=O)c1ccc(-c2ccc(O)cc2)cc1,0.2698,22.62,Inactive,Inactive
3536,O=C(Nc1ccc(Br)cc1F)C1CC(=O)N(C2CCCCC2)C1,0.2698,22.62,Inactive,Inactive
3537,CC1(c2cccs2)CC(c2cccs2)=Cc2ncnc(N)c21,0.2698,22.62,Inactive,Inactive
3538,COc1ccccc1COCCCOc1ccc(N2C(=O)CNC[C@H]2COc2ccc3c(c2)NCCC3)cc1,0.2698,22.62,Inactive,Active
3539,O=C(CSc1n[nH]c(=O)[nH]c1=O)N/N=C/c1ccccc1,0.2698,22.62,Inactive,Inactive
3540,CCCCOC(=O)CCNc1n[nH]c(=O)[nH]c1=O,0.2698,22.62,Inactive,Inactive
3541,COCC(C)n1c(COc2ccccc2F)nnc1SC/C(O)=C(\C(=O)OC)c1nc2ccccc2[nH]1,0.2698,22.62,Inactive,Inactive
3542,CC(=O)N1N=C(c2ccccc2)CC1c1cccc(Nc2ccnc3cc(Cl)ccc23)c1,0.2698,22.62,Inactive,Inactive
3543,COc1ccccc1CNCCc1ccc(F)cc1,0.2698,22.62,Inactive,Active
3544,C=CC1(C)CCNc2c3c(-c4ccccc4)cc(C(F)(F)F)c(C#N)c3nn21,0.248,21.11,Inactive,Inactive
3545,C=CCNC(=S)N1CCN(c2ncc3c(=O)c(C(=O)O)cn(CC)c3n2)CC1,0.248,21.11,Inactive,Inactive
3546,C=CCNC(=S)NNC(=O)c1cccn(Cc2ccc(Cl)cc2)c1=O,0.248,21.11,Inactive,Inactive
3547,CN(CCOc1ccc(Cl)cc1)C(=O)C1CCN(C(=O)c2ccc(Cl)cc2)CC1,0.248,21.11,Inactive,Inactive
3548,CN(CCCCC(=O)O)c1ccc(/C=C/c2ccc([N+](=O)[O-])cc2)cc1,0.248,21.11,Inactive,Active
3549,O=C(NC(=S)Nc1cccc([N+](=O)[O-])c1)C1CCCC1,0.248,21.11,Inactive,Inactive
3550,C=CC(=O)Nc1ccc2c(Nc3ccn[nH]3)nc(-c3ccccc3)nc2c1,0.248,21.11,Inactive,Active
3551,O=C(O)c1ccc(/C=C2/S/C(=N\c3ccc(F)cc3)N(c3ccc(F)cc3)C2=O)cc1,0.248,21.11,Inactive,Inactive
3552,C=CC1CN2CCC1CC2C(O)c1ccnc2ccccc12,0.248,21.11,Inactive,Inactive
3553,COc1ccc(C(N[C@@H](Cc2c[nH]c3ccccc23)C(=O)O)c2nnnn2Cc2ccccc2)cc1,0.248,21.11,Inactive,Active
3554,CN(Cc1ccccc1)c1c2c(nc3nncn13)CCC2,0.248,21.11,Inactive,Inactive
3555,N#Cc1c(NC(=O)/C=C/C(=O)O)sc2c1CCN(Cc1ccccc1)C2,0.248,21.11,Inactive,Active
3556,O=C(O)c1ccc2nsnc2c1,0.248,21.11,Inactive,Active
3557,CCC1C2CC3C4N(C)c5ccccc5C45CC(C2C5O)N3C1O,0.248,21.11,Inactive,Inactive
3558,CCOC(=O)C1=Nc2ccccc2C1=[N+]=[N-],0.248,21.11,Inactive,Active
3559,Cc1ccc(F)c(S(=O)(=O)NC(=O)C2(C)CCN2C(=O)C2(c3ccc(Cl)cc3)CC2)c1,0.248,21.11,Inactive,Inactive
3560,OCc1c(O)c(C[P+](c2ccccc2)(c2ccccc2)c2ccccc2)nc(C[P+](c2ccccc2)(c2ccccc2)c2ccccc2)c1C[P+](c1ccccc1)(c1ccccc1)c1ccccc1,0.248,21.11,Inactive,Inactive
3561,COc1ccc(NC(=S)N/N=C2\C(=O)Nc3c(Br)cccc32)cc1,0.248,21.11,Inactive,Inactive
3562,Nc1cccc(-c2nc3ccc(N)cc3s2)c1,0.248,21.11,Inactive,Inactive
3563,Cc1ccc(C=O)c(-c2ccc(N(C)C)cc2)c1,0.248,21.11,Inactive,Inactive
3564,CC(/C=C/c1cnc([N+](=O)[O-])n1C)=N\N1CCCC(O)C1,0.248,21.11,Inactive,Inactive
3565,Cc1ccccc1NC(=S)N(CCCN1CCOCC1)Cc1ccccn1,0.248,21.11,Inactive,Inactive
3566,CC12CCC3c4ccc(O)cc4CCC3C1CCC2=O,0.248,21.11,Inactive,Inactive
3567,CC1=N/C(=C/c2ccco2)C(=O)O1,0.248,21.11,Inactive,Active
3568,CC1=N/C(=C/c2cccc(O)c2)C(=O)N1c1ccc(/C(C)=N/NC(N)=S)cc1,0.248,21.11,Inactive,Inactive
3569,Cc1cccnc1/N=C/c1cccc2ccccc12,0.248,21.11,Inactive,Inactive
3570,CNc1cc(Cl)c2nonc2c1[N+](=O)[O-],0.248,21.11,Inactive,Active
3571,Nc1ccc(N2CCOCC2)c(N)c1,0.248,21.11,Inactive,Active
3572,CC(=O)/C(=C/c1cn(CC(=O)N2CCN(Cc3ccc(F)cc3)CC2)c2cc(Cl)ccc12)n1cc([N+](=O)[O-])nc1C,0.248,21.11,Inactive,Inactive
3573,CNc1nnc(-c2cccc(N(C)C)c2)s1,0.248,21.11,Inactive,Inactive
3574,CC1=C(/C=C/C(=O)/C=C/c2ccc(Br)cc2)C(C)(C)CCC1,0.248,21.11,Inactive,Inactive
3575,O=C(OC1CCOC1=O)c1cncc(Br)c1,0.248,21.11,Inactive,Inactive
3576,OCC1OC(n2cnc3c(NCCc4ccccc4)ncnc32)C(O)C1O,0.248,21.11,Inactive,Inactive
3577,CCOC(=O)C1=C(C)NC(C)=C(C(=O)OCC)C1c1ccc(NC(=O)Nc2ccc(F)cc2)cc1,0.248,21.11,Inactive,Inactive
3578,CC1(C)CCn2c(=O)c(=O)n(CCCO)c3cccc1c32,0.248,21.11,Inactive,Active
3579,COc1ccc(/C=C/c2cc[n+](C(=O)Cc3ccccc3)cc2)cc1,0.248,21.11,Inactive,Active
3580,Cc1cc(N=Nc2ccccc2C(=O)O)ccc1O,0.248,21.11,Inactive,Active
3581,OC(c1ccccc1)c1nccc2c1[nH]c1ccc(Br)cc12,0.248,21.11,Inactive,Inactive
3582,CC(=O)N1c2ccc(S(=O)(=O)NC(CC(=O)O)c3ccc(Br)cc3)cc2CC1C,0.248,21.11,Inactive,Inactive
3583,Cn1c(=O)n(CC(=O)OCc2ccccc2)c(=O)c2c1nc1n2CCCN1C1CCCCC1,0.248,21.11,Inactive,Inactive
3584,Cc1ccc(C(=O)Oc2oc(-c3ccccc3)nc2C=Nc2ccc(N(C)C)cc2)cc1,0.248,21.11,Inactive,Inactive
3585,CCOC(=O)C1=C(C)NC(C)=C(C(=O)OCC)C1c1ccccc1,0.248,21.11,Inactive,Inactive
3586,OCCCc1cn(CC2CCCCC2)nn1,0.248,21.11,Inactive,Inactive
3587,CN1CCN(CCCNC(=O)Nc2cccc3ccccc23)CC1,0.248,21.11,Inactive,Inactive
3588,C=CCn1c(=O)oc2ccc(Cl)cc21,0.248,21.11,Inactive,Inactive
3589,O=C(O)c1cccc(-n2cccc2/C=C\[N+](=O)[O-])c1,0.248,21.11,Inactive,Active
3590,O=C(O)c1cccc(N2C(=O)CSC2=S)c1,0.248,21.11,Inactive,Active
3591,N#Cc1ccc(Nc2nc(Oc3ccnc4ccccc34)nc(N3CCC(Cc4ccccc4)CC3)n2)cc1C(F)(F)F,0.248,21.11,Inactive,Inactive
3592,CCN1CCN(c2nnc(-c3cccs3)c3ccccc23)CC1,0.248,21.11,Inactive,Inactive
3593,CCC(CC)Nc1cc(C(=O)O)ccc1N1C(=O)CC[C@@]1(CN)CO,0.248,21.11,Inactive,Active
3594,O=C(O)c1ccccc1N(c1ccccc1)c1ccccc1,0.248,21.11,Inactive,Inactive
3595,O=C(O)c1ccccc1NC1CCCCC1,0.248,21.11,Inactive,Active
3596,Cc1ccc(C)c(OCC(=O)Nc2ccc(C(=O)O)cc2NC(=O)COc2cc(C)ccc2C)c1,0.248,21.11,Inactive,Inactive
3597,COc1ccc(C(=O)/C=C/c2cccc(Nc3ccnc4cc(Cl)ccc34)c2)cc1,0.248,21.11,Inactive,Inactive
3598,CNC(Cc1cc(Br)c(OC)c(Br)c1)C(=O)NCCCOc1c(Br)cc(CCN(C)C)cc1Br,0.248,21.11,Inactive,Inactive
3599,CN(CCC(=O)Nc1ccc(Br)cc1)Cc1ccccc1,0.248,21.11,Inactive,Inactive
3600,CN1c2ccc(Cl)cc2N(c2ccccc2)C(=O)c2cn(Cc3ccc(CN4CCOCC4)cc3)nc21,0.248,21.11,Inactive,Inactive
3601,COc1ccc(C(=O)/C=C/c2cc(-c3cc(C)cc(C)c3)ccc2OCCN(C)C)cc1CN(C)C,0.248,21.11,Inactive,Inactive
3602,Cc1ccc(C)c(/C=C/c2cc(C)ccc2C)c1,0.248,21.11,Inactive,Inactive
3603,COc1ccc(C(=O)/C=C/c2cc(-c3cc(C)cc(C)c3)ccc2OCCN(C)C)c(CN(C)C)c1,0.248,21.11,Inactive,Inactive
3604,Nc1ccc(S(=O)(=O)NCc2nc3ccccc3c(=O)n2-c2ccc([N+](=O)[O-])cc2)cc1,0.248,21.11,Inactive,Inactive
3605,CNC(=O)[C@@H](N)CCB1O[C@@]2(C)CCC3C[C@@]2(O1)C3(C)C,0.248,21.11,Inactive,Inactive
3606,CC(=O)c1ccc2c(c1)C1C=CCC1C(c1ccncc1)N2,0.248,21.11,Inactive,Inactive
3607,CCCCC/C=C\CCC(O)CCCCCCCC(=O)O[C@H]1CC[C@@]2(C)C(=CC[C@H]3[C@@H]4CC[C@H]([C@H](C)CCCC(C)C)[C@@]4(C)CC[C@@H]32)C1,0.248,21.11,Inactive,Inactive
3608,O=C(N/N=C/c1cc([N+](=O)[O-])ccc1OCc1cn(-c2cccc(Cl)c2)nn1)c1ccncc1,0.248,21.11,Inactive,Inactive
3609,C[C@H](OC(=O)Nc1ccc(Cl)c(Cl)c1)c1nc2ccccc2[nH]1,0.248,21.11,Inactive,Active
3610,O=C(O)CC(O)(CC(=O)NCCCCC(=O)N1CCN(c2cc3c(cc2F)c(=O)c(C(=O)O)cn3C2CC2)CC1)C(=O)O,0.248,21.11,Inactive,Active
3611,CC[C@@H]1C(=O)OC[C@@H]1Cc1cncn1C,0.248,21.11,Inactive,Inactive
3612,O=C(O)C1CCC(N2C(=O)C3CCCCC3C2=O)CC1,0.248,21.11,Inactive,Inactive
3613,Fc1nc(Cl)c2[nH]cnc2n1,0.248,21.11,Inactive,Active
3614,CCOC(=O)c1cn(Cc2cnc(Cl)s2)c2cc(F)c(F)cc2c1=O,0.248,21.11,Inactive,Inactive
3615,Cc1ccc(Nc2c3ccccc3[n+](C)c3c2oc2ccccc23)cc1F,0.248,21.11,Inactive,Inactive
3616,CC[C@@]1(O)C[C@H](O[C@H]2C[C@H](N(C)C)[C@H](O[C@H]3C[C@H](O)[C@H](O)[C@@H](C)O3)[C@@H](C)O2)c2c(cc3c(c2O)C(=O)c2c(O)ccc(O)c2C3=O)[C@H]1C(=O)OC,0.248,21.11,Inactive,Inactive
3617,[C-]#[N+][C@@H]1[C@H]2c3c[nH]c4cccc(c34)C(C)(C)[C@H]2CC[C@]1(C)C=C,0.248,21.11,Inactive,Inactive
3618,CCCCc1ccc(-c2ccc(C(=O)N[C@@H](CCN)C(=O)N[C@H](C(=O)N[C@@H](C)C(=O)N[C@@H](CCCCN)C(=O)N[C@@H](C)B3O[C@@H]4C[C@@H]5C[C@@H](C5(C)C)[C@]4(C)O3)[C@H](C)O)cc2)cc1,0.248,21.11,Inactive,Active
3619,COc1ccc(N2C(=O)[C@H]3[C@H](ON4[C@@H]3C(=O)N(C)[C@@]43C[C@H](C)CC[C@H]3C(C)C)C2=O)cc1,0.248,21.11,Inactive,Inactive
3620,CCCC[C@H]1CN(CCCC[C@H]2CNC(=N)N2CCc2cccc(C(F)(F)F)c2)C(=N)N1CCCCC1CCCCC1,0.248,21.11,Inactive,Inactive
3621,CC[C@H](C)[C@H](NC(C)=O)C(=O)O[C@H](C)[C@H]1C(=O)N2C(C(=O)OCc3ccc([N+](=O)[O-])cc3)=CS[C@@H]12,0.248,21.11,Inactive,Inactive
3622,CCOC(=O)c1cnn(-c2ccccc2)c1NC(=O)Nc1ccccc1,0.248,21.11,Inactive,Inactive
3623,COc1ccc(C2c3ccc4ccccc4c3Oc3ncn(CCN(C)C)c(=N)c32)cc1,0.248,21.11,Inactive,Inactive
3624,CC[C@H]1OC(=O)[C@@](C)(F)C(=O)[C@H](C)[C@@H](O[C@@H]2O[C@H](C)C[C@H](N(C)CCc3cn(C[C@@H]4CN(c5ccc(N6CCOCC6)c(F)c5)C(=O)O4)nn3)[C@H]2O)[C@](C)(OC)C[C@@H](C)C(=O)[C@H](C)[C@H]2N(CCCCn3cc(-c4cccc(N)c4)nn3)C(=O)O[C@]12C,0.248,21.11,Inactive,Inactive
3625,CC[C@H]1OC(=O)[C@@](C)(F)C(=O)[C@H](C)[C@@H](O[C@@H]2O[C@H](C)C[C@H](N(C)CCc3cn(C[C@H]4CN(c5ccc(N6CCOCC6)c(F)c5)C(=O)O4)nn3)[C@H]2O)[C@](C)(OC)C[C@@H](C)C(=O)[C@H](C)[C@H]2N(CCCCn3cc(-c4cccc(N)c4)nn3)C(=O)O[C@]12C,0.248,21.11,Inactive,Inactive
3626,CC[C@H]1OC(=O)[C@H](C)[C@@H](OCc2cn(-c3cccnc3)nn2)[C@H](C)[C@@H](O[C@@H]2O[C@H](C)C[C@H](N(C)C)[C@H]2O)[C@@]2(C)CC(C)=C(O2)[C@H](C)[C@@H](OC(=O)C(C)C)[C@]1(C)OC(=O)C(C)C,0.248,21.11,Inactive,Inactive
3627,C[n+]1cccc(-c2ccc(-c3ccc(N4C[C@H](CO)OC4=O)cc3F)cc2)c1,0.248,21.11,Inactive,Inactive
3628,N#CC1=C(N)C2(C(=O)c3ccccc3C2=O)[C@@H](c2ccccc2F)[C@@H]2CCC=C12,0.248,21.11,Inactive,Inactive
3629,CCCCN1C(=S)NC[C@@H]1Cc1cccc2ccccc12,0.248,21.11,Inactive,Inactive
3630,CCc1[nH]cc(CN2CCCCC2)c(=O)c1O,0.248,21.11,Inactive,Inactive
3631,CCc1cc(Nc2cc3ncn(CCCCCOC)c3c(=O)[nH]2)ccc1C,0.248,21.11,Inactive,Inactive
3632,Cc1ccc2nc3sc(C(=O)N4CCOCC4)c(N)c3cc2c1,0.248,21.11,Inactive,Active
3633,O=[N+]([O-])c1ccc(SCCCCCCO)c2nonc12,0.248,21.11,Inactive,Active
3634,CCCCn1c(N)c(C(=S)NC(=O)CC(C)(C)C)c(=O)n(C)c1=O,0.248,21.11,Inactive,Inactive
3635,Cc1ccc(F)cc1S(=O)(=O)N[C@@H]1CCN(Cc2ccc(CC(C)C)cc2)C1,0.248,21.11,Inactive,Inactive
3636,Fc1ccc(CCNCc2cccc(Cl)c2)cc1,0.248,21.11,Inactive,Inactive
3637,c1ccc2c(c1)NC(c1ccc3c(c1)OCCO3)n1cccc1-2,0.248,21.11,Inactive,Inactive
3638,C(#C[P+](c1ccccc1)(c1ccccc1)c1ccccc1)c1ccccc1,0.248,21.11,Inactive,Active
3639,O=C(CCc1ccccc1)NNC(=O)c1ccccn1,0.248,21.11,Inactive,Active
3640,C(=N/Nc1ccccn1)\c1cccnc1,0.248,21.11,Inactive,Active
3641,CCOc1cc(/C=C2\C(=O)NC(=O)N(CCc3ccc(F)cc3)C2=O)ccc1O,0.248,21.11,Inactive,Inactive
3642,C(=N/n1cnnc1)\c1ccccn1,0.248,21.11,Inactive,Inactive
3643,C(=N\Nc1nc2nc3ccccc3nc2s1)\c1cn(-c2ccccc2)nc1-c1cccs1,0.248,21.11,Inactive,Inactive
3644,O=C(CCn1cnc2ccccc21)N/N=C/c1c(O)ccc2ccccc12,0.248,21.11,Inactive,Inactive
3645,O=C(CC1OC(=O)c2ccccc21)c1ccco1,0.248,21.11,Inactive,Active
3646,COc1ccc(CSC2=C(C#N)C(=O)NC3(CCCCC3)S2)cc1,0.248,21.11,Inactive,Active
3647,CCN1C(=O)/C(=C2/C=Cc3cc(C)ccc3N2CC)N(C)C1=S,0.248,21.11,Inactive,Inactive
3648,Cc1c(N=NC2=C(O)CC(C)(C)CC2=O)c(=O)n(-c2ccccc2)n1C,0.248,21.11,Inactive,Inactive
3649,c1ccc(Nc2ccccn2)nc1,0.248,21.11,Inactive,Inactive
3650,C#CCSC1=C(C#N)C(c2cccs2)C(C(=O)OCC)=C(C)N1,0.248,21.11,Inactive,Inactive
3651,CCOC1=C(C)C(=O)c2ccn3c(C)ncc3c2C1=O,0.248,21.11,Inactive,Inactive
3652,c1ccc2c3c(ccc2c1)OCc1[se]nnc1-3,0.248,21.11,Inactive,Inactive
3653,O=C(/C(=C/c1ccc[nH]1)n1cnc2cc(Cl)ccc2c1=O)c1nccs1,0.248,21.11,Inactive,Inactive
3654,Fc1ccc(CCNCc2ccccc2Cl)cc1,0.248,21.11,Inactive,Active
3655,O/N=C/c1n(Cc2ccccc2)cc[n+]1-c1ccccc1,0.248,21.11,Inactive,Active
3656,CCOC(=O)c1sc2nc(C)nc(N3CCCCC3C)c2c1C,0.248,21.11,Inactive,Inactive
3657,COc1ccc(Cn2ccc3c(-c4ccco4)ncnc32)cc1,0.248,21.11,Inactive,Inactive
3658,O=C(CNc1ccc(Br)cc1)N/N=C/c1ccco1,0.248,21.11,Inactive,Inactive
3659,CCN1CCCC1Cn1cnc2c([nH]c3ccc(Cl)cc32)c1=O,0.248,21.11,Inactive,Active
3660,N#CC1=C(N)N(c2cccc(C(F)(F)F)c2)C2=C(C(=O)CCC2)C1c1cc2ccccc2nc1Oc1ccc(C#N)cc1,0.248,21.11,Inactive,Inactive
3661,Cc1ccc(NCc2ccc3oc(-c4ccccc4Cl)cc(=O)c3c2)cc1,0.248,21.11,Inactive,Inactive
3662,CCCCCCCCCCC1=C(O)C(=O)NC1=O,0.248,21.11,Inactive,Active
3663,C=C(C)c1cccc(C(C)(C)NC(=O)Nc2ccc(OC)nc2)c1,0.248,21.11,Inactive,Active
3664,COc1ccc(C2=NOC([C@@H]3CS3)C2)cc1,0.248,21.11,Inactive,Inactive
3665,CCCCCCCCCCCCCCC(=O)O[C@H](COC(=O)CCCCCC)CO[C@H]1O[C@H](CO)[C@@H](O)[C@H](O[C@@H]2O[C@H](C)[C@H](N)[C@H](O)[C@H]2NC(C)=O)[C@H]1O,0.248,21.11,Inactive,Active
3666,CN(C)/C=N/S(=O)(=O)c1ccc(-n2cc(-c3nnc(Nc4ccc(Cl)cc4)s3)c(-c3ccccc3)n2)cc1,0.248,21.11,Inactive,Inactive
3667,CCCCCCCCCCCCCC(=O)OCC[N+](C)(C)Cc1cnc(C)c2c1COC(C)(C)O2,0.248,21.11,Inactive,Inactive
3668,C[C@H]1COc2c(N3CCN(C)CC3)c(F)cc3c(=O)c(C(=O)NCCCCCNC(=O)c4cn5c6c(c(N7CCN(C)CC7)c(F)cc6c4=O)OC[C@@H]5C)cn1c23,0.248,21.11,Inactive,Inactive
3669,C[C@H]1COc2c(N3CCN(C)CC3)c(F)cc3c(=O)c(C(=O)NCCCCCCCCNC(=O)c4cn5c6c(c(N7CCN(C)CC7)c(F)cc6c4=O)OC[C@@H]5C)cn1c23,0.248,21.11,Inactive,Inactive
3670,C[C@H]1COc2c(N3CCN(C)CC3)c(F)cc3c(=O)c(C(=O)NCCCCCCCCCNC(=O)c4cn5c6c(c(N7CCN(C)CC7)c(F)cc6c4=O)OC[C@@H]5C)cn1c23,0.248,21.11,Inactive,Inactive
3671,C[C@H]1COc2c(N3CCN(C)CC3)c(F)cc3c(=O)c(C(=O)NCCCCCCCCCCNC(=O)c4cn5c6c(c(N7CCN(C)CC7)c(F)cc6c4=O)OC[C@@H]5C)cn1c23,0.248,21.11,Inactive,Inactive
3672,OC(CNc1ccc(C(F)(F)F)cc1)Cn1c2ccc(Cl)cc2c2cc(Cl)ccc21,0.248,21.11,Inactive,Inactive
3673,Cc1ccc(N=Cc2sc(O)c3ccccc23)cc1,0.248,21.11,Inactive,Inactive
3674,O=C(O)CCS(=O)(=O)c1ccc(-c2ccccc2)cc1,0.248,21.11,Inactive,Inactive
3675,CN(C)c1cc[n+](Cc2ccc(CCc3ccccc3)cc2)cc1,0.248,21.11,Inactive,Active
3676,CN(C)c1ccc(/C=C(/C#N)c2ccc(C#N)cc2)cc1,0.248,21.11,Inactive,Inactive
3677,CN(C)c1ccc(/C=C/c2cc(N3CCCC3)[n+](C)c3ccccc23)cc1,0.248,21.11,Inactive,Inactive
3678,CN(C)c1ccc(/C=C/c2cc(N3CCCCC3)c3ccccc3[n+]2C)cc1,0.248,21.11,Inactive,Inactive
3679,CCOC(=O)Cc1ccc(Nc2nc(NCc3ccccc3)nc3ccsc23)cc1,0.248,21.11,Inactive,Inactive
3680,CC(=O)c1ccc(-c2ccccc2)cc1,0.248,21.11,Inactive,Inactive
3681,CN(C)c1ccc(N=Nc2cccc(F)c2)cc1,0.248,21.11,Inactive,Inactive
3682,O=C(O)c1ccc(-c2ccccc2)nc1,0.248,21.11,Inactive,Active
3683,Cc1ccc(N2C(=O)[C@H]3[C@H](ON4[C@@H]3C(=O)N(C)[C@@]43C[C@H](C)CC[C@H]3C(C)C)C2=O)c(C)c1,0.248,21.11,Inactive,Inactive
3684,CC(=O)c1ccc(C(=O)Nc2sc3c(c2C(N)=O)CCN(Cc2ccccc2)C3)cc1,0.248,21.11,Inactive,Inactive
3685,CCCCCCCC[N+](C)(C)CC(=O)Nc1ccc(C(=O)/C=C/c2ccco2)cc1,0.248,21.11,Inactive,Active
3686,O=[N+]([O-])c1cn(CCN(CCBr)Cc2cccc(Cl)c2)cn1,0.248,21.11,Inactive,Inactive
3687,O=C(O)COc1cccc(/C=C2/S/C(=N\c3ccc(Cl)cc3)N(c3ccc(Cl)cc3)C2=O)c1,0.248,21.11,Inactive,Inactive
3688,O=[N+]([O-])c1cn(CCN(CCBr)Cc2ccc(Cl)cc2)cn1,0.248,21.11,Inactive,Inactive
3689,C[N+]1(C)CCC(OC(=O)C(O)(c2ccccc2)C2CCCC2)C1,0.248,21.11,Inactive,Inactive
3690,Nc1nc(SCC(=O)N2CCCC2)[nH]c(=O)c1NC(=O)c1cccs1,0.248,21.11,Inactive,Inactive
3691,COc1ccc(N2CSC3=C(C#N)C(c4cc(OC)ccc4OC)CC(=O)N3C2)c(OC)c1,0.248,21.11,Inactive,Active
3692,CCc1ccc(NC(=O)c2noc3c2CCc2ccccc2-3)cc1,0.248,21.11,Inactive,Inactive
3693,O=C(C[C@@H]1CCCCN1)Cn1cnc2cccnc2c1=O,0.248,21.11,Inactive,Inactive
3694,CCc1ccc(NC2=NCCCS2)cc1,0.248,21.11,Inactive,Active
3695,Cc1ccc(NC(=S)N/N=C2\C(=O)Nc3c(Br)cccc32)cc1,0.248,21.11,Inactive,Inactive
3696,Nc1nc(O)c2c(n1)CCc1c(Br)cccc1-2,0.248,21.11,Inactive,Inactive
3697,CCCCCCc1ccc(-c2ccc(C(=O)N[C@@H](CCCN)C(=O)N[C@H](C(=O)N[C@@H](C)C(=O)N[C@@H](CC(N)=O)C(=O)N[C@@H](C)B3OC4C[C@@H]5C[C@@H](C5(C)C)[C@]4(C)O3)[C@@H](C)O)cc2)cc1,0.248,21.11,Inactive,Active
3698,Cn1nc(-c2ccc3c(c2)OCO3)cc1N,0.248,21.11,Inactive,Active
3699,O=C(O)CN1C(=O)C2(OCCCO2)c2ccccc21,0.248,21.11,Inactive,Inactive
3700,CCN(CC)c1ccc(C2(O)C(=O)c3ccccc3C2=O)cc1,0.248,21.11,Inactive,Inactive
3701,CC(=O)c1c(OCCCN2CCSCC2)c2c(c3c1OC(C)(CCC=C(C)C)C=C3)OC(C)(CCC=C(C)C)C=C2,0.248,21.11,Inactive,Inactive
3702,N#CCC1c2ccccc2CCN1C(=O)Nc1ccc(Cl)cc1,0.248,21.11,Inactive,Inactive
3703,Oc1ccc2nc(-c3cccc4c(O)cccc34)oc2c1,0.248,21.11,Inactive,Active
3704,N#CCCN1CCN(CCC#N)CC1,0.248,21.11,Inactive,Inactive
3705,CCn1cc(C(=O)NNS(=O)(=O)c2ccc(C)cc2)c(=O)c2cc(F)c(Cl)cc21,0.248,21.11,Inactive,Active
3706,C[C@H]1[C@H](NC(=O)/C(=N\OCC(=O)N2CCC[C@@H]2C(=O)O)c2nsc(N)n2)C(=O)N1S(=O)(=O)O,0.248,21.11,Inactive,Inactive
3707,CCn1cc(C(=O)NNS(=O)(=O)c2ccc(C)cc2)c(=O)c2ccc(Cl)cc21,0.248,21.11,Inactive,Active
3708,Cc1cc(O)c(-c2cc(O)c(C)cc2O)cc1O,0.248,21.11,Inactive,Inactive
3709,O=C(O)COc1ccc(/C=C2/S/C(=N\c3ccc(Cl)cc3)N(c3ccc(Cl)cc3)C2=O)cc1,0.248,21.11,Inactive,Inactive
3710,OC(c1ccccc1)(c1ccccc1)C1CCN(Cc2ccc(-c3ccccc3)cc2)CC1,0.248,21.11,Inactive,Inactive
3711,CCOP(=O)(OCC)C(Nc1ccc(S(=O)(=O)Nc2nccs2)cc1)c1cc(O)c2c(c1)C(=O)c1cccc(O)c1C2=O,0.248,21.11,Inactive,Inactive
3712,CC(=O)NC[C@H]1CN(c2cc(F)c(N3CC(C)(O)C3)c(F)c2)C(=O)O1,0.248,21.11,Inactive,Inactive
3713,COc1cc(/C=C/c2ccccc2F)c(C(=O)O)c(O)c1CC=C(C)C,0.248,21.11,Inactive,Inactive
3714,COc1ccc(-c2[nH]ncc2CN(C)CC2COCCO2)c(OC)c1,0.248,21.11,Inactive,Inactive
3715,N[C@@H](C(=O)N[C@@H]1C(=O)N2C(C(=O)O)=C(Cc3cccnc3)CS[C@H]12)c1ccccc1,0.248,21.11,Inactive,Active
3716,O=c1cc(-c2ccccc2F)[nH]c2ccccc12,0.248,21.11,Inactive,Active
3717,COC(=O)c1sc(S(C)(=O)=O)c(C#N)c1-c1cccs1,0.248,21.11,Inactive,Inactive
3718,O=c1cc(-c2ccccc2)oc2c1ccc1ccccc12,0.248,21.11,Inactive,Inactive
3719,COc1ccccc1[C@@H]1C(c2ccc(F)cc2)=NN(c2ccccc2)[C@H]1C(=O)N1CCOC1=O,0.248,21.11,Inactive,Inactive
3720,O=C1Nc2ccccc2/C1=C\c1ccc(N2CCOCC2)cc1,0.248,21.11,Inactive,Inactive
3721,NC(=O)N/N=C/c1c(-c2ccccc2)n(CC(=O)c2ccc(-c3ccccc3)cc2)c2ccccc12,0.248,21.11,Inactive,Inactive
3722,O=C1Nc2ccccc2/C1=C/c1cnc(-c2ccccc2)[nH]1,0.248,21.11,Inactive,Active
3723,COC(C)(C)[C@H](O)COc1c2ccoc2cc2oc(=O)ccc12,0.248,21.11,Inactive,Inactive
3724,Clc1ccc(N/N=C/c2cccs2)nn1,0.248,21.11,Inactive,Inactive
3725,c1cncc(-c2ccc3c(N4CCN(Cc5noc(C6CCCC6)n5)CC4)ccnc3c2)c1,0.248,21.11,Inactive,Inactive
3726,O=C1CCCCC1Oc1ccc2ccc(=O)oc2c1,0.248,21.11,Inactive,Inactive
3727,COC1=CC2(Oc3ccc(-c4ccccc4)cc3C2=O)C(OC)=CC1O,0.248,21.11,Inactive,Inactive
3728,Cc1nn(C)c(Oc2ccc(Cl)cc2)c1C(=O)O,0.248,21.11,Inactive,Inactive
3729,O=C1Nc2c(I)cccc2/C1=N/NC(=S)Nc1ccc(Br)cc1,0.248,21.11,Inactive,Inactive
3730,COC1CCCCCCCCC[C@@H](C)NC(=O)/C=C/C1=O,0.248,21.11,Inactive,Inactive
3731,O=c1cc(CSc2nc(NCc3ccccc3)c3ccccc3n2)nc2ccc(Cl)cn12,0.248,21.11,Inactive,Inactive
3732,Cc1n[nH]c(C)c1CCCOc1ccccc1F,0.248,21.11,Inactive,Active
3733,COc1c2ccoc2c(OC[C@@H](O)C(C)(C)O)c2oc(=O)ccc12,0.248,21.11,Inactive,Inactive
3734,NC(=O)CC(NC(=O)Cc1ccc(Cl)cc1)c1ccc(NC2CCCCCC2)c([N+](=O)[O-])c1,0.248,21.11,Inactive,Inactive
3735,O=C(NCC1CC1)Nc1cccs1,0.248,21.11,Inactive,Inactive
3736,COc1cc(/C=C/c2cccc(F)c2)c(C(=O)O)c(O)c1CC=C(C)C,0.248,21.11,Inactive,Inactive
3737,Cc1coc2cc3oc(C(=O)Nc4ccc(C(=O)O)cc4)c(C)c3cc12,0.248,21.11,Inactive,Inactive
3738,Cc1coc2cc3oc(C(=O)Nc4ccc(O)cc4)c(C)c3cc12,0.248,21.11,Inactive,Inactive
3739,Cc1csc(N)c1C#N,0.248,21.11,Inactive,Inactive
3740,Clc1cccc(-n2nc(/C=C/c3c(Cl)cccc3Cl)cc2C2CCNCC2)c1,0.248,21.11,Inactive,Inactive
3741,CCN(CC)CCSc1cc(C)nc2c(C)c3nc(C)cc(SCCN(CC)CC)c3cc12,0.248,21.11,Inactive,Active
3742,O=C(Nc1ccccc1F)c1ccc2[nH]ccc2c1,0.248,21.11,Inactive,Inactive
3743,CC(C)(C)c1cc(C(=O)N2Cc3ccccc3C2)ccc1O,0.248,21.11,Inactive,Active
3744,Cc1cc(C)cc(-c2ccc(OCCN(C)C)c(/C=C/C(=O)c3cccc(NCCN(C)C)c3)c2)c1,0.248,21.11,Inactive,Inactive
3745,O=C1Nc2ccccc2C12OCC1(CO2)COC2(OC1)C(=O)Nc1ccccc12,0.248,21.11,Inactive,Inactive
3746,CC(C)(C)C1CCC2(CC1)Nc1cccc3cccc(c13)N2,0.248,21.11,Inactive,Inactive
3747,O=C1C=CC(=O)N1CCNc1ncc(C(F)(F)F)cc1Cl,0.248,21.11,Inactive,Inactive
3748,COc1cc2ccc3cccc(O)c3c2c(OC)c1O,0.248,21.11,Inactive,Inactive
3749,O=C1CCC(N2C(=O)c3ccccc3C2=O)C(=O)N1,0.248,21.11,Inactive,Inactive
3750,CS(=O)(=O)/C=C/C1=C(C(=O)O)N2C(=O)[C@@H](NC(=O)Cc3cccs3)[C@H]2SC1,0.248,21.11,Inactive,Active
3751,COc1cccc(C(=O)N2CCN(Cc3cn[nH]c3-c3ccc(F)cc3F)CC2)c1,0.248,21.11,Inactive,Inactive
3752,Cc1nc(C)c(-c2ccnc(/N=C/NO)n2)s1,0.248,21.11,Inactive,Active
3753,Cc1nc(C)c(-c2ccnc(N)n2)s1,0.248,21.11,Inactive,Active
3754,COC[C@H]1C(=O)O[C@H]([C@H](O)CO)[C@H](C)/C=C(\C)[C@@]23O[C@H]4[C@H](O)[C@H](C)[C@@H](O)[C@@H]2[C@H]4C=C[C@H]13,0.248,21.11,Inactive,Inactive
3755,O=C1NC(=O)C(=Cc2cn(-c3ccccc3)nc2-c2cc3cc(Cl)c(Cl)cc3oc2=O)C(=O)N1,0.248,21.11,Inactive,Inactive
3756,COc1ccc(S(=O)(=O)N2CCN(c3cc4c(cc3F)c(=O)c(C(=O)O)cn4C3CC3)CC2)cc1OC,0.248,21.11,Inactive,Inactive
3757,O=C1CSC(=O)N1CCOCCN1C(=O)CSC1=O,0.248,21.11,Inactive,Inactive
3758,CC(C)C[C@H](NC(=O)[C@H](CS)NC(=O)[C@H](Cc1cnc[nH]1)NC(=O)[C@H](C)NC(=O)[C@H](C)NC(=O)[C@H](CS)NC(=O)[C@H](C)NC(=O)[C@H](C)NC(=O)[C@@H](N)CC(=O)O)C(=O)N[C@@H](Cc1c[nH]c2ccccc12)C(=O)N[C@@H](CCCNC(=N)N)C(N)=O,0.248,21.11,Inactive,Inactive
3759,NC(CCC(=O)n1c(Cc2ccccc2)nc2ccccc2c1=O)C(=O)O,0.248,21.11,Inactive,Inactive
3760,O=C(Nc1ccc(Cl)c(COc2cccnc2)c1)c1cc(F)cc(N2CCOCC2)c1,0.248,21.11,Inactive,Active
3761,O=C(NCc1ccccn1)C1Nc2ccc(OC(F)(F)F)cc2C2C=CCC12,0.248,21.11,Inactive,Inactive
3762,Cc1nc2sc(C(=O)OC(C)C)c(N)c2c(C)c1C,0.248,21.11,Inactive,Inactive
3763,CC(=O)Nc1nc(C)c(-c2nn(CNc3ccc(C)cc3)c(=S)o2)s1,0.248,21.11,Inactive,Inactive
3764,Cc1nc2sc3c(c2c(=N)n1N)CCCC3,0.248,21.11,Inactive,Inactive
3765,CC(C)Cc1ccc(C(C)c2nnc3sc(Nc4ccc(F)cc4)nn23)cc1,0.248,21.11,Inactive,Inactive
3766,COc1cccc(NCn2nc(-c3sc(NC(C)=O)nc3C)oc2=S)c1,0.248,21.11,Inactive,Inactive
3767,Cc1cc(C)nc(SCC(=O)c2ccc(S(N)(=O)=O)c(Cl)c2)n1,0.248,21.11,Inactive,Active
3768,Cc1ncc(C[P+](c2ccccc2)(c2ccccc2)c2ccccc2)c(CO)c1O,0.248,21.11,Inactive,Inactive
3769,O=S(=O)(Nc1ccc(-c2nc3ccccc3o2)cc1)c1cccc(O)c1,0.248,21.11,Inactive,Inactive
3770,CO[C@@H](Cc1ccc2oc(CCCc3nc(-c4ccccc4)oc3C)nc2c1)C(=O)O,0.248,21.11,Inactive,Inactive
3771,COCCOCO[C@H](C)[C@H]1C(=O)N2C(C(=O)OCc3ccc([N+](=O)[O-])cc3)=CS[C@@H]12,0.248,21.11,Inactive,Inactive
3772,O=C1NC(=O)C(=Cc2cn(-c3ccccc3)nc2-c2cc3cc(Cl)ccc3oc2=O)C(=O)N1,0.248,21.11,Inactive,Inactive
3773,CCCn1c(=N)c(C(=O)NCC2CCCO2)cc2c(=O)n3cccc(C)c3nc21,0.248,21.11,Inactive,Inactive
3774,O=C1Nc2c(Br)cccc2/C1=N/NC(=S)Nc1cccc(Cl)c1,0.248,21.11,Inactive,Inactive
3775,O=C1Nc2c(F)cccc2/C1=N/NC(=S)Nc1cccc(Cl)c1,0.248,21.11,Inactive,Inactive
3776,O=C1Nc2c(F)cccc2/C1=N/NC(=S)Nc1ccc(F)cc1,0.248,21.11,Inactive,Inactive
3777,O=C1Nc2c(Br)cccc2/C1=N/NC(=S)Nc1cccc(F)c1,0.248,21.11,Inactive,Inactive
3778,O=C(NCCc1c[nH]c2ccccc12)c1cnc2sccn2c1=O,0.248,21.11,Inactive,Inactive
3779,Cc1ncc2c(c1O)COC2=O,0.248,21.11,Inactive,Active
3780,COc1cccc(C2=NO[C@@H]3C(=O)N(Cc4ccccc4)C(=O)[C@H]23)c1OC,0.248,21.11,Inactive,Inactive
3781,O=C1CC[C@H](N2C(=O)c3ccccc3C2=O)C(=O)N1,0.248,21.11,Inactive,Active
3782,Cc1nc2c3ccccc3nc(NNC(=O)CCC(=O)N3CCCC(C)C3)n2n1,0.248,21.11,Inactive,Inactive
3783,NC(N)=NCCC[C@H](NC(=O)[C@@H](N)Cc1ccccc1)C(=O)OCc1ccccc1,0.248,21.11,Inactive,Inactive
3784,COCCNC(=O)c1ccc(-c2cn[nH]c2)c2ccoc12,0.248,21.11,Inactive,Inactive
3785,Cc1ncc([N+](=O)[O-])n1CC/N=C/c1ccco1,0.248,21.11,Inactive,Inactive
3786,O=C1Nc2c(Br)cccc2/C1=N/NC(=S)Nc1ccc(Br)cc1,0.248,21.11,Inactive,Inactive
3787,O=C1NCCCC2c3cc(O)c4ccccc4c3OC12N1CCCCC1,0.248,21.11,Inactive,Active
3788,Cc1nc2ccc(NC(=O)c3nn(C(C)C)c(=O)c4ccccc34)cc2s1,0.248,21.11,Inactive,Inactive
3789,O=C(Nc1cccc(-c2nn[nH]n2)c1)c1cccc(-c2ncccn2)c1,0.248,21.11,Inactive,Active
3790,COc1cccc(N=Cc2c[nH][nH]c2=O)c1,0.248,21.11,Inactive,Inactive
3791,COc1ccc(-c2sc(S)n[n+]2C(=O)c2ccc(Nc3nc(-c4ccccc4)nc4ccccc34)cc2)cc1[N+](=O)[O-],0.248,21.11,Inactive,Active
3792,Cc1ncc([N+](=O)[O-])n1C/C(=N/NC(=O)c1ccccc1)c1ccc(Br)cc1,0.248,21.11,Inactive,Inactive
3793,Cc1noc(C)c1COc1cccc(C(=O)N[C@@H](Cc2ccccc2)c2nc3ccccc3[nH]2)c1,0.248,21.11,Inactive,Inactive
3794,COC(=O)C1=C(C)NC(C)=C(C(=O)OC)C1c1ccccc1[N+](=O)[O-],0.248,21.11,Inactive,Inactive
3795,COc1cc(O)ccc1-c1nnc2cc(C)nc(C)n12,0.248,21.11,Inactive,Active
3796,Cc1ccsc1C1Nc2ccc3ncccc3c2C2=C1C(=O)CC(C)(C)C2,0.248,21.11,Inactive,Inactive
3797,CC(C)(C)c1ccc(C[C@H](N)C(=O)N[C@@H](CCCN=C(N)N)C(=O)OCc2ccccc2)cc1,0.248,21.11,Inactive,Inactive
3798,CC(=O)N[C@@H](CCCNC(=O)C[C@@H](N)CCCN)CC(=O)N[C@@H]1[C@H](O)[C@@H](OC(N)=O)[C@@H](CO)O[C@H]1/N=C1\N[C@@H]2[C@H](O)CNC(=O)[C@H]2N1,0.248,21.11,Inactive,Inactive
3799,O=C1C=C(N2CCOCC2)c2ccccc2C1=O,0.248,21.11,Inactive,Active
3800,Cc1cn(COCCN)c(=O)[nH]c1=O,0.248,21.11,Inactive,Inactive
3801,Clc1cc(Br)ccc1OCCn1ccnc1,0.248,21.11,Inactive,Inactive
3802,Cc1oc(-c2ccc(Cl)cc2)nc1CSc1nc2ccncc2[nH]1,0.248,21.11,Inactive,Inactive
3803,COc1ccc2ccc(O)c(C(c3ccccn3)N3CCC(C)CC3)c2c1,0.248,21.11,Inactive,Inactive
3804,CC(C)(C)c1ccc(-c2ccnc(CNC(=N)N)c2)cc1,0.248,21.11,Inactive,Inactive
3805,C#Cc1ccc(S(=O)(=O)N[C@@H]2CCN(Cc3ccc(CC(C)C)cc3)C2)cc1,0.248,21.11,Inactive,Inactive
3806,Nc1c(O)n(Cc2ccccc2)c(=O)[nH]c1=O,0.248,21.11,Inactive,Active
3807,COc1cc(CNCCc2c[nH]c3ccccc23)ccc1OCc1ccc(F)cc1,0.248,21.11,Inactive,Active
3808,O=C(Nc1ccc(Cl)cc1)N1CCC(c2ccccc2)C1,0.248,21.11,Inactive,Inactive
3809,O=C(c1ccccc1)c1cccs1,0.248,21.11,Inactive,Inactive
3810,COC(=O)C1=C(C)NC(C)=C(C(=O)OCCCN2CCC(c3ccccc3)(c3ccccc3)CC2)C1c1cccc([N+](=O)[O-])c1,0.248,21.11,Inactive,Inactive
3811,O=C(c1ccc(Nc2nc(-c3ccccc3)nc3ccccc23)cc1)[n+]1nc(S)sc1-c1cc([N+](=O)[O-])ccc1Cl,0.248,21.11,Inactive,Active
3812,N=c1c2c(-c3ccccc3)c(-c3ccccc3)oc2ncn1CCN1CCOCC1,0.248,21.11,Inactive,Inactive
3813,ClCC1=Nc2cccc3cccc(c23)N1,0.248,21.11,Inactive,Inactive
3814,CC1(C)CC(=O)c2c(-c3cccnc3)n[nH]c2C1,0.248,21.11,Inactive,Inactive
3815,OC(CNCCOc1ccccc1C(F)(F)F)COc1ccc(C(F)(F)F)cc1,0.248,21.11,Inactive,Inactive
3816,CCN(CC)CCNc1nc(-c2ccc(OC)cc2)c(-c2ccc(OC)cc2)s1,0.248,21.11,Inactive,Inactive
3817,CC1(C)CC(=O)C=C(Nc2ccc(Br)cn2)C1,0.248,21.11,Inactive,Inactive
3818,COc1ccc(OC)c(C2=NO[C@@H]3C(=O)N(c4cc(Cl)ccc4OC)C(=O)[C@H]23)c1,0.248,21.11,Inactive,Inactive
3819,Cn1c(=O)c2ncn(C)c2n(C)c1=O,0.248,21.11,Inactive,Inactive
3820,CC(=O)NC[C@H]1CN(c2ccc(N3CCN(CCCn4cnc([N+](=O)[O-])c4)CC3)c(F)c2)C(=O)O1,0.248,21.11,Inactive,Active
3821,CC(=O)NC[C@H]1CN(c2ccc(N3CCN(Cc4ccc([N+](=O)[O-])o4)CC3)c(F)c2)C(=O)O1,0.248,21.11,Inactive,Active
3822,Cn1c(=O)c2nc(NNC(=O)c3ccccc3)cnc2n(C)c1=O,0.248,21.11,Inactive,Active
3823,O=c1oc2ccccc2cc1-c1csc(N2N=C(c3ccc(F)cc3)C[C@@]2(O)C(F)(F)F)n1,0.248,21.11,Inactive,Active
3824,CC1(C)CC(=O)C2=C(C1)Nc1nc(N)[nH]c(=O)c1C2c1ccc([N+](=O)[O-])cc1,0.248,21.11,Inactive,Inactive
3825,COc1ccc2c3c([nH]c2c1)C1CC2C(CC(O)C(OC)C2C(=O)O)CN1CC3,0.248,21.11,Inactive,Inactive
3826,Cc1cc(C(=O)O)ccc1-n1c(C)cc(C=C2C(=O)c3ccccc3C2=O)c1C,0.248,21.11,Inactive,Inactive
3827,Cc1cc(C)c(C)c(OCCCn2ccnc2)c1,0.248,21.11,Inactive,Inactive
3828,CC(=O)OCC1=C(C(=O)O)N2C(=O)C(NC(=O)C(N)c3cccc4c3OCO4)C2SC1,0.248,21.11,Inactive,Inactive
3829,CC(C)(C)c1ccc(-c2cccc(CNC(=N)N)c2)cc1,0.248,21.11,Inactive,Active
3830,O=C1c2ccccc2C(=O)c2cnccc21,0.248,21.11,Inactive,Inactive
3831,O=C1/C(=C/c2ccc3c(c2)OCO3)CS(=O)(=O)c2ccccc21,0.248,21.11,Inactive,Inactive
3832,CC(C)(C)c1cc(NC(=O)Nc2cccc(Cl)c2Cl)n(-c2ccccc2)n1,0.248,21.11,Inactive,Active
3833,CCOC(=O)C1=C(C)NC(C)=C(C(=O)OCC)C1c1cc(OC)ccc1OC,0.248,21.11,Inactive,Inactive
3834,Cn1c(/C=C2\S/C(=N/c3nc4ccccc4s3)NC2=O)ccc1[N+](=O)[O-],0.248,21.11,Inactive,Inactive
3835,CCOC(=O)C1=C(C)NC(C)=C(C(=O)OCC)C1c1ccc(NC(=O)Nc2cc(C(F)(F)F)ccc2Cl)cc1,0.248,21.11,Inactive,Inactive
3836,Nc1c(Cl)cc(Cl)cc1C1(Nc2ccc(Cl)cc2Cl)C(=O)c2ccccc2C1=O,0.248,21.11,Inactive,Inactive
3837,COC(=O)[C@@H]1CCCc2c1[nH]c1ccc(Cl)cc21,0.248,21.11,Inactive,Inactive
3838,CCOC(=O)C1=C(C)NC(C)=C(C(=O)OCC)C1c1cc(OC)c(OC)c(OC)c1,0.248,21.11,Inactive,Inactive
3839,COc1ccc2nc(NC(=O)c3ccc(Br)cc3)[nH]c2c1,0.248,21.11,Inactive,Inactive
3840,Cn1c(-c2c(N)n(-c3ccccc3)c3nc4ccccc4nc23)nc2ccccc21,0.248,21.11,Inactive,Inactive
3841,CC(CO)(CO)NCc1ccc(-c2ccccc2)cc1,0.248,21.11,Inactive,Inactive
3842,Cc1ccc(-[n+]2ccn(Cc3ccccc3)c2/C=N/O)cc1,0.248,21.11,Inactive,Active
3843,CC(CCc1ccccc1)NC(=O)C1CCCN(C(=O)c2cc3sccc3n2C)C1,0.248,21.11,Inactive,Inactive
3844,COc1ccc(OCC(O)CNc2ccc(Br)cc2)cc1,0.248,21.11,Inactive,Active
3845,Clc1cc2c(c3ncccc13)OCN(CCCCc1ccccc1)C2,0.248,21.11,Inactive,Inactive
3846,CC(C)C1Oc2ccccc2N(CC(=O)N(Cc2ccccn2)C2CC2)C1=O,0.248,21.11,Inactive,Inactive
3847,O=C(O)c1ccc(-n2nc3c(=O)n(-c4ccc(C(=O)O)cc4)nc(-c4ccccc4)c3c2-c2ccccc2)cc1,0.2452,20.91,Inactive,Inactive
3848,COc1ccc(-c2nn(-c3ccc([N+](=O)[O-])cc3)cc2-c2nnc(-c3ccccc3)o2)cc1,0.2424,20.72,Inactive,Inactive
3849,C#CCn1c(=O)oc2ccc(Cl)cc21,0.2424,20.72,Inactive,Inactive
3850,N#Cc1c(O)ncc(/C=N/N=C/c2ccccc2)c1Nc1ccccc1,0.2424,20.72,Inactive,Inactive
3851,Cc1c2cc[n+](C)cc2c(C)c2c1[nH]c1ccc(O)c(N=C(CC(C)C)C(=O)O)c12,0.2424,20.72,Inactive,Active
3852,CC(C)NC(=O)O[C@H](C)[C@H]1C(=O)N2C(C(=O)OCc3ccc([N+](=O)[O-])cc3)=CS[C@@H]12,0.2312,19.91,Inactive,Inactive
3853,COC(=O)C(C)(O)[C@](O)(C[C@H](C)CCC/C(C)=C/CC/C(C)=C/CCC1=CCN(CC(=O)O)C1=O)C(=O)OC,0.2312,19.91,Inactive,Inactive
3854,Cc1cccc(NC(=S)N/N=C2\C(=O)Nc3c(F)cccc32)c1,0.2312,19.91,Inactive,Inactive
3855,O=C(Nc1ccccc1)Nc1ccc(-c2nnc3n2CCCCC3)cc1,0.2312,19.91,Inactive,Inactive
3856,CCOC(=O)c1c(C)sc2c1N(C(=O)CN(CC)CC)c1cc(Cl)ccc1S2,0.2312,19.91,Inactive,Inactive
3857,c1ccc(CN2CCC(Nc3nc(-c4cccs4)nc4ccccc34)CC2)cc1,0.2312,19.91,Inactive,Active
3858,COc1c(O)cc2c(O)c1C[C@@H](C)C[C@H](OC)[C@H](O)[C@@H](C)C[C@@H](C)[C@H](OC(N)=O)[C@@H](OC)CCC[C@H](C)[C@H](O)N2,0.2312,19.91,Inactive,Active
3859,COc1ccc(CN2CCc3c(sc(NC(=O)c4cc(OCCNC(=O)C(F)(F)F)ccc4Cl)c3C#N)C2)cc1,0.2312,19.91,Inactive,Inactive
3860,CC(=O)c1ccc2c(c1OCC(=O)NCCCN1CCCC1)C=CC(C)(CCC=C(C)C)O2,0.2312,19.91,Inactive,Inactive
3861,COc1cccc(NC(=S)N/N=C2\C(=O)Nc3c(F)cccc32)c1,0.2312,19.91,Inactive,Inactive
3862,O=C(c1cc2cc(Cl)ccc2[nH]1)N1CCC2(CC1)OCCO2,0.2312,19.91,Inactive,Inactive
3863,Cn1ncc2c(NNC(=O)Cc3ccccc3)ncnc21,0.2312,19.91,Inactive,Inactive
3864,Nc1ncc(-c2ccc(NC(=O)c3cc(F)cc(F)c3)cc2)cn1,0.2312,19.91,Inactive,Inactive
3865,Cn1cc(NC(=O)c2cc(NC=O)cn2C)cc1C(=O)NCCC(=N)N,0.2312,19.91,Inactive,Inactive
3866,CC(C)C[C@@H]1NC(=O)[C@@H](Cc2ccccc2)NC(=O)[C@H](CCN)NC(=O)[C@@H](NC(=O)[C@H](CCN)NC(=O)[C@@H](NC(=O)[C@H](Cc2c[nH]c3ccccc23)NC(=O)O)[C@@H](C)O)CCNC(=O)[C@H]([C@@H](C)O)NC(=O)[C@H](CCN)NC(=O)[C@H](CCN)NC1=O,0.2312,19.91,Inactive,Inactive
3867,O=C1CSC(NN=C2CCCC2)=N1,0.2312,19.91,Inactive,Inactive
3868,NC(=O)c1cccn2cc(-c3cccc(-c4cncc(OCC(F)F)c4)c3)nc12,0.2312,19.91,Inactive,Inactive
3869,O=C(NCC1(C2NC(c3ccccc3)=CS2)CCOCC1)c1cccc(-c2noc(C(F)(F)F)n2)c1,0.2312,19.91,Inactive,Active
3870,CCSc1nnc(SCC(=O)c2ccc3[nH]c(=O)[nH]c3c2)s1,0.2312,19.91,Inactive,Inactive
3871,COc1ccc(C2=NOC([C@H]3CS3)C2)cc1,0.2312,19.91,Inactive,Inactive
3872,Cc1ncc([N+](=O)[O-])n1C/C(=N/NC(=O)c1ccc(N)cc1)c1ccc(Br)cc1,0.2312,19.91,Inactive,Inactive
3873,O=C1CSc2ccc(Cl)cc2N1CC1CCCO1,0.2312,19.91,Inactive,Inactive
3874,O=C(O)CCN1C(=O)CC(N2C(=O)/C(=C/c3ccc(Cl)cc3)SC2=S)C1=O,0.2312,19.91,Inactive,Active
3875,COc1ccc2nc(OC)c([C@@H](c3ccccc3)[C@](O)(CCN(C)C)c3ccccc3)cc2c1,0.2312,19.91,Inactive,Active
3876,CN(C)c1ccc(C(=C2C=CC(=[N+](C)C)C=C2)c2ccc(N(C)C)cc2)cc1,0.2312,19.91,Inactive,Active
3877,CCOC(=O)C1=C(C)NC(C)=C(C(=O)OCC)C1c1ccc(NC(=O)Nc2ccc(C(F)(F)F)cc2)cc1,0.2312,19.91,Inactive,Inactive
3878,Nc1cc(N)nc(SCc2cc(=O)oc3cc4c(cc23)CCC4)n1,0.2312,19.91,Inactive,Inactive
3879,N#CC1(c2ccccc2)CCN(C(=S)S)CC1,0.2312,19.91,Inactive,Active
3880,Cc1cccn2c(=O)c(C=O)c(Cl)nc12,0.2312,19.91,Inactive,Active
3881,C[C@@H](NC(=O)c1cc(F)ccc1O)c1ccc(Br)cc1,0.2312,19.91,Inactive,Active
3882,Cc1c(C(=O)NN)sc(C(=O)NN)c1C,0.2312,19.91,Inactive,Inactive
3883,Cc1ccc(/C=C2/SC(=O)NC2=S)o1,0.2312,19.91,Inactive,Active
3884,CN(C)c1ccc(NC(=O)Nc2ccc3snnc3c2)cc1,0.2312,19.91,Inactive,Inactive
3885,CCOc1nc(-c2ccccc2)ccc1-c1noc(-c2ccco2)n1,0.2312,19.91,Inactive,Inactive
3886,Nc1ccc(S(=O)(=O)NCc2nc3ccccc3c(=O)n2-c2cccc(Cl)c2)cc1,0.2312,19.91,Inactive,Inactive
3887,CCOc1ccc(/C(O)=C2\C(=O)C(=O)N(CCN(C)C)C2c2cccc(OC)c2OC)cc1Cl,0.2312,19.91,Inactive,Inactive
3888,CC(C)=CCCc1ccc(C=O)c(-c2ccc(N(C)C)cc2)c1,0.2312,19.91,Inactive,Inactive
3889,COc1cc(/C=C/c2ccc(C(F)(F)F)cc2)c(C(=O)O)c(O)c1CC=C(C)C,0.2312,19.91,Inactive,Inactive
3890,CCCCCCC1=CC=C(C=O)C(C)(CCCCCC)C1,0.2312,19.91,Inactive,Inactive
3891,CC1=C(C#N)C(Nc2cccc(C)n2)(C(F)(F)F)C(=O)N1,0.2312,19.91,Inactive,Inactive
3892,O=C(C[n+]1ccccc1)c1ccc(-c2ccccc2)cc1,0.2312,19.91,Inactive,Active
3893,O=C(Nc1nc2ccccc2[nH]1)c1ccccc1O,0.2312,19.91,Inactive,Inactive
3894,CCCCCCCC/C=C\CCCCCCCC(=O)O[C@H]1CC[C@@]2(C)C(=CC[C@H]3[C@@H]4CC[C@H]([C@H](C)CCCC(C)C)[C@@]4(C)CC[C@@H]32)C1,0.2312,19.91,Inactive,Inactive
3895,O=C(/C=C/Nc1ccc(Oc2ccccc2)cc1)c1ccco1,0.2286,19.72,Inactive,Inactive
3896,O=C(CC1SC(=NCc2ccccc2)NC1=O)Nc1ccccc1,0.2286,19.72,Inactive,Inactive
3897,CCCCCCCn1c(C(=O)/C=C/c2ccc(Cl)cc2)nc2ccccc21,0.2286,19.72,Inactive,Inactive
3898,COc1ccc(CC2c3cc(OC)c(OC)cc3CCN2C)cc1OC,0.2286,19.72,Inactive,Inactive
3899,CCOC(=O)Nc1cc(NC(C)CC(C)CN(CC)CC)c2nc(-c3ccccc3)c(-c3ccccc3)nc2n1,0.2286,19.72,Inactive,Inactive
3900,c1cc(CNc2ccc3c(c2)OCO3)ccn1,0.2286,19.72,Inactive,Active
3901,COc1cc(/C=C/c2ccc(F)cc2)c(C(=O)O)c(O)c1CC=C(C)C,0.2286,19.72,Inactive,Inactive
3902,O=C(O)COc1ccc(/C=C2/S/C(=N\c3cccc(Cl)c3)N(c3cccc(Cl)c3)C2=O)cc1,0.2286,19.72,Inactive,Inactive
3903,O=CN1N=C(c2ccc(Br)cc2)CC1c1cccc(Nc2ccnc3cc(Cl)ccc23)c1,0.2286,19.72,Inactive,Inactive
3904,CC(C)(Oc1ccc(C2CC2(Cl)Cl)cc1)C(=O)O,0.2286,19.72,Inactive,Inactive
3905,O=C1CCCN1c1ccc(S(=O)(=O)O)cc1,0.2286,19.72,Inactive,Inactive
3906,O=C(c1ccccc1)C(O)c1ccccc1,0.2286,19.72,Inactive,Inactive
3907,C[C@@H]1O[C@@H](Oc2ccc(O)cc2[C@@H]2CC(=O)c3c(O)cc(O)cc3O2)[C@H](O)[C@H](O[C@@H]2O[C@H](CO)[C@@H](O)[C@H](O)[C@H]2O)[C@H]1O,0.2286,19.72,Inactive,Inactive
3908,CNCCN1CCC(c2ccc3[nH]c(-c4ccccc4OC)c(F)c3c2)CC1,0.2286,19.72,Inactive,Active
3909,CCC(C)c1ccccc1OCCn1ccnc1,0.2286,19.72,Inactive,Inactive
3910,COc1ccc(C(=O)c2[nH]c(N)c(C(N)=O)c2-c2ccc(OC)c(OC)c2)cc1,0.2286,19.72,Inactive,Inactive
3911,Cc1cc2nnc(-c3ccc(Cl)cc3)n2c(C)n1,0.2286,19.72,Inactive,Inactive
3912,O=[N+]([O-])c1c(NCCO)cc(N2CCN(Cc3ccc4c(c3)OCO4)CC2)c2nonc12,0.2286,19.72,Inactive,Inactive
3913,CNC(=S)NNC(=O)Cn1c(=O)oc2ccc(C)cc21,0.2286,19.72,Inactive,Inactive
3914,CCN1CCN(c2c(Cl)cccc2NC(=O)c2ccc3c(c2)OCCO3)CC1,0.2286,19.72,Inactive,Inactive
3915,COc1ccc(-c2coc3cc(O[C@@H]4O[C@H](CO[C@@H]5O[C@@H](C)[C@H](O)[C@@H](O)[C@H]5O)[C@@H](O)[C@H](O[C@@H]5O[C@H](CO[C@@H]6O[C@@H](C)[C@H](O)[C@@H](O)[C@H]6O)[C@@H](O)[C@H](O)[C@H]5O)[C@H]4O)c(OC)c(OC)c3c2=O)cc1,0.2286,19.72,Inactive,Inactive
3916,Nc1cc(N)nc(SCC(=O)Nc2ccc3c(c2)OCCCO3)n1,0.2286,19.72,Inactive,Inactive
3917,CN1CCN(C(=O)/C=C\C(=O)O)CC1,0.2286,19.72,Inactive,Inactive
3918,CCCC(=O)N(CCN1CCOCC1)c1nc2c(F)cc(F)cc2s1,0.2286,19.72,Inactive,Inactive
3919,CC1/C=C/C=C/CC/C=C/C=C/C=C/C=C/C(OC2OC(C)C(O)C(N)C2O)CC2OC(CC(O)C(O)CCC(O)CC(O)CC(O)CC(=O)OC(C)C(C)C1O)CC(O)C2C(=O)O,0.2286,19.72,Inactive,Inactive
3920,CN(C)c1ccc(C2(O)C(=O)c3ccccc3C2=O)cc1,0.2286,19.72,Inactive,Inactive
3921,CCOC(=O)C1=C(C)NC(C)=C(C(=O)OCC)C1c1ccc(Cl)cc1,0.2286,19.72,Inactive,Inactive
3922,O=C1CC(=O)CC(c2ccco2)C1,0.2286,19.72,Inactive,Inactive
3923,Cn1cccc1/C=C1\C(=O)NC(=O)N(Cc2ccco2)C1=O,0.2286,19.72,Inactive,Inactive
3924,CCCCCCCC(=O)OCC(=O)N1CCN(c2cc3c(cc2F)c(=O)c(C(=O)O)cn3C2CC2)CC1,0.2286,19.72,Inactive,Inactive
3925,CCC(C)C(=O)OC1CCC=C2C=CC(C)C(CCC3CC(O)CC(=O)O3)C21,0.2283,19.7,Inactive,Inactive
3926,CC1Oc2ccc3cc(Br)ccc3c2-c2nn[se]c21,0.2283,19.7,Inactive,Inactive
3927,Cc1cc(C=O)c(C)n1-c1ccc(Cl)c(C(=O)O)c1,0.2283,19.7,Inactive,Inactive
3928,COC(=O)c1c(/C=C/c2cccc(C#N)c2)cc(OC)c(CC=C(C)C)c1O,0.2283,19.7,Inactive,Inactive
3929,COc1ccc2nc(Oc3ccc(C#N)cc3)c(C3C(C#N)=C(N)N(c4cccc(C(F)(F)F)c4)C4=C3C(=O)CCC4)cc2c1,0.2283,19.7,Inactive,Inactive
3930,O=[N+]([O-])c1c(Nc2cc(F)cc(Cl)c2)ccc2nonc12,0.2283,19.7,Inactive,Active
3931,C=CCc1ccc(O)c(-c2cc(/C=C/C)ccc2O)c1,0.2283,19.7,Inactive,Active
3932,O=C1CSC(c2ccco2)N1n1c(Cc2ccccc2Nc2c(Cl)cccc2Cl)n[nH]c1=S,0.2283,19.7,Inactive,Inactive
3933,CC[C@@H](C(=O)[C@@H](C)[C@@H](O)[C@H](C)[C@@H]1O[C@@H]([C@@H](CC)C(=O)N2CCNCC2)CC[C@@H]1C)[C@H]1O[C@]2(C=C[C@@H](O)[C@]3(CC[C@@](C)([C@H]4CC[C@](O)(CC)[C@H](C)O4)O3)O2)[C@H](C)C[C@@H]1C,0.2283,19.7,Inactive,Inactive
3934,CC[C@@H](C(=O)[C@@H](C)[C@@H](O)[C@H](C)[C@@H]1O[C@@H]([C@@H](CC)C(=O)N2CCOCC2)CC[C@@H]1C)[C@H]1O[C@]2(C=C[C@@H](O)[C@]3(CC[C@@](C)([C@H]4CC[C@](O)(CC)[C@H](C)O4)O3)O2)[C@H](C)C[C@@H]1C,0.2283,19.7,Inactive,Inactive
3935,CC[C@@H]([C@H](C)O)n1ncn(-c2ccc(N3CCN(c4ccc(OC[C@@H]5CO[C@@](Cn6cncn6)(c6ccc(F)cc6F)C5)cc4)CC3)cc2)c1=O,0.2283,19.7,Inactive,Inactive
3936,CCOc1ccccc1CNCCN1CCOCC1,0.2283,19.7,Inactive,Inactive
3937,NC[C@H]1O[C@@H](O[C@@H](c2cn(Cc3ccc(COc4ccc(C(=O)c5ccccc5)cc4)cc3)nn2)[C@H]2O[C@@H](n3ccc(=O)[nH]c3=O)[C@H](O)[C@@H]2O)[C@H](O)[C@@H]1O,0.2283,19.7,Inactive,Inactive
3938,c1cn(CCCCn2ccc(=NC3CCCCC3)cc2)ccc1=NC1CCCCC1,0.2283,19.7,Inactive,Inactive
3939,O=C(NCCCN1CCCC1)c1ccc2c(c1)N(Cc1ccccc1)CCS2,0.2283,19.7,Inactive,Inactive
3940,O=[N+]([O-])c1ccccc1S(=O)(=O)n1nnc2ccccc21,0.2283,19.7,Inactive,Inactive
3941,CC(C)c1ccc2c(c1)CC[C@H]1[C@](C)(CNCc3ccccc3)CCC[C@]21C,0.2283,19.7,Inactive,Inactive
3942,Clc1ccc(CNCc2cccs2)cc1Cl,0.2283,19.7,Inactive,Active
3943,CC(C)N1CCN(c2nc(Nc3ccc(C#N)c(C(F)(F)F)c3)nc(Oc3ccnc4ccccc34)n2)CC1,0.2283,19.7,Inactive,Inactive
3944,O=C1O[C@H]2Cc3ccccc3[C@H]2NC(=O)c2cccc(n2)C(=O)N[C@@H]2c3ccccc3C[C@@H]2OC(=O)c2cccc1c2,0.2283,19.7,Inactive,Inactive
3945,Cc1c(C(=O)O)cccc1-n1c(C)cc(/C=N/Nc2ccc([N+](=O)[O-])cn2)c1C,0.2283,19.7,Inactive,Inactive
3946,CNC(=N)NCCC/C=C/CCC[C@H](C)C[C@H](C)[C@H]1OC(=O)[C@H](C)[C@H](O)/C=C/[C@H](C)[C@H](O)C[C@H](O)[C@H](C)[C@@H](O)CC[C@H](C)[C@H](O)C[C@]2(OC)O[C@H](C[C@@H](OC(=O)CC(=O)O)C[C@H](O)C[C@@H](O)[C@H](C)[C@H](O)/C=C/C=C/[C@@H]1C)C[C@H](O)[C@H]2O,0.2283,19.7,Inactive,Inactive
3947,COC(=O)C1C(O)CCC2CN3CCc4c([nH]c5ccccc45)C3CC21,0.2283,19.7,Inactive,Inactive
3948,CO/N=C1\CCN(c2nc3c(cc2F)c(=O)c(C(=O)O)cn3-c2nc(N)c(F)cc2F)CC1O,0.2283,19.7,Inactive,Inactive
3949,O=CN1N=C(c2ccc(Cl)cc2)CC1c1cccc(Nc2ccnc3cc(Cl)ccc23)c1,0.2283,19.7,Inactive,Inactive
3950,Cn1c(=O)c2c(nc(N/N=C/c3cccnc3)n2Cc2ccc(F)cc2)n(C)c1=O,0.2283,19.7,Inactive,Inactive
3951,C(=N/c1ccccn1)\c1cccc2ccccc12,0.2283,19.7,Inactive,Inactive
3952,Cc1ccc(C(=O)Nc2ccccc2C(=O)NC(Cc2ccccc2)C(=O)O)cc1,0.2283,19.7,Inactive,Inactive
3953,CC1=C(/C=C/C(=O)/C=C/c2ccc(Cl)cc2)C(C)(C)CCC1,0.2283,19.7,Inactive,Active
3954,O=C(Nc1ccc(Br)cc1)c1ccc2[nH]ccc2c1,0.2283,19.7,Inactive,Inactive
3955,Nc1ccc(N2CCN(c3ccc(Cl)c(Cl)c3)CC2)cc1,0.2283,19.7,Inactive,Inactive
3956,CC1=C2[C@@H](O)[C@]3(C)[C@@H](C)CC[C@H]4O[C@]43C[C@@]2(O)OC1=O,0.2283,19.7,Inactive,Inactive
3957,CC1=CC=C(C=O)C(C)(C)C1,0.2283,19.7,Inactive,Inactive
3958,c1ccc2c(c1)c(N1CCNCC1)nn1cnnc21,0.2283,19.7,Inactive,Inactive
3959,O=C(CC12CC3CC(CC(C3)C1)C2)Nc1cc[n+](CCCOc2ccc(C(=O)/C=C/c3ccccc3)cc2)cc1,0.2283,19.7,Inactive,Inactive
3960,CC1(C)C2CC[C@]3(C)OB(CC[C@H](NC(=O)CN)C(=O)O)O[C@]13C2,0.2283,19.7,Inactive,Inactive
3961,COc1ccc(-n2c(CNS(=O)(=O)c3ccc(NC(C)=O)cc3)nc3ccccc3c2=O)cc1,0.2283,19.7,Inactive,Inactive
3962,CCOC(=O)C1=C(C)NC(C)=C(C(=O)OCC)C1c1ccc(OC)cc1,0.2283,19.7,Inactive,Inactive
3963,CCOC(=O)c1sc2nc(N3CCOCC3)c3c(c2c1N)CCCC3,0.2283,19.7,Inactive,Inactive
3964,OCC1OC(n2cnc3c(NC4CCCC4)ncnc32)C(O)C1O,0.2283,19.7,Inactive,Inactive
3965,CCOc1ccc2c(c1)nc(SCC(=O)c1ccc(Br)s1)n2C,0.2283,19.7,Inactive,Inactive
3966,CC(C)=CCC/C(C)=C/C(=O)NCCCN1CCN(CCCN)CC1,0.2283,19.7,Inactive,Inactive
3967,Nn1c(SCC(=O)c2ccc(O)c(O)c2)nc2sc3c(c2c1=O)CCCC3,0.2283,19.7,Inactive,Inactive
3968,Fc1ccc(CN(CCBr)CCn2ccnc2)c(F)c1,0.2283,19.7,Inactive,Inactive
3969,N=C(N)NCCCS(=O)(=O)Nc1ccc(Nc2c3ccccc3nc3cc([N+](=O)[O-])ccc23)cc1,0.2283,19.7,Inactive,Inactive
3970,Cc1c(C)n(C)c2ccc(C(=O)NCCCN3CCCC3)cc12,0.2283,19.7,Inactive,Inactive
3971,Fc1ccc(NCc2cccnc2)cc1F,0.2283,19.7,Inactive,Active
3972,C=Cc1cc(OC)c2c(c1)c(=O)oc1c2cc(OC)c2c(O)ccc(C3OC(C)C(O)C(C)(O)C3O)c21,0.2283,19.7,Inactive,Inactive
3973,C/C1=C/CC/C(CO)=C/CC(C)(C)/C=C/C1,0.2283,19.7,Inactive,Inactive
3974,CCC1(c2ccccc2)NC(=O)N(CC(=O)Nc2ccc3c(C)cc(=O)oc3c2)C1=O,0.2283,19.7,Inactive,Inactive
3975,CC(=O)Nc1nc(C)c(-c2nn(CNc3ccccc3[N+](=O)[O-])c(=S)o2)s1,0.2283,19.7,Inactive,Inactive
3976,Cc1nc2cc(Cl)c(Cl)cc2n1CCC(=O)N/N=C/c1c(O)ccc2ccccc12,0.2283,19.7,Inactive,Inactive
3977,Nc1nc2c(c(Nc3ccccc3)n1)C(=O)CCC2,0.2283,19.7,Inactive,Inactive
3978,CC(=O)c1cc2c(o1)C(=O)c1ccccc1C2=O,0.2283,19.7,Inactive,Inactive
3979,O=C(Nc1ccc(F)cc1)c1ccc2[nH]ccc2c1,0.2283,19.7,Inactive,Inactive
3980,Cc1cc2nnc(-c3ccc([N+](=O)[O-])cc3)n2c(C)n1,0.2283,19.7,Inactive,Inactive
3981,Cc1nc2ccccc2c(=O)n1-c1ccc(NC(=O)CN/N=C/c2ccc(F)cc2)cc1,0.2283,19.7,Inactive,Active
3982,COc1ccc(N2Cc3ccccc3C2=NC(=O)c2ccc(C)cc2)cc1OC,0.2283,19.7,Inactive,Inactive
3983,Cc1ccc(N=Cc2sc(O)c3ccccc23)c(C)c1,0.2283,19.7,Inactive,Inactive
3984,CCc1cnc(SCC(=O)c2ccc(Cl)c(S(N)(=O)=O)c2)nc1,0.2283,19.7,Inactive,Active
3985,CCCCCCCCCCCC(=O)NCC[N+](C)(C)Cc1cnc(C)c2c1COC(C)(CCC)O2,0.2283,19.7,Inactive,Inactive
3986,CN(C)C1=NC(=O)c2ccccc2C1,0.2283,19.7,Inactive,Active
3987,COc1cccc(NC(=S)N/N=C2\C(=O)Nc3c(Br)cccc32)c1,0.2283,19.7,Inactive,Inactive
3988,Cc1cc(N=Nc2ccccc2C(=O)O)cc(C)c1O,0.2283,19.7,Inactive,Active
3989,O=C1NC(=O)/C(=C/c2ccc(F)c(F)c2F)S1,0.2283,19.7,Inactive,Inactive
3990,Clc1ccc(OCCn2ccnc2)c(Br)c1,0.2283,19.7,Inactive,Inactive
3991,CCCCCCCCCCCCCC(=O)NCC[N+](C)(C)Cc1cnc(C)c2c1COC(C)(CCC)O2,0.2283,19.7,Inactive,Inactive
3992,COc1ccc(NC(=O)Nc2ccc3c(c2)C(=O)N([C@H](C)CO)C[C@H](C)[C@@H](CN(C)C(=O)Nc2c(C)noc2C)O3)cc1,0.2283,19.7,Inactive,Inactive
3993,NC(=O)c1c(NC(=O)c2c(F)cccc2F)sc2c1CCN(Cc1ccccc1)C2,0.2283,19.7,Inactive,Active
3994,CO[C@@H]1c2c(cc(O)c3c2C(=O)c2cccc(O)c2-3)C(=O)[C@@]2(C)O[C@@H]12,0.2283,19.7,Inactive,Inactive
3995,CCn1cc(C(=O)NNS(=O)(=O)c2ccc(C)cc2)c(=O)c2cc(F)ccc21,0.2283,19.7,Inactive,Active
3996,Oc1ccc(Nc2nc(-c3cccs3)cs2)cc1,0.2283,19.7,Inactive,Inactive
3997,Cc1ncc([N+](=O)[O-])n1C/C(=N/NC(=O)c1ccc(Cl)cc1)c1ccc(Br)cc1,0.2283,19.7,Inactive,Active
3998,Brc1cccc(CNCc2cccs2)c1,0.2283,19.7,Inactive,Inactive
3999,Nc1nc(=O)[nH]c2c1C(c1ccccc1)c1c(ccc3ccccc13)O2,0.2283,19.7,Inactive,Inactive
4000,CCCCCCCCn1c(C(=O)/C=C/c2ccc(Cl)cc2Cl)nc2ccccc21,0.2283,19.7,Inactive,Inactive
4001,CCCCCCCCn1c(C(=O)/C=C/c2ccc(Cl)cc2)nc2ccccc21,0.2283,19.7,Inactive,Inactive
4002,CCOC(=O)[C@@H]1CCCc2c1[nH]c1ccc(Cl)cc21,0.2283,19.7,Inactive,Inactive
4003,Cc1ccc(-c2nc(NCc3cccnc3)c3ccccc3n2)cc1,0.2283,19.7,Inactive,Inactive
4004,Cc1ccc(NC(=O)CCNS(=O)(=O)c2ccc(OC(F)(F)F)cc2)c(O)c1,0.2283,19.7,Inactive,Inactive
4005,CCN(CC)c1ccc(CNCc2cccs2)cc1,0.2283,19.7,Inactive,Inactive
4006,O=S(=O)(c1ccccc1)N(Cc1ccccc1)[C@H]1CNC[C@@H]1N(Cc1ccccc1)S(=O)(=O)c1ccccc1,0.2283,19.7,Inactive,Active
4007,O=C1Nc2c(I)cccc2/C1=N/NC(=S)Nc1cccc(Cl)c1,0.2283,19.7,Inactive,Inactive
4008,O=C(NNc1ncnc2ccccc12)c1ccncc1,0.2283,19.7,Inactive,Inactive
4009,CC[C@H]1OC(=O)[C@H](C)[C@@H](OCc2cn(-c3cnc4ccccc4c3)nn2)[C@H](C)[C@@H](O[C@@H]2O[C@H](C)C[C@H](N(C)C)[C@H]2O)[C@@]2(C)CC(C)=C(O2)[C@H](C)[C@@H](OC(=O)C(C)C)[C@]1(C)OC(=O)C(C)C,0.2283,19.7,Inactive,Inactive
4010,COC1CC(CC2CCC(C)C(C(C)C(=O)O)O2)OC2(OC(C)(C3CCC(C)(C4OC(C5OC(O)(CO)C(C)CC5C)CC4C)O3)CC2C)C1C,0.2283,19.7,Inactive,Inactive
4011,Cc1ccc2nc(Oc3ccc(C#N)cc3)c(C3C(C#N)=C(N)N(c4cccc(C(F)(F)F)c4)C4=C3C(=O)CCC4)cc2c1,0.2283,19.7,Inactive,Inactive
4012,CN(CCn1c(N)nc2cc(Cl)c(Cl)cc21)CCn1c(N)nc2cc(Cl)c(Cl)cc21,0.2283,19.7,Inactive,Inactive
4013,CC(=O)Nc1ccc(S(=O)(=O)NCc2nc3ccccc3c(=O)n2-c2cccc(Cl)c2)cc1,0.2283,19.7,Inactive,Inactive
4014,CN1C(=O)/C(=N\OC(=O)c2ccccc2Cl)c2ccccc21,0.2283,19.7,Inactive,Inactive
4015,O=C(NC12CC3CC(CC(C3)C1)C2)c1ccc(-c2ccccc2Cl)o1,0.2283,19.7,Inactive,Active
4016,O=C(O)c1ccc(Nc2nc3ccccc3nc2/C=C/c2ccc(O)cc2)cc1,0.2283,19.7,Inactive,Active
4017,CC(=O)Nc1ccc(S(=O)(=O)NCc2nc3ccccc3c(=O)n2-c2ccc(Cl)cc2)cc1,0.2283,19.7,Inactive,Inactive
4018,CCC[C@H](COc1ccc(-c2nc3ccccc3n2Cc2ccccc2)cc1)n1c(-c2ccccc2)nc2ccccc21,0.2283,19.7,Inactive,Active
4019,Cc1cc(Oc2ccc(C(F)(F)F)cc2[N+](=O)[O-])c2c3c(c(=O)oc2c1)CCC3,0.2283,19.7,Inactive,Inactive
4020,Cc1ncc([N+](=O)[O-])n1Cc1nnc(Cc2cccc(F)c2)o1,0.2283,19.7,Inactive,Inactive
4021,Clc1ccc2c(c1)cc(-c1nc3cc(Cl)ccc3[nH]1)c1nnnn12,0.2283,19.7,Inactive,Inactive
4022,CCC[C@@H]1OC(=O)[C@@H](C)C[C@H](C)CCCCC(=O)CCC[C@@H](CC)CC/C=C(\COC)CC[C@@H](O)[C@@H](O)C[C@H](O)CNC1=O,0.2165,18.83,Inactive,Active
4023,Cc1cc(C=C2C(=O)c3ccccc3C2=O)c(C)n1-c1ccc(C(=O)O)cc1,0.2165,18.83,Inactive,Inactive
4024,O=C(NCc1cccs1)Nc1cccs1,0.2165,18.83,Inactive,Inactive
4025,Cc1cc2c(c(O[C@@H]3O[C@@H](C)[C@@H](O)[C@@H](O)[C@H]3O)c1)-c1cc3c(c(O)c1[C@@H](O)C2)C(=O)c1c(O)cc(O)cc1C3=O,0.2165,18.83,Inactive,Inactive
4026,CCN(CC)CCCNc1nnc(C)c(=O)[nH]1,0.2165,18.83,Inactive,Inactive
4027,O=C(Nc1cc([N+](=O)[O-])ccc1O)c1ccc2c(c1)C(=O)N(Cc1ccccc1)C2=O,0.2165,18.83,Inactive,Inactive
4028,Cc1cc2nnc(-c3ccccc3)n2c(C)n1,0.2165,18.83,Inactive,Inactive
4029,Cc1cc(F)ccc1S(=O)(=O)Nc1ccccc1C(=O)Nc1ccc2[nH]c(=O)[nH]c2c1,0.2165,18.83,Inactive,Inactive
4030,O=C(Cn1cc(/C=C\[N+](=O)[O-])c2ccccc21)Nc1ccccc1,0.2165,18.83,Inactive,Inactive
4031,CCOC(=O)C1=C(C)NC(C)=C(C(=O)OCC)C1c1ccc(OC)c(OC)c1,0.2165,18.83,Inactive,Inactive
4032,Cc1ccc(Nc2c3ccccc3[n+](C)c3c2oc2ccccc23)cc1C,0.2165,18.83,Inactive,Inactive
4033,CCCc1cc(O)nc(N2NC(C)=CC2NC(=O)c2cccs2)n1,0.2165,18.83,Inactive,Inactive
4034,O=C(CCn1c(C(F)(F)F)nc2ccccc21)N/N=C/c1c(O)ccc2ccccc12,0.2165,18.83,Inactive,Inactive
4035,Cc1ccc(/C=C2\SC(=S)N(c3cccnc3)C2=O)o1,0.2165,18.83,Inactive,Inactive
4036,Cc1cc2nnc(-c3cccs3)n2c(C)n1,0.2165,18.83,Inactive,Inactive
4037,O=C(Nc1ccc(C(=O)O)cc1)/C(=C\c1ccco1)NC(=O)c1ccccc1,0.2165,18.83,Inactive,Inactive
4038,Cc1cc(Br)c(OCc2ccc(C(=O)N/N=C3\CC4CC=CC34)cc2)c(Br)c1,0.2165,18.83,Inactive,Inactive
4039,Cc1ccc(NC(=S)N/N=C2\C(=O)Nc3c(I)cccc32)cc1,0.2165,18.83,Inactive,Inactive
4040,Cc1ccc(O)c(N=Nc2nccs2)c1,0.2165,18.83,Inactive,Inactive
4041,Cc1ccc(C)c(-n2[nH]c3c4c(ccc3c2=O)C(=O)c2ccccc2C4=O)c1,0.2165,18.83,Inactive,Inactive
4042,C#CCNC(=O)C1=C[C@@H](c2coc3ccccc3c2=O)C[C@@H](OCCCCO)O1,0.2165,18.83,Inactive,Active
4043,O=C(NCCc1ccccc1)c1ccc2nc(-c3ccco3)c(-c3ccco3)nc2c1,0.2165,18.83,Inactive,Inactive
4044,Cc1cc(C)cc(Nc2c3ccccc3[n+](C)c3c2oc2ccccc23)c1,0.2165,18.83,Inactive,Inactive
4045,Cc1cc(Oc2cc(NN3CCCCC3)c([N+](=O)[O-])cc2[N+](=O)[O-])ccc1[N+](=O)[O-],0.2165,18.83,Inactive,Inactive
4046,Cc1ccc(-c2[nH]c(-c3ccc(Cl)cc3)nc2SCC(=O)NCC2CCCO2)cc1,0.2165,18.83,Inactive,Inactive
4047,Cc1ccc(N2C3=C(C(=O)CC(C)(C)C3)C(c3cn(C)nc3C)C3=C2CC(C)(C)CC3=O)cc1,0.2165,18.83,Inactive,Active
4048,Cc1ccc(F)cc1S(=O)(=O)NC1CCN(Cc2ccc(CC(C)C)cc2)C1,0.2165,18.83,Inactive,Inactive
4049,O=C(NC1CC1)C1C2C3C4CC5C3C5C4C12,0.2165,18.83,Inactive,Inactive
4050,CCN(CC)CC(=O)Nc1ccc(-c2ccc(NC(=O)CN(CC)CC)cc2)cc1,0.2165,18.83,Inactive,Inactive
4051,C#CCO[C@H]1[C@H](C)[C@@H](O[C@@H]2O[C@H](C)C[C@H](N(C)C)[C@H]2O)[C@@]2(C)CC(C)=C(O2)[C@H](C)[C@@H](OC(=O)C(C)C)[C@](C)(OC(=O)C(C)C)[C@@H](CC)OC(=O)[C@@H]1C,0.2165,18.83,Inactive,Inactive
4052,CCOC(=O)Cn1cc(/C=N/NC(=O)c2ccc(C#N)cc2F)c2ccccc21,0.2165,18.83,Inactive,Inactive
4053,Cc1cc(CNCCCCCCCCNC(=N)N)c(C)n1-c1ccc(Cl)cc1,0.2165,18.83,Inactive,Inactive
4054,Cc1cc(=O)c(O)cn1CCCn1cc(CCC(=O)N2CCN(c3cc4c(cc3F)c(=O)c(C(=O)O)cn4C3CC3)CC2)nn1,0.2165,18.83,Inactive,Inactive
4055,Fc1cc2c(c3ncccc13)OCN(CCCCc1ccccc1)C2,0.2165,18.83,Inactive,Inactive
4056,O=C(CCNC(=O)c1ccccc1Cl)NN1C(=O)NC2(CCCCC2)C1=O,0.2165,18.83,Inactive,Inactive
4057,O=C1CSC(=S)N1c1ccc(F)cc1,0.2165,18.83,Inactive,Inactive
4058,COC(=O)c1ccc(CN2CCc3c(sc(NC(=O)c4cc(OCCNC(=N)N)ccc4Cl)c3C#N)C2)cc1,0.2165,18.83,Inactive,Inactive
4059,CC(C)c1cc(C(N)=O)c(NC(=O)c2cccc(COc3ccc(Br)cc3)c2)s1,0.2165,18.83,Inactive,Inactive
4060,O=c1c(/C=N/c2ccc(Cl)cc2)coc2ccccc12,0.2165,18.83,Inactive,Inactive
4061,Cc1nc(O)c2c(n1)CCc1ccccc1-2,0.2165,18.83,Inactive,Inactive
4062,O=c1[nH]n2c(-c3ccc(S(=O)(=O)c4ccc(Br)cc4)cc3)nnc2sc1=O,0.2165,18.83,Inactive,Inactive
4063,Cc1nc2c([nH]1)CCCCCCCCC[C@@H](C)OC(=O)/C=C/2,0.2165,18.83,Inactive,Inactive
4064,COCCOC(=O)C1=C(C)NC(C)=C(C(=O)OC(C)C)C1c1cccc([N+](=O)[O-])c1,0.2165,18.83,Inactive,Inactive
4065,Cc1nc2ccccc2n1CCC(=O)N/N=C/c1ccccc1O,0.2165,18.83,Inactive,Inactive
4066,CC1CC(=O)c2cnc(N)nc2C1,0.2165,18.83,Inactive,Inactive
4067,COCO[C@H](C)[C@H]1C(=O)N2C(C(=O)OCc3ccc([N+](=O)[O-])cc3)=CS[C@@H]12,0.2165,18.83,Inactive,Inactive
4068,O=C1CSC(c2ccccc2)N1n1c(Cc2ccccc2Nc2c(Cl)cccc2Cl)n[nH]c1=S,0.2165,18.83,Inactive,Inactive
4069,CO[C@@H](C[C@@H](C)[C@@H](O)/C=C/C=C/CNC(=O)C(C)(C)[C@H](O)/C(C)=C/C=C/C=C/C(C)=C(\C)[N+](=O)[O-])[C@]1(O)[C@@H](C)C(=O)N(C)[C@@]12COC2=O,0.2165,18.83,Inactive,Inactive
4070,COc1cccc(Nc2c3ccccc3[n+](C)c3c2oc2ccccc23)c1,0.2165,18.83,Inactive,Inactive
4071,CO[C@@]1(NC(=O)Cc2cccs2)C(=O)N2C(C(=O)O)=C(Cl)CSC21,0.2165,18.83,Inactive,Inactive
4072,CC(=O)Nc1nc(C)c(-c2nn(CNc3cccc(C)c3)c(=S)o2)s1,0.2165,18.83,Inactive,Inactive
4073,O=C1Nc2c(Br)cccc2/C1=N/NC(=S)Nc1ccc(Cl)cc1,0.2165,18.83,Inactive,Inactive
4074,COC(=O)c1ccc(C=Nc2ccc(O)c(-c3nc4ccccc4o3)c2)cc1,0.2165,18.83,Inactive,Inactive
4075,CS(=O)(=O)c1ccccc1-c1nc(-c2ccc([N+](=O)[O-])cc2)no1,0.2165,18.83,Inactive,Inactive
4076,CSC(=NC#N)N1CCN(C(=NC#N)SC)CC1,0.2165,18.83,Inactive,Inactive
4077,O=C1C=C(N[C@@H](Cc2c[nH]c3ccccc23)C(=O)O)C(=O)c2ccccc21,0.2165,18.83,Inactive,Inactive
4078,CC1C(=O)NN=C1C(=O)N/N=C/c1ccco1,0.2165,18.83,Inactive,Inactive
4079,CC1=C(/C=C/C(=O)/C=C/c2ccc(F)cc2)C(C)(C)CCC1,0.2165,18.83,Inactive,Inactive
4080,CC1(C)CC2CC(C)(CN2S(=O)(=O)c2ccc(C(=O)Nc3cc(S(=O)(=O)N4CCOCC4)ccc3Cl)cc2)C1,0.2165,18.83,Inactive,Inactive
4081,O=c1oc2ccc(Cl)cc2n1CCCCl,0.2165,18.83,Inactive,Inactive
4082,O=c1oc2ccc(Br)cc2cc1-c1csc(N2N=C(c3ccc(Br)cc3)C[C@@]2(O)C(F)(F)F)n1,0.2165,18.83,Inactive,Inactive
4083,COC(=O)C1=C(C)N(C)C(=O)/C1=C\c1ccco1,0.2165,18.83,Inactive,Inactive
4084,CCOc1cc(CNCCc2ccccc2)ccc1OCC(=O)NC(C)(C)C,0.2165,18.83,Inactive,Inactive
4085,CC(=O)Nc1cc(OC(C)=O)c2nonc2c1OC(C)=O,0.2165,18.83,Inactive,Active
4086,CSc1nc2sc3c(c2c(=S)[nH]1)CCCC3,0.2165,18.83,Inactive,Inactive
4087,Nc1c(C(=O)c2ccc(Cl)cc2)sc2nsc(SCCN3CCOCC3)c12,0.2165,18.83,Inactive,Inactive
4088,O=C1C(Cl)=C(NCC2CCCO2)C(=O)N1c1cccc(Cl)c1Cl,0.2165,18.83,Inactive,Inactive
4089,CC(=O)Nc1ccc(-c2ccc(NC(C)=O)cc2)cc1,0.2165,18.83,Inactive,Inactive
4090,COC(=O)c1c(/C=C/c2ccc(F)cc2F)cc(OC)c(CC=C(C)C)c1O,0.2165,18.83,Inactive,Inactive
4091,COC(=O)c1c(O)cc(OC)cc1/C=C/c1ccc(F)cc1F,0.2165,18.83,Inactive,Inactive
4092,COC(=O)c1c(O)cc(OC)cc1/C=C/c1cccc(C#N)c1,0.2165,18.83,Inactive,Inactive
4093,O=C1Nc2c(Br)cccc2/C1=N/NC(=S)Nc1ccc(F)cc1,0.2165,18.83,Inactive,Inactive
4094,O=C1Nc2ccc(Br)cc2/C1=C/C(=O)c1ccccc1,0.2165,18.83,Inactive,Inactive
4095,COc1cccc(-n2c(CNS(=O)(=O)c3ccc(NC(C)=O)cc3)nc3ccccc3c2=O)c1,0.2165,18.83,Inactive,Inactive
4096,COc1ccc(/C=C/c2cc(OC)cc(O)c2C(=O)O)cc1,0.2165,18.83,Inactive,Inactive
4097,Cn1c(NCc2cc(Br)ccc2O)nc2ccccc21,0.2165,18.83,Inactive,Inactive
4098,CC(=S)c1c(C)cc2cc(C)ccn12,0.2165,18.83,Inactive,Inactive
4099,COc1ccc(C(=O)/C=C2\C(=O)Nc3ccc(Br)cc32)cc1,0.2165,18.83,Inactive,Inactive
4100,COc1ccc(Nc2nc(-c3cccnc3)nc3ccccc23)cn1,0.2165,18.83,Inactive,Active
4101,O=[N+]([O-])c1ccc(-c2nn(-c3ccc([N+](=O)[O-])cc3)cc2-c2nnc(-c3ccccc3)o2)cc1,0.2165,18.83,Inactive,Inactive
4102,COc1ccc(NC(=S)N/N=C2\C(=O)Nc3c(F)cccc32)cc1,0.2165,18.83,Inactive,Inactive
4103,CC(=O)c1ccc(N2C(=O)/C(=C\c3ccc(C)cc3)N=C2C)cc1,0.2165,18.83,Inactive,Inactive
4104,COc1ccc(NC(=O)c2ccc3[nH]ccc3c2)cc1,0.2165,18.83,Inactive,Inactive
4105,N#CCOc1ccc(-c2ccccc2)cc1,0.2165,18.83,Inactive,Inactive
4106,CC(=O)c1c(O)c(C)c(O)c(Cc2c3c(c(O)c4c2OC(c2ccccc2)CC4=O)C=CC(C)(C)O3)c1O,0.2165,18.83,Inactive,Inactive
4107,Cn1ncc(C#Cc2ccc(N3C[C@H](CO)OC3=O)cc2F)c1C(=O)O,0.2165,18.83,Inactive,Inactive
4108,Cn1ncc(N=Cc2ccccc2O)c1C(=O)Nc1ccccc1,0.2165,18.83,Inactive,Inactive
4109,COc1ccc(C2c3c(ccc4ccccc34)OC3N=CNC(=O)C32)cc1,0.2165,18.83,Inactive,Inactive
4110,CC(=O)[C@]1(O)CC2=C(C(=O)C3=C(C(=O)c4ccccc4C3=O)C2O)[C@@H](O[C@H]2C[C@H](N)[C@H](O)[C@H](C)O2)C1,0.2165,18.83,Inactive,Active
4111,COc1ccc(Cn2c(CCC(=O)Nc3ccc(CC#N)cc3)nc3cccnc32)cc1,0.2165,18.83,Inactive,Inactive
4112,Cn1c(N)c(S(=O)(=O)N2CCc3ccccc32)c(=O)n(C)c1=O,0.2165,18.83,Inactive,Inactive
4113,O=[N+]([O-])c1c(Nc2ccc(Br)cc2)ccc2nonc12,0.2165,18.83,Inactive,Inactive
4114,COc1cc(C(=O)/C=C/c2cccc(Nc3ccnc4cc(Cl)ccc34)c2)cc(OC)c1OC,0.2165,18.83,Inactive,Inactive
4115,N=C1C=CC(=C(c2ccc(N)cc2)c2ccc(N)cc2)C=C1,0.2165,18.83,Inactive,Inactive
4116,CC(C)CCC[C@@H](C)[C@H]1CC[C@H]2[C@@H]3CC=C4C[C@@H](OC(=O)CCCCCCCCC(Br)CBr)CC[C@]4(C)[C@H]3CC[C@]12C,0.2165,18.83,Inactive,Inactive
4117,COc1cc(C2=NN(C=O)C(c3cccc(Nc4ccnc5cc(Cl)ccc45)c3)C2)cc(OC)c1OC,0.2165,18.83,Inactive,Inactive
4118,NCCCC[C@@H](NC(=O)OCc1ccccc1)C(=O)NCCCC[C@@H](NC(=O)[C@@H](CCCCN)NC(=O)OCc1ccccc1)C(=O)NCC(N)=O,0.2165,18.83,Inactive,Inactive
4119,CC(C)=CCC1CC(C=O)=CC=C1C,0.2165,18.83,Inactive,Inactive
4120,O=P(C(Cl)Cl)(N1CCOCC1)N1CCOCC1,0.2165,18.83,Inactive,Inactive
4121,COc1cc2c(cc1OC)CN(S(N)(=O)=O)CC2,0.2165,18.83,Inactive,Active
4122,CC(=O)OCC1=C(C(=O)O)N2C(=O)[C@@H](NC(=O)Cc3cccs3)[C@H]2SC1,0.2165,18.83,Inactive,Inactive
4123,Clc1ccc(-c2nn(-c3ccccc3)cc2-c2nnc(-c3ccccc3)o2)cc1,0.2165,18.83,Inactive,Inactive
4124,O=S(=O)(CCN1CCN(c2ccccn2)CC1)c1ccc(Cl)cc1Cl,0.2165,18.83,Inactive,Inactive
4125,COc1ccc(-c2c(C)c(C)cc3cc4c(cc23)OCO4)cc1,0.2165,18.83,Inactive,Inactive
4126,O=S(=O)(Nc1ccc(-c2nc3ccccc3o2)cc1)c1ccccc1O,0.2165,18.83,Inactive,Inactive
4127,COc1ccc(-c2ccc(OC)cc2)cc1,0.2165,18.83,Inactive,Inactive
4128,COc1ccc(-c2ccc(OC)cc2C(=O)O)cc1,0.2165,18.83,Inactive,Inactive
4129,NC(=O)N/N=C/c1c(-c2ccccc2)n(CC(=O)c2ccc(Br)cc2)c2ccccc12,0.2165,18.83,Inactive,Inactive
4130,N=c1c2c3c(sc2ncn1CCN1CCOCC1)CCCCC3,0.2165,18.83,Inactive,Inactive
4131,CC(=NNc1ccc2ccccc2n1)c1ccccc1O,0.2165,18.83,Inactive,Inactive
4132,CC1(C)CC(=O)C2=C(C1)N(c1ccc(F)c(F)c1)C(N)=C(C#N)C2c1cc2ccccc2nc1Oc1ccc(C#N)cc1,0.2165,18.83,Inactive,Inactive
4133,Nc1ccc(S(=O)(=O)NCc2nc3ccccc3c(=O)n2-c2ccc(Cl)cc2)cc1,0.2165,18.83,Inactive,Inactive
4134,C=C(C)Cn1c2ccc(NC(=O)CCOCC)cc2c(=O)n1C,0.2165,18.83,Inactive,Inactive
4135,CCCCCNC[C@H](O[C@@H]1O[C@H](CN)[C@@H](O)[C@H]1O)[C@@H]1C[C@@H](O)[C@H](n2ccc(=O)[nH]c2=O)O1,0.2165,18.83,Inactive,Inactive
4136,Cc1ccc2nsnc2c1S(=O)(=O)NCc1ccc2c(c1)OCO2,0.2165,18.83,Inactive,Inactive
4137,CCCCCCn1c(C(=O)/C=C/c2ccc(Cl)cc2Cl)nc2ccccc21,0.2165,18.83,Inactive,Inactive
4138,CCCCCCn1c(C(=O)/C=C/c2ccc(Cl)cc2)nc2ccccc21,0.2165,18.83,Inactive,Inactive
4139,C[N+](C)(CCCCCC[N+](C)(C)CCCN1C(=O)c2cccc3cccc(c23)C1=O)CCCN1C(=O)c2cccc3cccc(c23)C1=O,0.2165,18.83,Inactive,Inactive
4140,S=C(Nc1ccc2snnc2c1)N1CCN(c2ccccn2)CC1,0.2165,18.83,Inactive,Inactive
4141,CCc1ccc(NC(=S)NC(=O)c2cnn(C)c2)cc1,0.2165,18.83,Inactive,Inactive
4142,C[C@]12O[C@H]1[C@H](O)c1c(cc(O)c3c1C(=O)c1cccc(O)c1-3)C2=O,0.2165,18.83,Inactive,Inactive
4143,CCCCCCc1ccc(C(=O)N(C)[C@H](CO)C(=O)N[C@H](C)C(=O)NCC(=O)N(C)[C@@H]2C(=O)N[C@@H](C)C(=O)N[C@H](C(=O)O)Cc3ccc(O)c(c3)-c3cc2ccc3O)cc1,0.2165,18.83,Inactive,Inactive
4144,Nc1ccc(S(=O)(=O)NCc2nc3ccccc3c(=O)n2-c2ccccc2[N+](=O)[O-])cc1,0.2165,18.83,Inactive,Inactive
4145,CCc1cccc2c(C=C(C#N)C#N)cn(CC(=O)N3CCCCCC3)c12,0.2165,18.83,Inactive,Inactive
4146,CCCCCCCn1c(C(=O)/C=C/c2ccc(Cl)cc2Cl)nc2ccccc21,0.2165,18.83,Inactive,Inactive
4147,Cc1cccc(NC(=S)N/N=C2\C(=O)Nc3c(I)cccc32)c1,0.2165,18.83,Inactive,Inactive
4148,O=C(O)COc1ccc(/C=C2/S/C(=N\c3ccccc3)N(c3ccccc3)C2=O)cc1,0.2165,18.83,Inactive,Inactive
4149,CCCCCCCCc1ccc(C(=O)N(C)[C@H](CO)C(=O)N[C@H](C)C(=O)NCC(=O)N(C)[C@@H]2C(=O)N[C@@H](C)C(=O)N[C@H](C(=O)O)Cc3ccc(O)c(c3)-c3cc2ccc3O)cc1,0.2165,18.83,Inactive,Inactive
4150,CCCCN1c2cc(C)c(O)cc2C(C(=O)OCC)C1C,0.2165,18.83,Inactive,Inactive
4151,CC[C@H]1OC(=O)[C@H](C)[C@@H](O[C@H]2C[C@@](C)(OC)[C@@H](O)[C@H](C)O2)[C@H](C)[C@@H](O[C@@H]2O[C@H](C)C[C@H](N(C)C)[C@H]2O)[C@](C)(O)C[C@@H](C)/N=C2\O[C@]1(C)C=C2C,0.2165,18.83,Inactive,Inactive
4152,CCCCOc1ccc(-c2nnc(N)s2)cc1,0.2165,18.83,Inactive,Inactive
4153,CCCCn1ncc(O)c(Cl)c1=O,0.2165,18.83,Inactive,Inactive
4154,O=C(CCC(=O)OCc1cn(CCc2ccccc2)nn1)OCc1cn(CCc2ccccc2)nn1,0.2165,18.83,Inactive,Inactive
4155,C/C(=C\c1ncc(-c2csc([N+](=O)[O-])c2)o1)C[C@@H]1OC[C@H](C[C@@H]2O[C@H]2[C@@H](C)[C@H](C)O)[C@@H](O)[C@H]1O,0.2165,18.83,Inactive,Inactive
4156,c1ccc2c(Cc3c[nH]c4ccccc34)c[nH]c2c1,0.2165,18.83,Inactive,Inactive
4157,O=C(/C=C/c1cccc(Nc2ccnc3cc(Cl)ccc23)c1)c1ccc(Cl)cc1,0.2165,18.83,Inactive,Inactive
4158,O=C(/C=C/c1ccc([N+](=O)[O-])cc1)/C=C/c1ccco1,0.2165,18.83,Inactive,Inactive
4159,Cc1c(C(=O)Nc2nnc(-c3cc(Cl)ccc3Cl)o2)c(-c2ccccc2)nc2ccccc12,0.2165,18.83,Inactive,Active
4160,C/C(=N\NC(=N)N)c1sc(-c2ccc(C#Cc3cccc(O)c3)cc2)nc1C,0.2165,18.83,Inactive,Inactive
4161,CC[C@@]12CCCN3CC[C@]4(C(=O)c5ccccc5N4C(=O)C1)[C@H]32,0.2165,18.83,Inactive,Inactive
4162,Cc1ccc([P+](Cc2nc(C)c3c(c2C[P+](c2cccc(C)c2)(c2cccc(C)c2)c2cccc(C)c2)COC(C)(C)O3)(c2cccc(C)c2)c2cccc(C)c2)cc1,0.2165,18.83,Inactive,Inactive
4163,CCS(=O)(=O)c1ccc(OC)c(Nc2ncc(-c3cccc(-c4ccccn4)c3)o2)c1,0.2165,18.83,Inactive,Active
4164,Cc1ccc2cc(-c3noc(C4CCCO4)n3)c(=O)[nH]c2c1,0.2165,18.83,Inactive,Inactive
4165,C/C(=N\NC(=O)c1ccccc1O)c1cccs1,0.2165,18.83,Inactive,Active
4166,CC[C@@]1(C(=O)N[C@H](C)c2ccc(Cl)cc2)[C@@H](C)C1(Cl)Cl,0.2165,18.83,Inactive,Active
4167,C/C(=N\NC(=S)N1CCNCC1)c1cccc([N+](=O)[O-])c1,0.2165,18.83,Inactive,Active
4168,CCCCCCCCCCCCCCNC[C@H](O[C@@H]1O[C@H](CN)[C@@H](O)[C@H]1O)[C@@H]1C[C@@H](O)[C@H](n2ccc(=O)[nH]c2=O)O1,0.2165,18.83,Inactive,Active
4169,CC(/C=C/C(O)=C1\C(=O)CNC1=O)=C\c1ccc2ccccc2c1,0.2165,18.83,Inactive,Inactive
4170,CCCCCCCCCCCCCCCCCC(=O)NCCC[N+](C)(C)Cc1cnc(C)c2c1COC(C)(C)O2,0.2165,18.83,Inactive,Inactive
4171,Oc1c(Br)cc(C(O)c2nccc3c2[nH]c2ccccc23)cc1Br,0.2165,18.83,Inactive,Inactive
4172,O=C(O)c1ccc(/C=C2/S/C(=N\c3ccc(Br)cc3)N(c3ccc(Br)cc3)C2=O)cc1,0.2165,18.83,Inactive,Inactive
4173,O=C(O)c1ccc(/C=C2/S/C(=N\c3ccc(Cl)cc3)N(c3ccc(Cl)cc3)C2=O)cc1,0.2165,18.83,Inactive,Inactive
4174,O=C(O)c1ccc(CN2C(=O)S/C(=C\c3ccc(Br)cc3)C2=O)cc1,0.2165,18.83,Inactive,Active
4175,CCCC(=O)Nc1nc(-c2ccc(OCc3c(Cl)cccc3Cl)cc2)c(C(=O)O)s1,0.2165,18.83,Inactive,Inactive
4176,CN(Cc1nn[nH]n1)NC(=O)C[C@H](N)C[C@@H](O)CN,0.2165,18.83,Inactive,Inactive
4177,CN(C)/C=N/S(=O)(=O)c1ccc(-n2cc(-c3nnc(Nc4ccccc4)s3)c(-c3ccccc3)n2)cc1,0.2165,18.83,Inactive,Inactive
4178,ON1CC=CCC1=S,0.2165,18.83,Inactive,Active
4179,CN1CCC(N(C)CC(O)COCc2cccs2)CC1,0.2165,18.83,Inactive,Inactive
4180,Cc1ccccc1C(=O)Nc1cccc(C(=O)N/N=C/c2ccccn2)c1,0.2165,18.83,Inactive,Inactive
4181,CN1CCN(C(=O)CCl)CC1,0.2165,18.83,Inactive,Inactive
4182,CCC1(CC)C(=O)NC(=O)NC1=Nc1cccc(OC)c1,0.2165,18.83,Inactive,Inactive
4183,O=C(O)c1ccccc1C(=O)NCc1ccc(F)cc1,0.2165,18.83,Inactive,Inactive
4184,CCC(C)[C@H]1C(O)=C(C#N)C(=O)N1Cc1ccccc1,0.2165,18.83,Inactive,Inactive
4185,CNC(=N)NCCC/C=C/CCC[C@H](C)C[C@H](C)[C@H]1OC(=O)[C@H](C)[C@H](O)/C=C/[C@H](C)[C@H](O)C[C@H](O)[C@H](C)[C@@H](O)CC[C@H](C)[C@H](O)C[C@]2(O)O[C@H](C[C@@H](O)C[C@H](OC(=O)CC(=O)O)C[C@@H](O)[C@H](C)[C@H](O)/C=C/C=C/[C@@H]1C)C[C@H](O)[C@H]2O,0.2165,18.83,Inactive,Inactive
4186,CNC(=N)NCCC/C=C/CCC[C@H](C)C[C@H](C)[C@H]1OC(=O)[C@H](C)[C@H](O)/C=C/[C@H](C)[C@H](O)C[C@H](O)[C@H](C)[C@@H](O)CC[C@H](C)[C@H](O)C[C@]2(O)O[C@H](C[C@@H](OC(=O)CC(=O)O)C[C@H](O)C[C@@H](O)[C@H](C)[C@H](O)/C=C/C=C/[C@@H]1C)C[C@H](O)[C@H]2O,0.2165,18.83,Inactive,Inactive
4187,O=C(O)c1ccc(-n2cccc2)cc1O,0.2165,18.83,Inactive,Inactive
4188,C[C@H](NC(=O)[C@H](CC(N)=O)NC(=O)[C@H](C)NC(=O)[C@@H](NC(=O)[C@@H]1CCCN1)[C@H](C)O)B1O[C@@H]2C[C@@H]3C[C@@H](C3(C)C)[C@]2(C)O1,0.2165,18.83,Inactive,Inactive
4189,Nc1nc(-c2ccc(C(F)(F)F)cc2)cc(N2CCOCC2)n1,0.2165,18.83,Inactive,Active
4190,CN(C)Cc1cccc(C(=O)Nc2cccc(-c3nn[nH]n3)c2)c1,0.2165,18.83,Inactive,Active
4191,CCCCCCCCCCC(=O)OCC(=O)N1CCN(c2cc3c(cc2F)c(=O)c(C(=O)O)cn3C2CC2)CC1,0.2165,18.83,Inactive,Inactive
4192,Oc1ccc(C(O)c2nccc3c2[nH]c2ccccc23)cc1,0.2165,18.83,Inactive,Inactive
4193,CCCCCCCCCCCC(=O)OCCC[N+](C)(C)Cc1cnc(C)c2c1COC(CCC)O2,0.2165,18.83,Inactive,Inactive
4194,Oc1ccc(Br)cc1/C=N/c1ccccc1NC(=S)Nc1ccccc1,0.2165,18.83,Inactive,Inactive
4195,Oc1ccc(C(O)c2nccc3c2[nH]c2ccc(Br)cc23)cc1Br,0.2165,18.83,Inactive,Inactive
4196,O=C(Nc1cccc(F)c1)c1ccc2[nH]ccc2c1,0.2143,18.67,Inactive,Inactive
4197,Cc1cccc(C)c1NC1=NCCCS1,0.2143,18.67,Inactive,Inactive
4198,O=C(/C=C/c1cccc(Nc2ccnc3cc(Cl)ccc23)c1)c1ccc(Br)cc1,0.2143,18.67,Inactive,Inactive
4199,Cc1nc2ccccc2n1CCC(=O)N/N=C/c1c(O)ccc2cc(O)ccc12,0.1827,16.26,Inactive,Inactive
4200,N#Cc1c2c(c(=S)n(-c3ccccc3)c1N)CCCC2,0.1827,16.26,Inactive,Active
4201,Cc1ccc(C2(O)CC(C)N(C)CC2C)cc1,0.1827,16.26,Inactive,Inactive
4202,c1ccc(-c2nc3ccccc3s2)nc1,0.1827,16.26,Inactive,Inactive
4203,c1ccc(CC2CCN(Cc3nc(-c4ccccc4)no3)CC2)cc1,0.1827,16.26,Inactive,Inactive
4204,c1ccc(N(c2ccccc2)c2ccccc2)cc1,0.1827,16.26,Inactive,Inactive
4205,N#CCN1CCN(Cc2ccccc2)CC1,0.1827,16.26,Inactive,Inactive
4206,N#CC1=C(N)Oc2c(c(=O)oc3ccccc23)C1c1ccccc1OC(=O)c1cccs1,0.1827,16.26,Inactive,Inactive
4207,O=C(CN1C(=O)c2cccc3cccc1c23)N1CCc2ccccc21,0.1827,16.26,Inactive,Inactive
4208,O=C(Oc1cccc2cccnc12)c1ccccc1,0.1827,16.26,Inactive,Inactive
4209,N#Cc1ccc(OCC(O)CNCCNc2ccccc2C(F)(F)F)cc1,0.1827,16.26,Inactive,Inactive
4210,Cc1ccccc1N1C(=O)c2cc(S(N)(=O)=O)c(Cl)cc2NC1C,0.1827,16.26,Inactive,Inactive
4211,O=c1oc2cc(O)ccc2cc1-c1nc2c(s1)CCc1ccccc1-2,0.1827,16.26,Inactive,Inactive
4212,O=CN1N=C(c2ccccc2)CC1c1cccc(Nc2ccnc3cc(Cl)ccc23)c1,0.1827,16.26,Inactive,Inactive
4213,O=C1Nc2c(I)cccc2/C1=N/NC(=S)Nc1cccc(F)c1,0.1827,16.26,Inactive,Inactive
4214,Cn1c(NC(=O)c2ccccc2NC(=O)c2ccco2)nc2ccccc21,0.1827,16.26,Inactive,Inactive
4215,O=C1Nc2c(I)cccc2/C1=N/NC(=S)Nc1ccccc1F,0.1827,16.26,Inactive,Inactive
4216,O=C(COc1ccccc1)NC(=S)Nc1cccc([N+](=O)[O-])c1,0.1827,16.26,Inactive,Inactive
4217,O=C1CCc2c(cccc2NC(=O)CNCc2ccccc2)N1,0.1827,16.26,Inactive,Inactive
4218,O=C(N/N=C/c1ccc(-c2cccc([N+](=O)[O-])c2)o1)c1ccc([N+](=O)[O-])cc1,0.1827,16.26,Inactive,Inactive
4219,Cc1ccc(C(=O)NC2CCN(c3cc(C(N)=O)cc(Cl)n3)CC2)[nH]1,0.1827,16.26,Inactive,Inactive
4220,O=C1C2=C3C4=[N+](CCc5c[nH]c1c54)C1[C@H](O)C=C4S[C@@H](C[C@@]43[C@H]1O)N2,0.1827,16.26,Inactive,Inactive
4221,O=C(Nc1ccc(C(F)(F)F)cc1)c1ccc2[nH]ccc2c1,0.1827,16.26,Inactive,Inactive
4222,O=C(C[C@@H]1CCCCN1)Cn1cnc2nccnc2c1=O,0.1827,16.26,Inactive,Inactive
4223,O=S(=O)(Nc1ccc(-c2nc3cc(NS(=O)(=O)c4cccc5nonc45)ccc3o2)cc1)c1cccc2nonc12,0.1827,16.26,Inactive,Inactive
4224,Clc1ccc(Cn2cc(COCc3c(-c4ccccc4)nc4sc5ccccc5n34)nn2)cc1,0.1827,16.26,Inactive,Inactive
4225,Clc1ccc(-n2ncc3c(NCc4ccc5c(c4)OCO5)ncnc32)cc1,0.1827,16.26,Inactive,Inactive
4226,O=C(Cn1[nH]c(=O)c2ccccc2c1=O)Nc1ccc(-c2nnc3n2CCCCC3)cc1,0.1827,16.26,Inactive,Inactive
4227,C[C@@H](NC(=O)[C@]1([S@](C)=O)[C@@H](C)C1(Cl)Cl)c1ccc(Br)cc1,0.1827,16.26,Inactive,Active
4228,CC(C)OP(=O)(OC(C)C)C(Nc1ccc(S(=O)(=O)Nc2nccs2)cc1)c1cc(O)c2c(c1)C(=O)c1cccc(O)c1C2=O,0.1827,16.26,Inactive,Inactive
4229,COc1ccc2c(c1)-c1c(ssc1=S)C(C)(C)N2C(=O)CSc1nc2ccccc2o1,0.1827,16.26,Inactive,Inactive
4230,COC(=O)C1=C(C(=O)O)N2C(=O)[C@@H](NC(=O)Cc3cccs3)[C@H]2SC1,0.1827,16.26,Inactive,Active
4231,COc1ccc(-c2nc(-c3ccccc3OC)no2)cc1OC,0.1827,16.26,Inactive,Inactive
4232,CCOC(=O)c1ccccc1-n1c(C)cc(C2N=C(N)Nc3nc4ccccc4n32)c1C,0.1827,16.26,Inactive,Active
4233,CNc1ccc2nc3ccccc3[n+](C)c2c1,0.1827,16.26,Inactive,Active
4234,CN1CCN(C(=O)c2ccc(Cl)cc2)CC1,0.1827,16.26,Inactive,Inactive
4235,CCOC(=O)c1cn(CC(O)Cn2cnc([N+](=O)[O-])c2)c2ccc(OC)cc2c1=O,0.1827,16.26,Inactive,Active
4236,CC1C(=O)OC2CCN3CC=C(COC(=O)C(C)(O)C1(C)O)C23,0.1827,16.26,Inactive,Inactive
4237,COC(=O)c1sc(NC(=O)C(F)(F)F)c(C(=O)OC)c1C,0.1827,16.26,Inactive,Inactive
4238,CN(CC(=O)Nc1cccc(F)c1)C(=O)CCCc1nc2ccccc2c(=O)[nH]1,0.1827,16.26,Inactive,Inactive
4239,Cc1cc(=O)oc2cc(OCC(O)Cn3cncn3)c(OCC(O)Cn3cncn3)cc12,0.1827,16.26,Inactive,Active
4240,CC(C)CC(C(=O)O)N1Cc2ccccc2C1=O,0.1827,16.26,Inactive,Inactive
4241,COc1cc(O)c(Cc2ccccc2O)c(O)c1C(=O)CCc1ccccc1,0.1827,16.26,Inactive,Inactive
4242,COc1cc(O)c(C(=O)O)c(/C=C/c2ccccc2)c1,0.1827,16.26,Inactive,Inactive
4243,CCCCCCCCCCCCNC[C@H](O[C@@H]1O[C@H](CN)[C@@H](O)[C@H]1O)[C@@H]1C[C@@H](O)[C@H](n2ccc(=O)[nH]c2=O)O1,0.1827,16.26,Inactive,Active
4244,CCOc1cc(/C=C2\SC(=S)N(c3ccc(F)cc3)C2=O)ccc1O,0.1827,16.26,Inactive,Inactive
4245,CC(=O)[C@H]1O[C@@H](Oc2ccc(/C=C(\C)C(=O)N[C@@H]3[C@H](O)[C@@H](O)[C@H]4OCO[C@H]4[C@@H]3O)cc2O)[C@@H](O)[C@@H]1O,0.1827,16.26,Inactive,Active
4246,CC(=O)N1CCC(NC(=O)c2ccc3c(c2)OCCCO3)CC1,0.1827,16.26,Inactive,Active
4247,CCCCCCCCCCCCCCCCOCCCOP(=O)(CCN1C[C@@H](O)[C@@H](O)[C@@H](O)C1)OC[C@H]1O[C@@H](n2ccc(=O)[nH]c2=O)[C@H](O)[C@@H]1O,0.1827,16.26,Inactive,Inactive
4248,C=C(C)c1cc2c(o1)C(=O)c1ccccc1C2=O,0.1827,16.26,Inactive,Inactive
4249,COc1ccc(Cn2cc(CNC(=O)c3ccc([N+](=O)[O-])o3)nn2)cc1F,0.1827,16.26,Inactive,Inactive
4250,COc1cc(CCCOS(=O)(=O)O)cc2cc(-c3ccc4c(c3)OCO4)oc12,0.1827,16.26,Inactive,Inactive
4251,COc1ccc(OCC(O)CNCCOc2ccccc2OC)c(C(C)(C)C)c1,0.1827,16.26,Inactive,Inactive
4252,CCCCn1c(N)c(C(=S)NC(=O)CC(C)C)c(=O)n(C)c1=O,0.1827,16.26,Inactive,Inactive
4253,CCCCCCCCC(=O)OCC(=O)N1CCN(c2cc3c(cc2F)c(=O)c(C(=O)O)cn3C2CC2)CC1,0.1827,16.26,Inactive,Inactive
4254,COc1cc(/C=N\Nc2ccc([N+](=O)[O-])cc2)ccc1OCC(=O)Nc1ccc(C)c(C)c1,0.1827,16.26,Inactive,Inactive
4255,COc1ccc(/C=C2/N=C(C)N(c3ccc(C(C)=O)cc3)C2=O)cc1,0.1827,16.26,Inactive,Inactive
4256,C=CCOC(=O)C1=C(C)NC(SC)=C(C#N)C1c1ccccc1OC,0.1827,16.26,Inactive,Inactive
4257,Cc1[nH]c(=O)n(C(C)C)c(=O)c1Br,0.1827,16.26,Inactive,Inactive
4258,CC1=C(Cc2c(C)cccc2O)C(=O)[C@@](C)(O)[C@@H](O)C1,0.1827,16.26,Inactive,Active
4259,CCCCCCCCNC[C@H](O[C@@H]1O[C@H](CN)[C@@H](O)[C@H]1O)[C@@H]1C[C@@H](O)[C@H](n2ccc(=O)[nH]c2=O)O1,0.1827,16.26,Inactive,Inactive
4260,CC1=C(Cc2c(C)cccc2O)C(=O)[C@@](C)(O)[C@H](O)C1,0.1827,16.26,Inactive,Active
4261,Cc1cc(NS(=O)(=O)c2ccc(NC(S)=NCc3ccccc3)cc2)no1,0.1827,16.26,Inactive,Inactive
4262,CCOC(=O)C1=C(CC)Nc2ccccc2N=C1NC(=O)C1CC(=O)N(CCc2ccccc2)C1,0.1827,16.26,Inactive,Inactive
4263,CC1=C(/C=C/C(=O)/C=C/c2ccccc2)C(C)(C)CCC1,0.1827,16.26,Inactive,Active
4264,Cc1cc(NS(=O)(=O)c2ccc(NC(=O)C(C)Oc3ccc4c(C)cc(=O)oc4c3)cc2)no1,0.1827,16.26,Inactive,Inactive
4265,CC12CC(NC(=O)N1c1ccc(C(=O)N3CCN(Cc4ccc5c(c4)OCO5)CC3)cc1)c1cc(Cl)ccc1O2,0.1827,16.26,Inactive,Inactive
4266,COc1ccc(-c2cn3c4ccccc4n(CCN4CCCCC4)c3n2)cc1,0.1827,16.26,Inactive,Inactive
4267,Brc1ccccc1-c1ccccc1,0.1827,16.26,Inactive,Inactive
4268,O=C(C[n+]1ccc(Cc2ccccc2)cc1)Nc1ccccc1,0.1818,16.2,Inactive,Inactive
4269,COC(=O)c1c(O)cc(OC)cc1/C=C/c1ccccc1,0.181,16.13,Inactive,Inactive
4270,O=C(/C=C/c1ccccn1)c1ccc2ccccc2c1,0.181,16.13,Inactive,Inactive
4271,CC1=C[C@@H]2[C@@H](C(C)C)CC[C@@](C)(O)[C@@H]2CC1=O,0.181,16.13,Inactive,Inactive
4272,O=S(=O)(Nc1ccc(-c2nc3ccccc3o2)cc1)c1ccc(O)cc1,0.181,16.13,Inactive,Inactive
4273,COc1cc(C2c3c(oc4ccccc4c3=O)C(=O)N2Cc2ccncc2)ccc1O,0.181,16.13,Inactive,Inactive
4274,O=C(c1ccccc1F)N(Cc1ccc2c(c1)OCO2)Cc1cc2cc3c(cc2n2nnnc12)OCO3,0.181,16.13,Inactive,Inactive
4275,NCCNC(=O)[C@H](Cc1c[nH]c2ccccc12)NC(=O)c1cc(C(=O)N[C@@H](Cc2c[nH]c3ccccc23)C(=O)NCCN)cc(C(=O)N[C@@H](Cc2c[nH]c3ccccc23)C(=O)NCCN)c1,0.181,16.13,Inactive,Inactive
4276,NCCC[C@H](N)CC(=O)NCCC[C@H](N)CC(=O)N[C@@H]1[C@H](O)[C@@H](O)[C@@H](COC(N)=O)O[C@H]1/N=C1\N[C@@H]2[C@H](O)CNC(=O)[C@H]2N1,0.181,16.13,Inactive,Inactive
4277,Cc1cc(NS(=O)(=O)c2ccc(NC(=O)/C=C/c3ccc(C)o3)cc2)nc(C)n1,0.181,16.13,Inactive,Inactive
4278,Cc1ccc(NC(=O)c2ccc3[nH]ccc3c2)cc1,0.181,16.13,Inactive,Inactive
4279,CC(=O)c1cc2c(cc1NC(=O)c1ccccc1Br)OCCO2,0.181,16.13,Inactive,Inactive
4280,Cc1cc(-c2c(/[N+]([O-])=N/C#N)c(C)nn2C)no1,0.181,16.13,Inactive,Inactive
4281,CCCCCCCCCC(=O)OCC(=O)N1CCN(c2cc3c(cc2F)c(=O)c(C(=O)O)cn3C2CC2)CC1,0.181,16.13,Inactive,Inactive
4282,CCCCCCCCCCCC(=O)OCC(=O)N1CCN(c2cc3c(cc2F)c(=O)c(C(=O)O)cn3C2CC2)CC1,0.181,16.13,Inactive,Inactive
4283,COP(=O)(OC)C(Nc1ccc(S(=O)(=O)Nc2nccs2)cc1)c1cc(O)c2c(c1)C(=O)c1cccc(O)c1C2=O,0.181,16.13,Inactive,Active
4284,COc1ccc(C2SCC(=O)N2n2c(Cc3ccccc3Nc3c(Cl)cccc3Cl)n[nH]c2=S)cc1,0.181,16.13,Inactive,Inactive
4285,CCn1cc(CN2CCN(Cc3cccc(OC)c3)C(CCO)C2)c(C)n1,0.181,16.13,Inactive,Inactive
4286,Nc1nc(=O)n(C2CC(O)C(CO)O2)cc1F,0.181,16.13,Inactive,Active
4287,Cc1c2cc[n+](C)cc2c(C)c2c1[nH]c1ccc(O)cc12,0.181,16.13,Inactive,Active
4288,O=C(Nc1cccc(-c2nnn[nH]2)c1)c1cc(C(F)(F)F)cc2[nH]cnc12,0.181,16.13,Inactive,Inactive
4289,O=[N+]([O-])c1ccc(-n2cc(-c3nnc(-c4ccccc4)o3)c(-c3ccccc3)n2)cc1,0.181,16.13,Inactive,Inactive
4290,CCn1cc(C(=O)NNS(=O)(=O)c2ccc(C)cc2)c(=O)c2ccccc21,0.181,16.13,Inactive,Active
4291,CC(=NCc1ccncc1)C1=C(O)c2ccccc2C1=O,0.181,16.13,Inactive,Inactive
4292,CCCCCCC1c2ccc(O)cc2Oc2cc(O)ccc21,0.181,16.13,Inactive,Inactive
4293,Cc1c(O)cc(O)c2c1[C@H](C)[C@@H](C)OC21CCCCC1,0.181,16.13,Inactive,Inactive
4294,CO[C@H]1/C=C/O[C@@]2(C)Oc3c(C)c(O)c4c(c3C2=O)C(=O)C(N(C)C)=C(NC(=O)/C(C)=C\C(=O)[C@@H]2C[C@@H]2[C@H](O)[C@@H](C)[C@@H](O)[C@@H](C)[C@H](OC(C)=O)[C@@H]1C)C4=O,0.181,16.13,Inactive,Inactive
4295,CN(C)C(=O)c1cn(N(C)c2ncc(C(F)(F)F)cc2Cl)c(=O)c2ccccc12,0.181,16.13,Inactive,Inactive
4296,O=C1Nc2[nH]c(=S)n(-c3cccc(Cl)c3)c(=O)c2C(c2ccccc2Cl)N1/N=N/c1ccc(Cl)cc1,0.181,16.13,Inactive,Active
4297,COc1cc(CCCOCCCBr)cc2cc(-c3ccc4c(c3)OCO4)oc12,0.181,16.13,Inactive,Inactive
4298,N#Cc1c(-c2ccccc2)nc(SCc2ccc([N+](=O)[O-])o2)[nH]c1=O,0.181,16.13,Inactive,Active
4299,COc1ccc(Cl)cc1C(=O)CSc1nc(N)cc(N)n1,0.181,16.13,Inactive,Inactive
4300,Cc1cc(/C=N/Nc2ccc([N+](=O)[O-])cn2)c(C)n1-c1ccc(C(=O)O)cc1,0.181,16.13,Inactive,Inactive
4301,CCOc1cc(/C=C2\SC(=O)N(C)C2=O)cc(Cl)c1OCC,0.181,16.13,Inactive,Inactive
4302,C=C(C)C(O)Cc1c(O)c(C(=O)[C@@H](C)CC)c2oc3c4c(c(C(=O)[C@@H](C)CC)c(O)c3c2c1O)OC(C)(C)C=C4,0.181,16.13,Inactive,Inactive
4303,c1ccc2c(c1)oc1c(N3CCN(C4CCCC4)CC3)ncnc12,0.181,16.13,Inactive,Inactive
4304,COc1ccc(C2CC([C@H]3NC(=O)/C(=C/NC(N)=O)NC(=O)[C@@H](CO)NC(=O)[C@@H](CO)NC(=O)C(NC(=O)C[C@@H](N)CCCN)CNC3=O)N=C(N)N2)cc1OC,0.181,16.13,Inactive,Inactive
4305,COc1ccc(Nc2nc(NCc3ccco3)nc(N/N=C/c3ccccc3Cl)n2)cc1,0.181,16.13,Inactive,Inactive
4306,COc1ccc(Cn2c(=O)ccn([C@@H]3OC([C@H](O)[C@H](NCCCNC(=O)[C@@H](C)N)C(=O)OC(C)(C)C)[C@@H](O[Si](C)(C)C(C)(C)C)[C@H]3O[Si](C)(C)C(C)(C)C)c2=O)cc1,0.181,16.13,Inactive,Inactive
4307,O=C(CCCN1C(=O)S/C(=C\C=C\c2ccccc2)C1=O)Nc1ccc(C(=O)O)cc1,0.181,16.13,Inactive,Inactive
4308,CCC1(c2ccccc2)C(=O)NC(=O)NC1=O,0.181,16.13,Inactive,Inactive
4309,COc1cc(CSc2ccc(F)cc2)c(C(=O)O)c(O)c1CC=C(C)C,0.181,16.13,Inactive,Inactive
4310,O=C(O)c1cccc(-c2noc(-c3ccccc3F)n2)c1,0.181,16.13,Inactive,Inactive
4311,O=C(CCCCCn1c(=S)[nH]c2ccc(N3CCOCC3)cc2c1=O)NC1CCN(Cc2ccccc2)CC1,0.181,16.13,Inactive,Inactive
4312,CC1(C)CCC[C@]2(C)[C@H]3CC/C(=C\OS(=O)(=O)O)[C@H](CCC4=CCN(CC(=O)O)C4=O)[C@@]3(C)CC[C@@H]12,0.181,16.13,Inactive,Inactive
4313,O=S(=O)(/C=C/S(=O)(=O)c1ccc(Cl)cc1)CC1=NCCO1,0.181,16.13,Inactive,Inactive
4314,Clc1ccc(Cn2cc(COCc3c(-c4ccccc4)nc4sc5ccccc5n34)nn2)c(Cl)c1,0.181,16.13,Inactive,Inactive
4315,COc1ccc(-c2noc(=O)n2Cc2ccc(C#N)cc2)cc1,0.181,16.13,Inactive,Inactive
4316,COc1cc(CNCc2cccs2)cc(Br)c1OC,0.181,16.13,Inactive,Inactive
4317,Cn1c(N2CCN(C(c3ccccc3)c3ccccc3)CC2)nc2c1c(=O)[nH]c(=O)n2C,0.181,16.13,Inactive,Active
4318,COc1ccc(Cn2ccc3c(-c4ccco4)nc(Cl)nc32)cc1,0.181,16.13,Inactive,Inactive
4319,CC(C)OC(=O)COc1ccc(-c2ccccc2)cc1,0.181,16.13,Inactive,Inactive
4320,CC(c1ccccn1)N(CCN(C)C)C(=S)Nc1cccc(F)c1,0.181,16.13,Inactive,Inactive
4321,C=C/C(C)=C/[C@@]1(C)SC(=O)C(CCCCN=[N+]=[N-])=C1O,0.181,16.13,Inactive,Active
4322,CC(C)(C)c1cc(CCC(=O)N2CCC2)cc(C(C)(C)C)c1O,0.181,16.13,Inactive,Inactive
4323,Cc1ccc(Nc2nc(=O)c3cccnc3s2)c(Br)c1,0.181,16.13,Inactive,Inactive
4324,COc1ccc(N=c2cc(-c3ccc(OC)cc3)oc3ccccc23)cc1,0.181,16.13,Inactive,Inactive
4325,CC1(C)CC(=O)C=C(Nc2ccccc2NC(=O)c2cnccn2)C1,0.181,16.13,Inactive,Inactive
4326,CCOc1ccc2c(c1)sc1nc(-c3ccccc3)c(COCc3cn(Cc4ccc(Cl)cc4)nn3)n12,0.181,16.13,Inactive,Inactive
4327,CCCc1nc2c(=O)n(C)c(=O)[nH]c2n1CCC,0.181,16.13,Inactive,Inactive
4328,Cc1nc2ccc(C(=O)Nc3cccc(-c4ccc(C(=O)NC(C(=O)N5CCNCC5)c5ccc(OCCCN(C)C)cc5)o4)c3)cc2nc1C,0.181,16.13,Inactive,Active
4329,Nc1ncc(-c2cccc(NC(=O)c3cc(Br)cc(Br)c3)c2)cn1,0.181,16.13,Inactive,Inactive
4330,O=S(=O)(c1cnc[nH]1)N1CCN(C(c2ccc(F)cc2)c2ccc(F)cc2)CC1,0.181,16.13,Inactive,Inactive
4331,C=C[C@]1(C)C[C@@H](OC(=O)CSc2cc[n+](CC3CCCO3)cc2)[C@]2(C)[C@H](C)CC[C@]3(CCC(=O)[C@H]32)[C@@H](C)[C@@H]1O,0.181,16.13,Inactive,Inactive
4332,CC1=CC(O)=CC(C)(C)[C@@]1(O)/C=C/[C@@H](C)CC(=O)O,0.181,16.13,Inactive,Active
4333,C=CCNc1sc(C(=O)c2ccc(C)cc2)c(N)c1C#N,0.181,16.13,Inactive,Inactive
4334,Cc1c(C(=O)O)cccc1-n1c(C)cc(/C=N/NC(=O)c2cc3ccccc3o2)c1C,0.181,16.13,Inactive,Inactive
4335,CC(C)NC(=O)C(OC(=O)c1ccccc1)C(OC(=O)c1ccccc1)C(=O)O,0.181,16.13,Inactive,Inactive
4336,CC(C)(C)C1CC(=NO)CC(C(C)(C)C)N1,0.181,16.13,Inactive,Inactive
4337,O=[N+]([O-])c1ccc(-c2cccnc2)cc1,0.181,16.13,Inactive,Inactive
4338,O=C(Nc1ccccc1F)c1ccc(OCc2ccccc2)cc1,0.181,16.13,Inactive,Inactive
4339,O=C(N/N=C/c1ccccc1)c1ccc(-c2nc3ccccc3[nH]2)cc1,0.181,16.13,Inactive,Inactive
4340,CC[C@H](C)[C@@H]1NC(=O)[C@H](Cc2ccc(O)cc2)NC(=O)[C@@H]2CCCN2C(=O)[C@@H]2CCCN2C(=O)[C@H](CC(C)C)NC(=O)[C@H](CCC(=O)O)NC(=O)[C@H](Cc2ccccc2)NC(=O)[C@H](CC[S+](C)[O-])NC(=O)[C@@H]2CCCN2C(=O)[C@@H]2CCCN2C1=O,0.181,16.13,Inactive,Inactive
4341,N=C(NC1CCCC1)c1ccc2cc(-c3ccc(Oc4ccc(-c5cc6ccc(C(=N)NC7CCCC7)cc6[nH]5)cc4)cc3)[nH]c2c1,0.181,16.13,Inactive,Inactive
4342,Nc1nc2cc(Cl)ccc2o1,0.181,16.13,Inactive,Active
4343,C=C[C@]1(C)CCC2=C(CC[C@@H]3[C@](C)(CO)CCC[C@@]23C)C1,0.181,16.13,Inactive,Inactive
4344,COc1ccc(N=C2C(=O)Nc3ccccc32)cc1,0.181,16.13,Inactive,Inactive
4345,Cc1[nH]c2ccccc2c1Cc1c(C)[nH]c2ccccc12,0.181,16.13,Inactive,Inactive
4346,Cc1ccc([C@H]2[C@@H]3CCC=C3C(C#N)=C(N)C23C(=O)c2ccccc2C3=O)cc1,0.181,16.13,Inactive,Inactive
4347,C=CCn1cc(C(C)=O)c(=O)[nH]c1=O,0.181,16.13,Inactive,Inactive
4348,O=C(c1ccc(-n2c(-c3ccccc3)nc3ccccc3c2=O)cc1)[n+]1nc(S)sc1-c1ccc([N+](=O)[O-])cc1,0.181,16.13,Inactive,Active
4349,N#Cc1ccc(/C=C/c2cccc(C#N)c2)cc1,0.181,16.13,Inactive,Inactive
4350,CCc1ccc(OCC(=O)Nc2ccc(-c3cc4ccccc4oc3=O)c(OC)c2)cc1,0.181,16.13,Inactive,Inactive
4351,CC[C@H]1OC(=O)[C@H](C)[C@@H](OCc2cn(-c3cccc4ccccc34)nn2)[C@H](C)[C@@H](O[C@@H]2O[C@H](C)C[C@H](N(C)C)[C@H]2O)[C@@]2(C)CC(C)=C(O2)[C@H](C)[C@@H](OC(=O)C(C)C)[C@]1(C)OC(=O)C(C)C,0.181,16.13,Inactive,Inactive
4352,NS(=O)(=O)c1cc2c(cc1Cl)NC(C1CC3C=CC1C3)NS2(=O)=O,0.181,16.13,Inactive,Inactive
4353,COc1c(C(C)C)oc2cc3oc(=O)ccc3cc12,0.181,16.13,Inactive,Inactive
4354,O=C1CSC(c2cccs2)N1n1c(Cc2ccccc2Nc2c(Cl)cccc2Cl)n[nH]c1=S,0.181,16.13,Inactive,Inactive
4355,COc1ccc(N=Cc2c(O)ccc3ccccc23)cc1,0.181,16.13,Inactive,Inactive
4356,COc1cccc2cc(-c3csc(-n4cc(C=O)c(-c5ccc(Cl)cc5)n4)n3)c(=O)oc12,0.181,16.13,Inactive,Inactive
4357,CC(C)(C)c1ccc(CNCCCNC(=O)Nc2ccc(C(F)(F)F)cc2)cc1,0.181,16.13,Inactive,Inactive
4358,Nc1nccc(-c2cn(Cc3ccccc3)c3ccc(Br)cc23)n1,0.181,16.13,Inactive,Inactive
4359,CCOc1ccc2c(c1)sc1nc(-c3ccccc3)c(COCc3cn(Cc4ccc([N+](=O)[O-])cc4)nn3)n12,0.181,16.13,Inactive,Inactive
4360,CCOc1ccc2c(c1)sc1nc(-c3ccccc3)c(COCc3cn(Cc4cccc(Cl)c4)nn3)n12,0.181,16.13,Inactive,Inactive
4361,COC(=O)c1c(/C=C/c2cccc(F)c2)cc(OC)c(CC=C(C)C)c1O,0.181,16.13,Inactive,Inactive
4362,COc1cccc(CNc2nc3ccccc3n2C)c1O,0.181,16.13,Inactive,Inactive
4363,O=[N+]([O-])c1ccc(-n2cc(-c3nnc(-c4ccccc4)o3)c(-c3ccc(F)cc3)n2)cc1,0.181,16.13,Inactive,Inactive
4364,O=[N+]([O-])c1ccc(-c2nn(-c3ccccc3)cc2-c2nnc(-c3ccccc3)o2)cc1,0.181,16.13,Inactive,Inactive
4365,CC(=O)Nc1ccc2nc(NC(=O)CSc3nnc(-c4ccc5ncccc5c4)n3-c3cccc4ccccc34)sc2c1,0.181,16.13,Inactive,Inactive
4366,CC(/C=C/c1cnc([N+](=O)[O-])n1C)=N\N1CCN(CCO)CC1,0.181,16.13,Inactive,Inactive
4367,C=C1N(C)c2cc(CN3C(=O)c4ccccc4C3=O)ccc2C1(C)C,0.181,16.13,Inactive,Inactive
4368,COc1ccc(-n2c(C)cc(C3N=C(N)Nc4nc5ccccc5n43)c2C)cc1,0.181,16.13,Inactive,Inactive
4369,FC(F)(F)C1=Nc2cccc3cccc(c23)N1,0.181,16.13,Inactive,Inactive
4370,COc1ccc(C(=O)O/N=C2\C(=O)N(C)c3ccccc32)cc1,0.181,16.13,Inactive,Inactive
4371,CCCc1cc2c(c(NC(C)=O)n1)c(=O)oc1ccccc12,0.181,16.13,Inactive,Inactive
4372,Cc1ccc2nc(Oc3ccc(C#N)cc3)c(C3C(C#N)=C(N)N(c4ccc(F)c(F)c4)C4=C3C(=O)CC(C)(C)C4)cc2c1,0.181,16.13,Inactive,Inactive
4373,Nc1nnc(C(=O)c2ccccc2N)s1,0.181,16.13,Inactive,Active
4374,Nc1nnc(-c2ccc(Cl)cc2)s1,0.181,16.13,Inactive,Inactive
4375,Cc1c(C=O)c2ccccn2c1C(=O)c1cccs1,0.181,16.13,Inactive,Active
4376,CCOc1cccc(=O)c2c(C)n(-c3ccc(C(=O)O)cc3)c(C)c12,0.181,16.13,Inactive,Active
4377,CCOc1cccc(CN2CCCC(N3CCN(c4cccc(Cl)c4)CC3)C2)c1O,0.181,16.13,Inactive,Inactive
4378,NC[C@H](NC(=O)c1cccc(Br)c1)c1ccccc1,0.181,16.13,Inactive,Inactive
4379,O=C(O)c1ccc(CN2C(=O)S/C(=C\c3ccc(F)cc3)C2=O)cc1,0.181,16.13,Inactive,Active
4380,CCCc1ccc(NC(=S)NC(=O)c2cnn(C)c2)cc1,0.181,16.13,Inactive,Inactive
4381,CCCn1nc(C(=O)Nc2ccc3nc(C)sc3c2)c2ccccc2c1=O,0.181,16.13,Inactive,Inactive
4382,CCOc1ccccc1Nc1c2ccccc2[n+](C)c2c1oc1ccccc12,0.181,16.13,Inactive,Inactive
4383,O=C(N/N=C/c1cccc(OCc2ccccc2)c1)c1cccs1,0.181,16.13,Inactive,Inactive
4384,CCCC1CC(C(=O)NC(C)(CO)C(O)c2ccc([N+](=O)[O-])cc2)N(C)C1,0.181,16.13,Inactive,Inactive
4385,CCS(=O)(=O)NC(C)C(c1cccs1)N1CCN(c2ccc(OC)cc2)CC1,0.181,16.13,Inactive,Inactive
4386,O=C(O)c1cccc(-n2cccc2/C=N/O)c1,0.181,16.13,Inactive,Inactive
4387,CCCCCCCCCCCCCCCCOCCCOP(=O)(CCN1C[C@H](O)C[C@@H](O)C1)OC[C@H]1O[C@@H](n2ccc(=O)[nH]c2=O)[C@H](O)[C@@H]1O,0.181,16.13,Inactive,Inactive
4388,CCOC(=O)C1=C(C)NC(C)=C(C(=O)OCC)C1c1cccc([N+](=O)[O-])c1,0.181,16.13,Inactive,Inactive
4389,COC(=O)c1c(O)cc(OC)cc1/C=C/c1cccc(F)c1,0.181,16.13,Inactive,Inactive
4390,Cc1ccccc1C(=O)NC(CC(C)C)C(=O)OCc1cc(=O)n2cc(Br)ccc2n1,0.181,16.13,Inactive,Inactive
4391,COc1ccc2c(c1OC)C(=O)N1c3cccc(Cl)c3C(=O)OC21,0.181,16.13,Inactive,Inactive
4392,Cc1sc(NC=O)cc1C(=O)Nc1nc(C(=O)Nc2cc(C(=O)NCCCN(C)C)n(C)c2)c(C(C)C)s1,0.181,16.13,Inactive,Inactive
4393,O=C(NCc1ccccc1)c1cc(Br)c(Br)[nH]1,0.181,16.13,Inactive,Inactive
4394,Cc1cc(N2CCC(C)CC2)nc(NCc2ccccc2)n1,0.181,16.13,Inactive,Active
4395,Nc1ccc(N=Nc2ccccc2)cc1,0.181,16.13,Inactive,Inactive
4396,O=C(CSc1nnc(Cc2cc(=O)[nH]c(=O)[nH]2)n1-c1ccc(F)cc1)NC1CCCC1,0.181,16.13,Inactive,Active
4397,O=C(NCc1ccccn1)c1ccc(NC2=NC3CS(=O)(=O)CC3S2)cc1,0.181,16.13,Inactive,Inactive
4398,CC(=O)Nc1ccc(S(=O)(=O)NCc2nc3ccccc3c(=O)n2-c2ccc([N+](=O)[O-])cc2)cc1,0.181,16.13,Inactive,Inactive
4399,Cc1cc(C)n(-c2ccc(C(=O)Oc3ccc4c(c3)OCO4)cc2)n1,0.181,16.13,Inactive,Inactive
4400,C/C(=N\NC(=O)c1cc2ccccc2cc1O)c1ccc2c(c1)OCO2,0.181,16.13,Inactive,Inactive
4401,COc1ccc(S(=O)(=O)N2CCN(c3cc4c(cc3F)c(=O)c(C(=O)O)cn4C3CC3)CC2)c(OC)c1,0.181,16.13,Inactive,Inactive
4402,O=C1C2C(C(=O)N1c1nccs1)C1C=CC2C12CC2,0.181,16.13,Inactive,Inactive
4403,CC(=O)Nc1ccc(S(=O)(=O)NCc2nc3ccccc3c(=O)n2-c2ccc(F)cc2)cc1,0.181,16.13,Inactive,Inactive
4404,COc1ccccc1NCn1nc(-c2sc(NC(C)=O)nc2C)oc1=S,0.181,16.13,Inactive,Inactive
4405,O=C(OCc1ncc(-c2ccccc2)o1)c1cc2c(s1)CCC2,0.181,16.13,Inactive,Inactive
4406,O=[N+]([O-])c1cn(CCN(CCBr)Cc2ccccc2Cl)cn1,0.181,16.13,Inactive,Inactive
4407,CC(C)C(=O)O[C@@H]1c2c(cc(O)c3c2C(=O)c2cccc(O)c2-3)C(=O)[C@@]2(C)O[C@@H]12,0.181,16.13,Inactive,Inactive
4408,CC(C)[C@H](N)C(=O)NCC(=O)OO[C@H]1C[C@H]2[C@@H]([C@H](OC(=O)CNC(=O)[C@@H](N)C(C)C)C[C@@H]3C[C@H](OC(=O)CNC(=O)[C@@H](N)C(C)C)CC[C@@]32C)[C@@H]2CC[C@H]([C@H](C)CCC(=O)OCc3ccccc3)[C@@]12C,0.181,16.13,Inactive,Inactive
4409,CC(=O)Nc1ccc(S(=O)(=O)/C(C#N)=C/c2cn(CC(=O)N3CCCCC3)c3ccccc23)cc1,0.181,16.13,Inactive,Inactive
4410,CC(=O)Nc1ccc(S(=O)(=O)/C(C#N)=C/c2cn(CC(=O)N3CCCC3)c3ccccc23)cc1,0.181,16.13,Inactive,Inactive
4411,CN1CCN(c2nc(Nc3ccc(C#N)c(C(F)(F)F)c3)nc(Oc3ccnc4ccccc34)n2)CC1,0.181,16.13,Inactive,Inactive
4412,CCN1C[C@]2(COC(=O)c3ccccc3N3C(=O)C[C@H](C)C3=O)CC[C@H](OC)[C@@]34[C@@H]5C[C@H]6[C@H](OC)[C@@H]5[C@](O)(C[C@@H]6OC)[C@@](O)([C@@H](OC)[C@H]23)[C@@H]14,0.181,16.13,Inactive,Active
4413,O=C1NC(=O)C(=Cc2cn(-c3ccccc3)nc2-c2cc3cc(Br)ccc3oc2=O)C(=O)N1,0.181,16.13,Inactive,Inactive
4414,c1ccc2c(c1)Cc1ccccc1O2,0.181,16.13,Inactive,Inactive
4415,Cc1cc(C)cc(-c2ccc(OCCN(C)C)c(/C=C/C(=O)c3ccccc3OCCN(C)C)c2)c1,0.181,16.13,Inactive,Inactive
4416,CCOC(=O)c1cn(CC(O)Cn2cnc([N+](=O)[O-])c2)c2cc(C(F)(F)F)ccc2c1=O,0.181,16.13,Inactive,Inactive
4417,COC(=O)c1ccc(COc2ccc(/C=C(\C#N)c3nc4ccccc4[nH]3)cc2OC)o1,0.181,16.13,Inactive,Inactive
4418,c1ccc(-c2cn3c4ccccc4n(CCN4CCCCC4)c3n2)cc1,0.181,16.13,Inactive,Inactive
4419,CN1C2CCC1CC(OC(=O)c1c[nH]c3ccccc13)C2,0.181,16.13,Inactive,Inactive
4420,c1ccc(-c2cn3nc4c(nc3n2)CCCC4)cc1,0.181,16.13,Inactive,Active
4421,N#C/C(=C\c1ccc(Cl)cc1)c1ccccc1C#N,0.181,16.13,Inactive,Inactive
4422,CC(=O)Nc1ccc(S(=O)(=O)NCc2nc3ccccc3c(=O)n2-c2cccc([N+](=O)[O-])c2)cc1,0.181,16.13,Inactive,Inactive
4423,O=C1NC(=S)NC(=O)C1=Cc1ccccc1[N+](=O)[O-],0.181,16.13,Inactive,Inactive
4424,CC(=O)OCC1=C(/C=C/C(=O)O)N2C(=O)[C@@H](NC(=O)Cc3cccs3)[C@H]2SC1,0.181,16.13,Inactive,Inactive
4425,COc1ccc2c(OCc3ccccc3)c3[n+](cc2c1OC)CCc1cc2c(cc1-3)OCO2,0.181,16.13,Inactive,Inactive
4426,Cc1cc(C=O)c(C)n1-c1cc(C(=O)O)cc(C(=O)O)c1,0.181,16.13,Inactive,Inactive
4427,NC(=O)c1c(NC(=O)c2ccccc2)sc2c1CCN(Cc1ccccc1)C2,0.181,16.13,Inactive,Inactive
4428,CSCCC(NC(=O)c1ccccc1Cl)C(=O)N1CCN(c2ccccn2)CC1,0.181,16.13,Inactive,Inactive
4429,Cc1cc(C2N=C(N)Nc3nc4ccccc4n32)c(C)n1-c1ccccc1Cl,0.181,16.13,Inactive,Active
4430,O=C(NC1(C(=O)NO)CCS(=O)(=O)CC1)c1ccc(C#Cc2ccccc2)cc1,0.181,16.13,Inactive,Inactive
4431,CC(C)C(=O)Nc1ccc(C(=O)N/N=C/C2CC3C=CC2C3)cc1,0.181,16.13,Inactive,Inactive
4432,COc1ccc(-c2cc(C)nn2-c2cc3nc(C)cc(-c4ccc(OC)cc4)n3n2)cc1,0.181,16.13,Inactive,Inactive
4433,CCOC(=O)C1(C(F)(F)F)N=C(C(F)(F)F)Nc2ccc(F)cc21,0.181,16.13,Inactive,Inactive
4434,CC1/C(=N/O)CC(C(C)(C)C)NC1C(C)(C)C,0.181,16.13,Inactive,Inactive
4435,CCCCCCc1cc(=O)c(Oc2ccc([N+](=O)[O-])cc2)cn1C,0.181,16.13,Inactive,Active
4436,COc1ccc(C2C(C(=O)N3CCC4(CC3)OCCO4)CC(=O)N2c2ccc(OC)cc2)cc1,0.181,16.13,Inactive,Inactive
4437,COC(=O)C1=C(C)NC(C)=C([N+](=O)[O-])C1c1ccccc1C(F)(F)F,0.181,16.13,Inactive,Inactive
4438,NC(=O)N/N=C/c1c(-c2ccccc2)n(CC(=O)c2ccc(Cl)cc2)c2ccccc12,0.181,16.13,Inactive,Inactive
4439,COC(=O)[C@@H]1CSCc2c(O)cc(OC)c(C)c2C(=O)OCC(NC(=O)OC(C)(C)C)C(=O)N1,0.181,16.13,Inactive,Inactive
4440,c1ccc(C2=NCCc3c2[nH]c2ccccc32)cc1,0.181,16.13,Inactive,Inactive
4441,Cc1csc2ncnc(N3CCN(C(=O)Nc4ccc(OC(F)(F)F)cc4)CC3)c12,0.181,16.13,Inactive,Inactive
4442,CC1CC(C)CN(C(=O)c2ccc(NC(=O)c3ccc(=O)[nH]c3)cc2)C1,0.181,16.13,Inactive,Inactive
4443,C[C@H](C(=O)O)N1CC=C(CC[C@H]2/C(=C/OS(=O)(=O)O)CC[C@H]3[C@]2(C)CC[C@H]2C(C)(C)CCC[C@]32C)C1=O,0.181,16.13,Inactive,Inactive
4444,CC(C)c1csc(-c2nnc(S(=O)(=O)Cc3ccc(OC(F)(F)F)cc3)n2-c2ccccc2)n1,0.181,16.13,Inactive,Active
4445,ClC(Cl)=C(c1ccc(Cl)cc1)c1ccc(Cl)cc1,0.181,16.13,Inactive,Inactive
4446,C/C(=C\c1ccc(O[C@@H]2O[C@H](C(C)O)[C@@H](O)[C@@H]2O)c(O)c1)C(=O)N[C@@H]1[C@H](O)[C@@H](O)[C@H]2OCO[C@H]2[C@@H]1O,0.181,16.13,Inactive,Active
4447,CCCCCCCCCCn1cc(C[C@H](O[C@@H]2O[C@H](CN)[C@@H](O)[C@H]2O)[C@H]2O[C@@H](n3ccc(=O)[nH]c3=O)[C@H](O)[C@@H]2O)nn1,0.181,16.13,Inactive,Inactive
4448,Clc1ccccc1OCCn1ccnc1,0.181,16.13,Inactive,Inactive
4449,O=C(O)CCCC(=O)Nc1ccc(/C=C/c2ccccc2)cc1,0.181,16.13,Inactive,Active
4450,Cc1ccc(C(=O)Cn2c(-c3ccccc3)c(/C=N/NC(N)=O)c3ccccc32)cc1,0.181,16.13,Inactive,Inactive
4451,C/C(S)=N/C[C@H]1CN(c2ccc(N3CCN(C(=O)/C=C/c4ccc5c(c4)OCO5)CC3)c(F)c2)C(=O)O1,0.181,16.13,Inactive,Active
4452,Cc1ccc(C)n1-c1cc(Cl)ccc1C(=O)O,0.181,16.13,Inactive,Active
4453,S=C1SCCN1Cc1ccccc1,0.181,16.13,Inactive,Inactive
4454,CCOC(=O)c1sc(N)c(C(=O)OC)c1C,0.181,16.13,Inactive,Inactive
4455,CN(CCO)c1cc(Sc2nc3ccccc3s2)c2nonc2c1[N+](=O)[O-],0.181,16.13,Inactive,Inactive
4456,Cc1ccc(C)n1-c1cccc(N)c1,0.181,16.13,Inactive,Inactive
4457,Cc1cc(N=Nc2ccccc2C)ccc1N,0.181,16.13,Inactive,Inactive
4458,O=C(CN1CCN(C/C=C/c2ccccc2)CC1)Nc1ccc(F)cc1F,0.181,16.13,Inactive,Inactive
4459,O=C(CN1C(=O)c2ccccc2C1=O)NCC(=O)OCC(=O)c1ccc(Br)cc1,0.181,16.13,Inactive,Inactive
4460,CCCCSc1nnc2sc3ccccc3n12,0.181,16.13,Inactive,Inactive
4461,NC(=O)c1c(NC(=O)CN2C(=O)CCC2=O)sc2c1CCCCC2,0.181,16.13,Inactive,Inactive
4462,O=C(O)c1cn(C2CC2)c2cc(N3CCN(C(=O)CCC(=O)N(O)CCCCCO)CC3)c(F)cc2c1=O,0.181,16.13,Inactive,Inactive
4463,COC(=O)[C@@H]1CSCc2c(O)cc(OC)c(C)c2C(=O)OCCC(=O)N1,0.181,16.13,Inactive,Inactive
4464,COc1c(Cc2ccccc2O)c(O)cc(O)c1C(=O)CCc1ccccc1,0.181,16.13,Inactive,Inactive
4465,Cc1cc(NC(=O)C2CCCCC2C(=O)O)no1,0.181,16.13,Inactive,Inactive
4466,CC(C)Cc1ccc(C(C)c2nnc3sc(Cc4ccccc4Nc4c(Cl)cccc4Cl)nn23)cc1,0.181,16.13,Inactive,Inactive
4467,CN(C)c1ccc(/C=N/NC(=O)c2ccc(-c3nc4ccccc4[nH]3)cc2)cc1,0.181,16.13,Inactive,Inactive
4468,O=C1COCCN1c1ccc(C2CC(c3ccc([N+](=O)[O-])o3)=NO2)cc1F,0.181,16.13,Inactive,Inactive
4469,COc1ccccc1NC(=O)Nc1sc2c(c1C(N)=O)CCC2,0.181,16.13,Inactive,Inactive
4470,CN(C)c1ccc(/C=C/c2cc(NCCCc3ccccc3)c3ccccc3[n+]2C)cc1,0.181,16.13,Inactive,Inactive
4471,Clc1ccccc1Cn1cc(COCc2c(-c3ccccc3)nc3sc4ccccc4n23)nn1,0.181,16.13,Inactive,Inactive
4472,Fc1ccc(-c2cnc3nnc(Cc4ccc5ncccc5c4)n3n2)cc1,0.181,16.13,Inactive,Active
4473,Oc1ccccc1OCCCCCOc1ccccc1O,0.181,16.13,Inactive,Inactive
4474,Oc1ccccc1/C=N/c1ccccc1NC(=S)Nc1ccccc1,0.181,16.13,Inactive,Inactive
4475,O=C(Nc1ccc(Cl)c(Cl)c1)c1c(O)n(-c2ccc(Cl)c(Cl)c2)n(-c2ccc(Cl)c(Cl)c2)c1=O,0.181,16.13,Inactive,Inactive
4476,CCOCO[C@H](C)[C@H]1C(=O)N2C(C(=O)OCc3ccc([N+](=O)[O-])cc3)=CS[C@@H]12,0.181,16.13,Inactive,Inactive
4477,CC(=O)NCC(=O)O[C@H](C)[C@H]1C(=O)N2C(C(=O)OCc3ccc([N+](=O)[O-])cc3)=CS[C@@H]12,0.181,16.13,Inactive,Inactive
4478,Oc1ccc2c(c1)Oc1[nH]c(=S)[nH]c(=S)c1C2c1ccccc1,0.181,16.13,Inactive,Inactive
4479,[N-]=[N+]=NC(c1ccccc1)C(NC(=O)c1cc(C(F)(F)F)cc(C(F)(F)F)c1)c1ccccc1,0.181,16.13,Inactive,Inactive
4480,COc1ccc(CNc2nc3ccccc3n2C)c(O)c1,0.181,16.13,Inactive,Inactive
4481,COc1ccc(-c2nnc(Nc3nc4c(OC)cccc4s3)o2)c(OC)c1,0.181,16.13,Inactive,Inactive
4482,O=C(NNc1cccc(Cl)c1)c1ccccn1,0.181,16.13,Inactive,Active
4483,COc1ccc(-c2nn(-c3ccccc3)cc2-c2nnc(-c3ccccc3)o2)cc1,0.181,16.13,Inactive,Inactive
4484,C[C@H]1COc2c(NCCCc3ccccc3)c(F)c(N)c3c(=O)c(C(=O)O)cn1c23,0.181,16.13,Inactive,Inactive
4485,CCCCNS(=O)(=O)c1ccc2nc(SCC(=O)Nc3ccccc3)[nH]c2c1,0.181,16.13,Inactive,Inactive
4486,CCC(C)C(=O)O[C@@H]1c2c(cc(O)c3c2C(=O)c2cccc(O)c2-3)C(=O)[C@@]2(C)O[C@@H]12,0.181,16.13,Inactive,Inactive
4487,Cc1cccc(NCN2C(=O)c3ccccc3C2=O)c1,0.181,16.13,Inactive,Inactive
4488,O=C(NC1(C(=O)NO)CCN(Cc2ccccc2)CC1)c1ccc(C#Cc2ccccc2)cc1,0.181,16.13,Inactive,Inactive
4489,Cc1ccc(C(=O)NNC(=O)c2ccncc2)cc1C,0.181,16.13,Inactive,Inactive
4490,CC(=O)Oc1c2occc2cc2ccc(=O)oc12,0.181,16.13,Inactive,Inactive
4491,CCCCOP(=O)(OCCCC)C(Nc1ccc(S(=O)(=O)Nc2nccs2)cc1)c1cc(O)c2c(c1)C(=O)c1cccc(O)c1C2=O,0.181,16.13,Inactive,Inactive
4492,CN(Cc1cccnc1)C(=O)CNS(=O)(=O)c1ccccc1C#N,0.181,16.13,Inactive,Inactive
4493,O=C1CCc2c(cccc2NC(=O)CN(Cc2ccccc2)Cc2ccccc2)N1,0.181,16.13,Inactive,Inactive
4494,CC1=C(C(=O)OC(c2ccccc2)c2ccccc2)N2C(=O)[C@@H](Nc3nc4ccccc4[nH]3)C2SC1,0.181,16.13,Inactive,Inactive
4495,O=C(COc1ccc2c3c(c(=O)oc2c1)CCC3)Nc1ccc(CCO)cc1,0.181,16.13,Inactive,Inactive
4496,O=C(N/N=C/c1ccc(Cl)cc1)c1ccc(-c2nc3ccccc3[nH]2)cc1,0.181,16.13,Inactive,Inactive
4497,CC(=O)N[C@@H](C)C(=O)O[C@H](C)[C@H]1C(=O)N2C(C(=O)OCc3ccc([N+](=O)[O-])cc3)=CS[C@@H]12,0.181,16.13,Inactive,Inactive
4498,CC(NC(=O)[C@@H](C)N)c1nn[nH]n1,0.181,16.13,Inactive,Inactive
4499,Fc1ccc(Cn2cc(COCc3c(-c4ccccc4)nc4sc5ccccc5n34)nn2)cc1,0.181,16.13,Inactive,Inactive
4500,O=C1NC(=O)C(=Cc2cn(-c3ccccc3)nc2-c2cc3cc(Br)c(Br)cc3oc2=O)C(=O)N1,0.181,16.13,Inactive,Inactive
4501,CCCCOc1ccc(C(=O)N/C(=C/C=C/c2ccccc2)C(=O)N2CCOCC2)cc1,0.181,16.13,Inactive,Inactive
4502,O=c1oc2ccc(Br)cc2cc1-c1csc(N2N=C(c3ccc(F)cc3)C[C@@]2(O)C(F)(F)F)n1,0.181,16.13,Inactive,Inactive
4503,Cc1ccc(C)[n+](CC(=O)c2ccc(-c3ccccc3)cc2)c1,0.181,16.13,Inactive,Inactive
4504,COc1cc(O)cc2c1C(=O)O[C@@H](C)CCCCCCC2,0.181,16.13,Inactive,Inactive
4505,O=C(COc1ccc(-c2ccccc2)cc1)NN=C1CCCC1,0.181,16.13,Inactive,Inactive
4506,O=Cc1c(Cl)nc2ccccn2c1=O,0.181,16.13,Inactive,Active
4507,Cc1cc(C(=O)O)ccc1-n1c(C)cc(/C=C(/C#N)C(=O)Nc2ccccc2)c1C,0.181,16.13,Inactive,Inactive
4508,BrCCCCCCCCCCOCc1c(-c2ccccc2)nc2sc3ccccc3n12,0.181,16.13,Inactive,Inactive
4509,O=C(O)COc1ccc(/C=C2/S/C(=N\c3ccccc3Cl)N(c3ccccc3Cl)C2=O)cc1,0.1786,15.94,Inactive,Inactive
4510,O=C(c1cc2cc(Br)ccc2[nH]1)N1CCC2(CC1)OCCO2,0.1786,15.94,Inactive,Inactive
4511,COCCNC(=O)Cn1cc(/C=C(\C#N)C(=O)NCc2ccco2)c2ccccc21,0.1786,15.94,Inactive,Inactive
4512,CNC(=O)COC(=O)c1cccs1,0.1786,15.94,Inactive,Inactive
4513,COC(=O)c1c(/C=C/c2ccc(F)cc2)cc(OC)c(CC=C(C)C)c1O,0.1786,15.94,Inactive,Inactive
4514,O=C(Nc1ccc(Cl)cc1)N1CCCN(Cc2cccc(Br)c2)C1,0.1786,15.94,Inactive,Inactive
4515,Cc1cc(C)cc(-c2ccc(N(C)CCN(C)C)c(/C=C/C(=O)c3cccc(NCCN(C)C)c3)c2)c1,0.1786,15.94,Inactive,Inactive
4516,O=C(NCc1cn(Cc2ccc([N+](=O)[O-])cc2)nn1)c1ccc([N+](=O)[O-])o1,0.1786,15.94,Inactive,Inactive
4517,c1ccc(-c2ncnc3nc4n(c23)CCC4)cc1,0.1786,15.94,Inactive,Inactive
4518,CC(C)CCC[C@@H](C)[C@H]1CC[C@H]2[C@@H]3/C(=N/Nc4nc5nc6ccccc6nc5s4)C=C4CCCC[C@]4(C)[C@H]3CC[C@]12C,0.1786,15.94,Inactive,Inactive
4519,CCN(CC)C(=O)N1CCN(C)CC1,0.1786,15.94,Inactive,Inactive
4520,CCNC(=S)N1CCN(CC)CC1,0.1786,15.94,Inactive,Inactive
4521,CCNC(=O)O[C@H](C)[C@H]1C(=O)N2C(C(=O)OCc3ccc([N+](=O)[O-])cc3)=CS[C@@H]12,0.1786,15.94,Inactive,Inactive
4522,CCOC(=O)C1=C(C)NC(C)=C(C(=O)OC)C1c1cccc([N+](=O)[O-])c1,0.1786,15.94,Inactive,Inactive
4523,COc1cc(/C=C/c2ccccc2)c(C(=O)O)c(O)c1CC=C(C)C,0.1786,15.94,Inactive,Inactive
4524,COc1ccc2c(OCc3ccc(C#N)cc3)c3[n+](cc2c1OC)CCc1cc2c(cc1-3)OCO2,0.1786,15.94,Inactive,Inactive
4525,COc1ccc(C(=O)c2c[nH]c3c(-c4ccco4)ncnc23)cc1,0.1786,15.94,Inactive,Inactive
4526,S=C1SCCN1CCc1ccccc1,0.1786,15.94,Inactive,Inactive
4527,C#Cc1ccc(S(=O)(=O)N[C@@H]2CCN(Cc3ccc(N=[N+]=[N-])cc3)C2)cc1,0.1786,15.94,Inactive,Inactive
4528,CCOC(=O)C1=C(O)/C(=C/c2cn(CC(=O)N3CCCC3)c3ccccc23)SC1=Nc1ccccc1,0.1786,15.94,Inactive,Active
4529,Cc1c(/N=C/c2ccccc2O)c(=O)n(-c2ccccc2)n1C,0.1786,15.94,Inactive,Inactive
4530,Cc1ccc(C2=NN(C=O)C(c3cccc(Nc4ccnc5cc(Cl)ccc45)c3)C2)cc1,0.1786,15.94,Inactive,Inactive
4531,Cc1nc(C)c(-c2nnco2)cc1C(=O)NN,0.1671,15.04,Inactive,Inactive
4532,S=c1[nH]nc(-c2cccnc2SCc2ccccc2)o1,0.1671,15.04,Inactive,Inactive
4533,COc1cc(O)c2c(c1C)C(=O)OCCCCC(=S)N[C@H](c1nc(CN)no1)CSC2,0.1671,15.04,Inactive,Inactive
4534,COc1ccccc1OCCn1ccnc1,0.1671,15.04,Inactive,Inactive
4535,Nc1ccc(S(=O)(=O)C/C(=N/O)c2nccs2)cc1,0.1671,15.04,Inactive,Inactive
4536,CCCCCCCCCCN1C(=O)C(C#N)=C(O)[C@@H]1CC(C)C,0.1671,15.04,Inactive,Inactive
4537,Cc1cccc2cc(/C=C3\NC(=S)NC3=O)c(=O)[nH]c12,0.1671,15.04,Inactive,Active
4538,COc1ccc(-c2cc(=O)n(-c3cccc(Cl)c3)c(N3CCCC3)c2/N=N/c2c(Cl)cc([N+](=O)[O-])c(Cl)c2Cl)cc1,0.1671,15.04,Inactive,Inactive
4539,COc1ccc(-c2c(C)nn(Cc3ccccc3)c2N)cc1,0.1671,15.04,Inactive,Inactive
4540,Clc1ccc2c(c1)cc(-c1nc3ccccc3[nH]1)c1nnnn12,0.1671,15.04,Inactive,Inactive
4541,CCC(=O)O[C@H](C)[C@H]1C(=O)N2C(C(=O)OCc3ccc([N+](=O)[O-])cc3)=CS[C@@H]12,0.1671,15.04,Inactive,Inactive
4542,COc1cc2c(ccc3c(C)c(C)ccc32)cc1C(C)C,0.1671,15.04,Inactive,Active
4543,CC(C)[C@H]1NC(=O)[C@@H]2CC3(C45C[C@H]6C(=O)N[C@H](C(C)C)C(=O)N6[C@H]4Nc4ccccc45)c4ccccc4N[C@@H]3N2C1=O,0.1671,15.04,Inactive,Inactive
4544,Cc1ccc(C(=O)N(c2cc(-c3ccccc3)sc2C(=O)O)C(C)C)cc1,0.1671,15.04,Inactive,Active
4545,CN1CCc2nc(SCC(=O)Nc3ccc(Cl)cc3)c(C#N)cc2C1,0.1671,15.04,Inactive,Active
4546,CC(C)[C@@H](C(=O)O)N1CC(CC[C@H]2/C(=C/OS(=O)(=O)O)CC[C@H]3[C@]2(C)CC[C@H]2C(C)(C)CCC[C@]32C)=CC1=O,0.1671,15.04,Inactive,Inactive
4547,O=C1C2=C3C4=[N+](CCc5c[nH]c1c54)C1C[C@@]34C[C@@H](N2)SC4=C[C@H]1O,0.1671,15.04,Inactive,Inactive
4548,CC(CCc1ccccc1)NC(=O)c1nnc(Cc2ccc(Cl)cc2)o1,0.1671,15.04,Inactive,Inactive
4549,Cc1ccc(C(=O)CCC(=O)Nc2ncccc2O)cc1,0.1671,15.04,Inactive,Inactive
4550,C[C@H](Oc1ccc2ncc(/C=C/c3nn[nH]n3)c(C3CC3)c2c1)c1c(Cl)cccc1Cl,0.1671,15.04,Inactive,Inactive
4551,COc1ccc(/C=C/C(=O)/C=C/C2=C(C)CCCC2(C)C)cc1,0.1671,15.04,Inactive,Inactive
4552,C/C(=N\NC1=NCCCCC1)c1ccccc1,0.1671,15.04,Inactive,Inactive
4553,O=C1C(N2CCOCC2)=C(n2nnc3ccccc32)C(=O)c2ccccc21,0.1671,15.04,Inactive,Active
4554,Cc1nc2ccccc2c2oc(C(=O)N3CCN(C4CCCCC4)CC3)cc12,0.1671,15.04,Inactive,Inactive
4555,COc1ccc(Br)cc1CN(C)C(=O)c1ccno1,0.1671,15.04,Inactive,Inactive
4556,CCCCCCn1c(C(=O)/C=C/c2ccc(C)cc2)nc2ccccc21,0.1671,15.04,Inactive,Inactive
4557,O=C(O)CN1C(=O)N(CCCCN2CCCN3CCCN=C23)C(c2ccccc2)(c2ccccc2)C1=O,0.1671,15.04,Inactive,Inactive
4558,COC(=O)c1c(/C=C/c2ccc(Cl)cc2)cc(OC)c(CC=C(C)C)c1O,0.1671,15.04,Inactive,Inactive
4559,COC(=O)c1c(/C=C/c2ccccc2F)cc(OC)c(CC=C(C)C)c1O,0.1671,15.04,Inactive,Inactive
4560,N#CC(C#N)=Cc1cccn1-c1ccc(C(=O)O)cc1,0.1671,15.04,Inactive,Inactive
4561,COc1ccc2[nH]c3c(c2c1)CCN=C3c1ccccc1,0.1671,15.04,Inactive,Inactive
4562,CC(=O)Nc1ccc(S(=O)(=O)NCc2nc3ccccc3c(=O)n2-c2ccccc2[N+](=O)[O-])cc1,0.1671,15.04,Inactive,Inactive
4563,CC(=O)Nc1nc2ccc(-c3cccnc3)cc2s1,0.1671,15.04,Inactive,Active
4564,CCCCCCCCn1c(C(=O)/C=C/c2ccc(C)cc2)nc2ccccc21,0.1671,15.04,Inactive,Inactive
4565,O=C1c2ccccc2C(=O)N1CCCc1nc(-c2ccccn2)no1,0.1671,15.04,Inactive,Inactive
4566,CC1Sc2ccccc2NC(=O)C1C,0.1671,15.04,Inactive,Inactive
4567,c1ccc2c(Nc3nnc(-c4ccncc4)s3)cccc2c1,0.1671,15.04,Inactive,Inactive
4568,CCCCCCCn1c(C(=O)/C=C/c2ccc(C)cc2)nc2ccccc21,0.1671,15.04,Inactive,Inactive
4569,O=C(Cn1nc(Cl)nc1Cl)c1ccc([N+](=O)[O-])cc1,0.1671,15.04,Inactive,Inactive
4570,Cc1ccc(-c2ccc(C#N)c(=O)n2CC(=O)N2CCC(C(N)=O)CC2)cc1,0.1671,15.04,Inactive,Inactive
4571,C[C@@H]1C[C@@H](O)[C@@]2(O)C(=O)c3c(O)cccc3O[C@]2(C)[C@H]1O,0.1671,15.04,Inactive,Inactive
4572,COC(=O)c1c(O)cc(OC)cc1/C=C/c1ccccc1F,0.1671,15.04,Inactive,Inactive
4573,COc1ccc(NS(=O)(=O)c2ccc(NC(=S)NC(=O)c3ccc(F)cc3)cc2)nn1,0.1671,15.04,Inactive,Inactive
4574,O=c1c2c(-c3cccs3)csc2[nH]c(=S)n1-c1ccccc1,0.1671,15.04,Inactive,Inactive
4575,Clc1ccc(-c2cnc3n2CCC3)cc1,0.1671,15.04,Inactive,Inactive
4576,N/C(=N\OC(=O)c1ccc(Br)o1)c1ccncc1,0.1671,15.04,Inactive,Inactive
4577,Nc1cc(Cl)ccc1Sc1ccc(C(=O)c2ccccc2C(=O)O)cc1[N+](=O)[O-],0.1671,15.04,Inactive,Inactive
4578,Cc1ccc(-c2n[nH]c(=S)n2/N=C/c2cc3c(cc2[N+](=O)[O-])OCO3)cc1,0.1671,15.04,Inactive,Inactive
4579,O=C1c2cccnc2C(=O)c2c1c(C(=O)N1CCCC1)c1ccc(Br)cn21,0.1671,15.04,Inactive,Inactive
4580,Nc1cc(N2CCOCC2)c(Cl)cc1[N+](=O)[O-],0.1671,15.04,Inactive,Inactive
4581,O=C1C=C(c2cccc(Cl)c2O)C[C@@H](c2ccc(Cl)cc2)C1,0.1671,15.04,Inactive,Inactive
4582,CC1CCCCCCCc2cc(O)cc(O)c2C(=O)O1,0.1671,15.04,Inactive,Inactive
4583,CCOC(=O)c1c(NC(C)=O)sc(C(N)=O)c1C,0.1671,15.04,Inactive,Inactive
4584,CCCCCCCCCn1c(=O)c2c(-c3ccccc3)nc(-c3ccc[n+](CCCCCC)c3)n2c2ccccc21,0.1671,15.04,Inactive,Inactive
4585,N/C(=N\OC(=O)CC1CCCCC1)c1cccnc1,0.1671,15.04,Inactive,Inactive
4586,c1ccc(-c2noc(-c3cccnc3)n2)cc1,0.1671,15.04,Inactive,Inactive
4587,O=c1oc2ccccc2c(O)c1C(c1ccco1)c1c(O)c2ccccc2oc1=O,0.1671,15.04,Inactive,Inactive
4588,Cc1cc(=O)oc2cc3occc3cc12,0.1671,15.04,Inactive,Inactive
4589,O/N=C/c1n(Cc2ccccc2)cc[n+]1-c1ccc(F)cc1,0.1671,15.04,Inactive,Active
4590,O=C1Nc2c(I)cccc2/C1=N/NC(=S)Nc1ccc(Cl)cc1,0.1671,15.04,Inactive,Inactive
4591,COc1c2occc2c([N+](=O)[O-])c2ccc(=O)oc12,0.1671,15.04,Inactive,Inactive
4592,CN(C)CCCNC(=O)c1cc(NC(=O)c2cc(NC(=O)c3cc(NC(=O)/C=C/c4ccccc4)cn3C)cn2C)cn1C,0.1671,15.04,Inactive,Inactive
4593,CC(=O)c1cc(C(C)=O)c(OC(=O)c2ccc(Cl)cc2)cc1OC(=O)c1ccc(Cl)cc1,0.1671,15.04,Inactive,Inactive
4594,N#Cc1c(/N=C/c2cccs2)sc2c1CCCCC2,0.1671,15.04,Inactive,Inactive
4595,C=C1C(=O)Oc2cc(OC)ccc2C1C(C)C,0.1671,15.04,Inactive,Inactive
4596,O=C(/C=C/c1cccc(Nc2ccnc3cc(Cl)ccc23)c1)c1ccccc1,0.1671,15.04,Inactive,Inactive
4597,O=S(=O)(Nc1cccc([Al])c1)c1cc(S(=O)(=O)c2ccccc2)cs1,0.1671,15.04,Inactive,Active
4598,COc1cc(/C=C/c2ccc(Cl)cc2)c(C(=O)O)c(O)c1CC=C(C)C,0.1671,15.04,Inactive,Inactive
4599,C=CCN(CC=C)C(=S)NC(=O)c1ccc(-c2ccccc2)cc1,0.1671,15.04,Inactive,Inactive
4600,Cc1ccc(S(=O)(=O)N2CCCC2C(=O)Nc2ccc(O)cc2)cc1,0.1671,15.04,Inactive,Inactive
4601,CC(C)(C)CNC(=O)c1cccc2c1C(=O)c1ccc(N3CCCC3)cc1S2(=O)=O,0.1671,15.04,Inactive,Inactive
4602,O=C(Nc1ccccc1)C1=C(Nc2ccccc2)CSC1,0.1671,15.04,Inactive,Inactive
4603,COc1cc(/C=N/O)nc(-c2ccccc2)c1,0.1671,15.04,Inactive,Inactive
4604,CN(/N=C/c1c(O)ccc2ccccc12)S(=O)(=O)c1ccccc1,0.1671,15.04,Inactive,Inactive
4605,Cc1cccc(-n2[nH]c3c4c(ccc3c2=O)C(=O)c2ccccc2C4=O)c1,0.1671,15.04,Inactive,Inactive
4606,C=C1CCC[C@H]2[C@](C)(CC3=C(O)C(=O)C=C(NCC(C)CC)C3=O)[C@@H](C)CC[C@]12C,0.1671,15.04,Inactive,Inactive
4607,C=C1CCCC2=NC[C@H](C)[C@@H](C)C[C@@]23CCC([C@@H]2C[C@H](C)C(=O)O2)=C(C)[C@@H]3/C=C(\C)[C@@H](O)C[C@@H]2CC[C@@]3(CC[C@@]4(O[C@@H](CC[C@@]4(C)O)C1)O3)O2,0.1671,15.04,Inactive,Active
4608,CC1(C)C2CC[C@]3(C)OB(CCCN)O[C@]13C2,0.1671,15.04,Inactive,Inactive
4609,COc1cccc(CC2CC(=O)N(CCc3ccc4c(c3)OCO4)C2=O)c1,0.1671,15.04,Inactive,Inactive
4610,CCOc1ccc2c(c1)sc1nc(-c3ccccc3)c(COCCCCCBr)n12,0.1671,15.04,Inactive,Inactive
4611,CC(=O)N(C)c1ccc(NC(=O)Nc2cccc3ccccc23)cc1,0.1671,15.04,Inactive,Inactive
4612,O=[N+]([O-])c1ccc(Cn2cc(-c3cccc(B(O)O)c3)nn2)cc1,0.1671,15.04,Inactive,Inactive
4613,O=C1CSC(c2ccc([N+](=O)[O-])cc2)N1c1nc(Nc2ccc([N+](=O)[O-])cc2)nc(Nc2ccc([N+](=O)[O-])cc2)n1,0.1671,15.04,Inactive,Active
4614,Cc1ccc(F)cc1S(=O)(=O)N[C@@H]1CCN(Cc2ccc(OC(C)C)cc2)C1,0.1671,15.04,Inactive,Inactive
4615,Cn1c(NCc2ccccc2O)nc2ccccc21,0.1671,15.04,Inactive,Inactive
4616,Clc1cccc(CN2CCc3c([nH]c4ccccc34)C2)c1Cl,0.1671,15.04,Inactive,Active
4617,OC(CNCCNc1ccc(C(F)(F)F)cc1)COc1ccc(C(F)(F)F)cc1,0.1671,15.04,Inactive,Inactive
4618,Cc1ccc(C=O)c(-c2ccccc2)c1,0.1671,15.04,Inactive,Inactive
4619,CC[C@H]1OC(=O)[C@H](C)[C@@H](O)[C@H](C)[C@@H](O[C@@H]2O[C@H](C)C[C@H](N(C)C)[C@H]2OC(C)=O)[C@@]2(C)CC(C)=C(O2)[C@H](C)[C@@H](OC(=O)C(C)C)[C@]1(C)OC(=O)C(C)C,0.1671,15.04,Inactive,Inactive
4620,Cc1[nH]n(-c2ccccc2)c(=O)c1C1=Nc2ccccc2SC1,0.1671,15.04,Inactive,Inactive
4621,CC(C)OC(=O)Nc1ccc2c(c1)N(C(=O)CCN(C)C)c1ccccc1CC2,0.1671,15.04,Inactive,Inactive
4622,C=CCn1c(Cc2nc3ccccc3[nH]2)n[nH]c1=S,0.1671,15.04,Inactive,Active
4623,C1=CC2c3ccccc3NC(c3ccncc3)C2C1,0.1671,15.04,Inactive,Inactive
4624,CC[C@H]1OC(=O)[C@H](C)C(=O)[C@H](C)[C@@H](O[C@@H]2O[C@H](C)C[C@H](N(C)C)[C@H]2O)[C@](C)(OC)C[C@@H](C)C(=O)[C@H](C)[C@H]2N(CC/C=C/c3cncc4cc(OCc5ccccc5)ccc34)C(=O)O[C@]12C,0.1671,15.04,Inactive,Inactive
4625,CC1=NN(c2ccccc2)C(=O)/C1=C/C=C/c1ccccc1,0.1671,15.04,Inactive,Inactive
4626,O=S(=O)([N-]c1nc2ccccc2nc1-[n+]1ccc(-c2ccncc2)cc1)c1ccccc1,0.1671,15.04,Inactive,Active
4627,Cc1ccc(F)cc1S(=O)(=O)N[C@H]1CCN(Cc2ccc(OC(C)C)cc2)C1,0.1671,15.04,Inactive,Inactive
4628,Cc1ccc([P+](Cc2nc(C)c3c(c2C[P+](c2ccc(C)cc2)(c2ccc(C)cc2)c2ccc(C)cc2)COC(C)(C)O3)(c2ccc(C)cc2)c2ccc(C)cc2)cc1,0.1671,15.04,Inactive,Inactive
4629,N#Cc1c(-c2ccc(Br)cc2)cnnc1N,0.1671,15.04,Inactive,Active
4630,O=C1c2ccccc2C(=O)C1c1ccccc1,0.1603,14.48,Inactive,Inactive
4631,CC(C)(C)C(=O)/C(C#N)=c1\s/c(=C\c2cn(-c3ccccc3)nc2-c2cccnc2)c(=O)n1-c1ccc(F)cc1,0.1603,14.48,Inactive,Active
4632,Cc1nc2ccccc2n1CCC(=O)N/N=C/c1c(O)ccc2ccccc12,0.1603,14.48,Inactive,Inactive
4633,NC(=O)N/N=C/c1c(-c2ccccc2)n(CC(=O)c2ccccc2)c2ccccc12,0.1603,14.48,Inactive,Inactive
4634,COc1cc(C(=N)N)cc(OC)c1OCCCCCOc1c(OC)cc(C(=N)N)cc1OC,0.1603,14.48,Inactive,Inactive
4635,O=S(=O)([N-]c1nc2ccccc2nc1-[n+]1ccc(CCCc2ccccc2)cc1)c1cccs1,0.1603,14.48,Inactive,Active
4636,Clc1ccc(/C=C/n2nnc(-c3ccccc3)n2)cc1,0.1603,14.48,Inactive,Inactive
4637,Cn1c(=O)c2c(nc(Oc3ccc4c(c3)OCO4)n2Cc2ccc(Cl)cc2)n(C)c1=O,0.1603,14.48,Inactive,Inactive
4638,COc1cc(/C=C(\C#N)C(N)=O)ccc1OS(=O)(=O)c1ccc(C)cc1,0.1603,14.48,Inactive,Inactive
4639,Clc1ccc(/N=C\c2cccc3ccccc23)cc1,0.1603,14.48,Inactive,Inactive
4640,COc1ccc(/C=N/S(=O)(=O)c2cccs2)cc1,0.1603,14.48,Inactive,Inactive
4641,COc1cccc(NC(=S)N(CCO)Cc2cc3cc(C)c(C)cc3[nH]c2=O)c1,0.1603,14.48,Inactive,Active
4642,CO[C@H]1CC=C2CCN3CCC4=C(CC(=O)OC4)[C@]23C1,0.1603,14.48,Inactive,Active
4643,COc1ccc(OC)c(C2Nc3c(Cl)ccc(C(=O)O)c3C3C=CCC32)c1,0.1603,14.48,Inactive,Inactive
4644,O=C(O)c1ccc(N/C(S)=N\c2ccccc2/N=C(/S)Nc2ccc(C(=O)O)c(O)c2)cc1O,0.1603,14.48,Inactive,Inactive
4645,Cc1nccn1-c1ccnc(NS(=O)(=O)c2ccc(N)cc2)n1,0.1603,14.48,Inactive,Inactive
4646,CC(=O)OCC1=C(/C=N/OCC(=O)O)N2C(=O)[C@@H](NC(=O)Cc3cccs3)[C@H]2SC1,0.1603,14.48,Inactive,Inactive
4647,CCCCCCCCCCc1cn(C[C@H](O[C@@H]2O[C@H](CN)[C@@H](O)[C@H]2O)[C@H]2O[C@@H](n3ccc(=O)[nH]c3=O)[C@H](O)[C@@H]2O)nn1,0.1603,14.48,Inactive,Inactive
4648,CC(C)(O)C#Cc1ccc(C(=O)N2CCC(CCC(=O)NC3CC3)CC2)cc1,0.1603,14.48,Inactive,Inactive
4649,COc1ccc(OC)c(/C=C/c2nc3ccccc3nc2Nc2ccc(C(=O)O)cc2)c1,0.1603,14.48,Inactive,Active
4650,CCC(C)C(C(=O)O)N1Cc2ccccc2C1=O,0.1603,14.48,Inactive,Inactive
4651,Cc1nc(NC(=O)c2ccco2)sc1C(=O)Nc1ccc(Br)cc1,0.1603,14.48,Inactive,Active
4652,O=C1O[C@@H](CO)CN1c1ccc(-c2ccc3c(c2)OCO3)c(F)c1,0.1603,14.48,Inactive,Active
4653,Clc1ccccc1OCCCn1ccnc1,0.1603,14.48,Inactive,Inactive
4654,CC1=C(C(=O)O)N2C(=O)[C@@H](NC(=O)Cn3ccc4ccccc43)[C@H]2SC1,0.1603,14.48,Inactive,Inactive
4655,COC(=O)c1ccc(NC(=S)NNC(=O)c2ccccc2)cc1,0.1603,14.48,Inactive,Inactive
4656,COc1cc(CNn2c(C)n[nH]c2=S)cc(Br)c1OCc1ccc(F)cc1,0.1603,14.48,Inactive,Inactive
4657,Cc1nn(-c2ccccc2)c2sc(C(=O)OCC(=O)NC3CCCCCC3)cc12,0.1603,14.48,Inactive,Inactive
4658,CC(=O)c1c(C(C)=O)c(C)n(-c2ccc(C(=O)O)cc2)c1C,0.1603,14.48,Inactive,Inactive
4659,COc1ccc(/C=C2\SC(=S)N(CCC(=O)NC3CCCC3)C2=O)cc1OC,0.1603,14.48,Inactive,Inactive
4660,COc1ccc(/C=N/NCC(=O)Nc2ccc(-n3c(C)nc4ccccc4c3=O)cc2)cc1,0.1603,14.48,Inactive,Inactive
4661,CC(=O)O[C@H](C)[C@H]1C(=O)N2C(C(=O)OCc3ccc([N+](=O)[O-])cc3)=CS[C@@H]12,0.1603,14.48,Inactive,Inactive
4662,CCCCCCCCCCCCCC(=O)OCC(=O)N1CCN(c2cc3c(cc2F)c(=O)c(C(=O)O)cn3C2CC2)CC1,0.1603,14.48,Inactive,Inactive
4663,Cc1csc(NC(=O)c2c(O)c3c(n(CC(C)C)c2=O)CCCC3)n1,0.1603,14.48,Inactive,Inactive
4664,Cn1c(SCCO)nc2c(c1=O)C1(CCCCC1)Cc1ccccc1-2,0.1603,14.48,Inactive,Inactive
4665,COc1ccc(-c2cc(=O)n(-c3cccc(Cl)c3)c(N3CCCC3)c2/N=N/c2ccc(Cl)cc2)cc1,0.1603,14.48,Inactive,Inactive
4666,O=c1[nH]c(=O)n(-c2ccccc2)c(O)c1C=Nc1ccc(S(=O)(=O)N2CCCCC2)cc1,0.1603,14.48,Inactive,Inactive
4667,COc1ccc(-c2cc(=O)n(-c3cccc(Cl)c3)c(N3CCCC3)c2/N=N/c2ccc([N+](=O)[O-])cc2)cc1,0.1603,14.48,Inactive,Inactive
4668,O=[N+]([O-])c1ccc(/C=N/N2CCN(Cc3ccccc3)CC2)cc1,0.1603,14.48,Inactive,Inactive
4669,NC(=O)c1ccccc1NC(=O)c1ccc(C(=O)Nc2ccccc2C(N)=O)cc1,0.1603,14.48,Inactive,Inactive
4670,Cc1sccc1C(=O)Nc1cc(C(=O)Nc2cc(C(=O)Nc3cc(C(=O)NCCCN(C)C)n(C)c3)n(C)c2)n(C)c1,0.1603,14.48,Inactive,Inactive
4671,COC(=O)c1ccc(CN2CCc3c(sc(NC(=O)c4cc(OCCN)ccc4Cl)c3C#N)C2)cc1,0.1603,14.48,Inactive,Inactive
4672,O=Cc1cn(-c2nc(-c3cc4cc(Cl)cc(Cl)c4oc3=O)cs2)nc1-c1ccc(Cl)cc1,0.1603,14.48,Inactive,Inactive
4673,COc1ccccc1[C@@H]1C(c2cccc(C)c2)=NN(c2ccccc2)[C@H]1C(=O)N1CCOC1=O,0.1603,14.48,Inactive,Inactive
4674,CCCCCCCCC[n+]1cccc(-c2nc(-c3ccccc3)c3c(=O)n(CCCCCC)c4ccccc4n23)c1,0.1603,14.48,Inactive,Inactive
4675,CCCCCCCCCC(=O)N1CCC[C@H]1C(=O)N[C@H](C(=O)N[C@@H](C)C(=O)N[C@@H](CC(N)=O)C(=O)N[C@@H](C)B1O[C@@H]2C[C@@H]3C[C@@H](C3(C)C)[C@]2(C)O1)[C@H](C)O,0.1603,14.48,Inactive,Inactive
4676,Cn1c(=NC(=O)CC2OC(=O)c3ccccc32)sc2ccccc21,0.1603,14.48,Inactive,Inactive
4677,COc1cc(C(=O)N2C[C@@H]3CCC[C@H]2C3)ccc1OC1CCN(C(C)=O)CC1,0.1603,14.48,Inactive,Inactive
4678,O=CNc1cccnc1C(=O)Nc1nccs1,0.1603,14.48,Inactive,Inactive
4679,Clc1ccc(Cn2ncc3c(NCc4ccco4)ncnc32)c(Cl)c1,0.1603,14.48,Inactive,Inactive
4680,COC(=O)c1c(/C=C/c2ccc(OC)cc2)cc(OC)c(CC=C(C)C)c1O,0.1603,14.48,Inactive,Inactive
4681,O=C1N=C(NC(c2ccccc2)c2ccccc2)CON1,0.1603,14.48,Inactive,Inactive
4682,C=CCOc1ccc(C(=O)/C=C2/C(=O)Nc3ccccc32)cc1,0.1603,14.48,Inactive,Inactive
4683,Cc1ccc(-c2nn(C)c(=O)c3ccccc23)cc1CNC(=O)Nc1ccccc1,0.1603,14.48,Inactive,Inactive
4684,CC(C)c1sc(NC(=O)c2cc(NC=O)cn2C)nc1C(=O)Nc1cc(C(=O)NCCCN(C)C)n(C)c1,0.1603,14.48,Inactive,Inactive
4685,C=CCn1c(=S)[nH]c2nc3c(cc2c1=O)COC(C)(C)C3,0.1603,14.48,Inactive,Inactive
4686,c1ccc(-n2cnc3cc(NCc4ccccn4)ccc32)cc1,0.1603,14.48,Inactive,Inactive
4687,O=C(Cc1cccs1)N[C@@H]1C(=O)N2C(C(=O)O)=C(Cl)CSC12,0.1603,14.48,Inactive,Active
4688,O=C(c1ccc(-n2c(-c3ccccc3)nc3ccccc3c2=O)cc1)[n+]1nc([S-])sc1-c1ccccc1,0.1603,14.48,Inactive,Active
4689,CCc1ccc(/C=N/NC(=O)c2cc(C)on2)s1,0.1603,14.48,Inactive,Inactive
4690,O=C(c1ccc(-n2c(-c3ccccc3)nc3ccccc3c2=O)cc1)[n+]1nc(S)sc1-c1cccc([N+](=O)[O-])c1,0.1603,14.48,Inactive,Inactive
4691,N#Cc1ccc(/C=C/c2ccc(C#N)cc2)cc1,0.1603,14.48,Inactive,Inactive
4692,Cn1ncc(N=Cc2ccccc2O)c1C(=O)N1CCOCC1,0.1603,14.48,Inactive,Inactive
4693,CCCc1nc2ccc(NC(=O)c3cccs3)cc2c(=O)n1Cc1ccccc1Cl,0.1603,14.48,Inactive,Inactive
4694,CCc1ccccc1N1C(=O)/C(=C/c2cccc(O)c2)SC1=S,0.1603,14.48,Inactive,Inactive
4695,CC(=C/c1ccco1)/C=N/NC(=O)c1ccncc1,0.1603,14.48,Inactive,Inactive
4696,CC(=O)C1=C(O)C(C)(C)C(O)=C(CC2=C(O)C(C)(C)C(O)=C(C(C)=O)C2=O)C1=O,0.1603,14.48,Inactive,Inactive
4697,N#C/C(=C\N1CCOCC1)C(=O)Nc1ccc(F)c(Cl)c1,0.1603,14.48,Inactive,Inactive
4698,Cc1cccc(-n2ncc3c(NCc4ccc5c(c4)OCO5)ncnc32)c1,0.1603,14.48,Inactive,Inactive
4699,C[Si]1(C)OB(O)c2c(F)c3c(c(F)c21)B(O)OC3,0.1603,14.48,Inactive,Inactive
4700,CN(C)C(CNC(=S)Nc1ccc(F)cc1)c1cccnc1,0.1603,14.48,Inactive,Inactive
4701,Cc1ccc(-c2cn3c4ccccc4n(CCN4CCCCC4)c3n2)cc1,0.1603,14.48,Inactive,Inactive
4702,CC(=O)Cn1nnc2sc(-c3ccccc3)cc2c1=O,0.1603,14.48,Inactive,Inactive
4703,CCOC(=O)C1=C(C)NC(C)=C(C(=O)OCC)C1c1ccc([N+](=O)[O-])cc1,0.1603,14.48,Inactive,Inactive
4704,CCCCn1c(/N=C/c2c[nH]c3ccccc23)nc2ccccc21,0.1603,14.48,Inactive,Inactive
4705,COc1ccc(N)cc1-n1c(C)ccc1C,0.1603,14.48,Inactive,Active
4706,COc1ccc(N(CC(=O)NCc2ccccn2)S(=O)(=O)c2ccccc2[N+](=O)[O-])c(OC)c1,0.1603,14.48,Inactive,Inactive
4707,C=CCCCCCCCCC(=O)O[C@H]1CC[C@@]2(C)C(=CC[C@H]3[C@@H]4CC[C@H]([C@H](C)CCCC(C)C)[C@@]4(C)CC[C@@H]32)C1,0.1603,14.48,Inactive,Inactive
4708,Cc1ccc(N)cc1-n1c(C)ccc1C,0.1603,14.48,Inactive,Inactive
4709,Cc1ccc(C(=O)N2CC3(C(C)C)CN(C(=O)c4ccc(C)cc4)CC(C(C)C)(C2)C3=O)cc1,0.1603,14.48,Inactive,Inactive
4710,Fc1cccc(Cn2cc(COCc3c(-c4ccccc4)nc4sc5ccccc5n34)nn2)c1,0.1603,14.48,Inactive,Inactive
4711,CCOC(=O)c1cnc(N2CCN(c3ccccc3)CC2)[nH]c1=O,0.1603,14.48,Inactive,Inactive
4712,Cc1ccc(C(=O)Oc2ccc(Cl)c3cccnc23)cc1[N+](=O)[O-],0.1603,14.48,Inactive,Inactive
4713,C/C(=N\NC(=O)c1ccc(O)cc1)c1ccc(S(=O)(=O)NCc2ccco2)cc1,0.1603,14.48,Inactive,Active
4714,O=C(COC(=O)c1cc(-c2ccc(Cl)s2)nc2ccccc12)NCc1ccco1,0.1603,14.48,Inactive,Inactive
4715,O=C(NCc1ccncc1)c1ccc(Oc2ccccc2)cc1,0.1603,14.48,Inactive,Inactive
4716,CC(Nc1ccc([N+](=O)[O-])cc1)c1c(O)c2ccccc2oc1=O,0.1603,14.48,Inactive,Active
4717,Cc1cc(/C=N\NC(=O)c2cccs2)c(C)n1-c1ccc2ncccc2c1,0.1603,14.48,Inactive,Inactive
4718,COc1ccc(Cn2c(=O)ccn([C@@H]3OC([C@H](O)[C@H](NCCCNC(=O)[C@H](N)C(O)C(C)C)C(=O)OC(C)(C)C)[C@@H](O[Si](C)(C)C(C)(C)C)[C@H]3O[Si](C)(C)C(C)(C)C)c2=O)cc1,0.1603,14.48,Inactive,Inactive
4719,Cc1ccc(N/C=C2/Sc3ccccc3NC2=O)cc1,0.1603,14.48,Inactive,Inactive
4720,Cc1ccc(-n2c(C)cc(C3N=C(N)Nc4nc5ccccc5n43)c2C)c(C)c1,0.1603,14.48,Inactive,Active
4721,CCOc1ccc(-c2noc(CCCC(N)=O)n2)cc1OC,0.1603,14.48,Inactive,Inactive
4722,O=C(CCC(=O)N(O)CCCCCO)NCCCCCN(O)C(=O)CCC(=O)NCCCCCN(O)C(=O)CCC(=O)N1CCN(c2cc3c(cc2F)c(=O)c(C(=O)O)cn3C2CC2)CC1,0.1603,14.48,Inactive,Inactive
4723,Oc1ccc(Cl)cc1/C=N/c1ccccc1NC(=S)Nc1ccccc1,0.1603,14.48,Inactive,Active
4724,O=C(/C=C/c1ccc([N+](=O)[O-])cc1)NCc1ccccn1,0.1603,14.48,Inactive,Inactive
4725,CCOc1ccc(Nc2c3ccccc3[n+](C)c3c2oc2ccccc23)cc1,0.1603,14.48,Inactive,Inactive
4726,Cc1ccc(NC2=NCCCS2)cc1Cl,0.1603,14.48,Inactive,Active
4727,O=C(Nc1cccc(I)c1)N1CCCN(Cc2ccccc2F)C1,0.1603,14.48,Inactive,Inactive
4728,C=C1CCC[C@@]23C4=C(C[C@]2(C)[C@@H](C)CC[C@@]13C)C(=O)C=C(NCCS(=O)(=O)O)C4=O,0.1603,14.48,Inactive,Inactive
4729,O=C(Nc1cccc2ccccc12)c1ccc(Cn2cc(Cl)cn2)cc1,0.1603,14.48,Inactive,Inactive
4730,Nc1nnn(CC(=O)N/N=C/c2cccc(Cl)c2)n1,0.1603,14.48,Inactive,Inactive
4731,c1ccc([B-](c2ccccc2)(c2ccccc2)c2ccccc2)cc1,0.1603,14.48,Inactive,Inactive
4732,CC[C@]12CCCN3CCc4c(n(c5ccccc45)[C@@](O)(C(=O)OC)C1)[C@@H]32,0.1603,14.48,Inactive,Inactive
4733,CC(C)C[C@H](NC(=O)[C@H](CC(C)C)NC(=O)[C@@H](NC(=O)[C@H](CCCCN)NC(=O)[C@H](CC(C)C)NC(=O)[C@H](CCCNC(=N)N)NC(=O)[C@H](CCCCN)NC(=O)[C@H](Cc1ccc(-c2ccccc2)cc1)NC(=O)[C@H](CC(C)C)NC(=O)CN)[C@@H](C)OP(=O)(O)O)C(N)=O,0.1603,14.48,Inactive,Inactive
4734,Cc1cccn2c(=O)c(/C=C(\C#N)C(=O)N3CCCCC3)c(N3CCOCC3)nc12,0.1603,14.48,Inactive,Inactive
4735,COC(=O)CSc1ncc(S(=O)(=O)c2ccccc2)c(=O)[nH]1,0.1603,14.48,Inactive,Inactive
4736,C#Cc1ccc(S(=O)(=O)N[C@@H]2CCN(Cc3ccc(OC(C)C)c(N=[N+]=[N-])c3)C2)cc1,0.1603,14.48,Inactive,Inactive
4737,Nc1ccc(N(c2ccccc2)c2ccc(N)cc2)cc1,0.1603,14.48,Inactive,Inactive
4738,CCCCCN=CC1=C(O)CC(c2ccccc2)CC1=O,0.1603,14.48,Inactive,Inactive
4739,Cc1cc2c(C)c(C)sc2cc1Nc1ccccc1,0.1603,14.48,Inactive,Inactive
4740,Cc1ccn2cc(-c3ccc4c(c3)NC(=O)CO4)nc2c1,0.1603,14.48,Inactive,Inactive
4741,O=c1c2ccccc2nc(-c2ccco2)n1-c1nccs1,0.1603,14.48,Inactive,Inactive
4742,O=C(O)CCc1nnc2n(Cc3ccc(F)cc3)c(=O)c3ccccc3n12,0.1603,14.48,Inactive,Inactive
4743,Nc1[nH]ncc1C(=O)Nc1cccc(C(F)(F)F)c1,0.1603,14.48,Inactive,Inactive
4744,COc1ccc(NCc2ccc([N+](=O)[O-])s2)c(OC)c1,0.1603,14.48,Inactive,Active
4745,CC(C)C[C@H](NC(=O)[C@H](CC(C)C)NC(=O)[C@@H](NC(=O)[C@H](CCCCN)NC(=O)[C@H](Cc1ccc(-c2ccccc2)cc1)NC(=O)[C@H](CCCNC(=N)N)NC(=O)[C@H](CCCCN)NC(=O)[C@H](CC(C)C)NC(=O)[C@H](CC(C)C)NC(=O)CN)[C@@H](C)OP(=O)(O)O)C(N)=O,0.1603,14.48,Inactive,Inactive
4746,CC(=O)Nc1ccc(S(=O)(=O)NCc2nc3ccccc3c(=O)n2-c2ccc(C)cc2)cc1,0.1603,14.48,Inactive,Inactive
4747,CNC(=O)c1cc2ncc(C(F)(F)F)cc2s1,0.1603,14.48,Inactive,Inactive
4748,Cc1ccccc1CN1CCN(C(C)C)CC1,0.1603,14.48,Inactive,Inactive
4749,CCCCCCc1cc(=O)c(Oc2ccc(N)cc2)cn1C,0.1603,14.48,Inactive,Active
4750,COc1ccc(NC(=S)N/N=C2\C(=O)Nc3c(I)cccc32)cc1,0.1603,14.48,Inactive,Inactive
4751,Cc1cc(F)ccc1Nc1c2ccccc2[n+](C)c2c1oc1ccccc12,0.1603,14.48,Inactive,Inactive
4752,Cc1cc2ccccc2c(=O)n1CC(=O)NCCC1=CCCCC1,0.1603,14.48,Inactive,Inactive
4753,CC1(CC(=O)O)C(=O)N=C2C=CC=CN21,0.1603,14.48,Inactive,Inactive
4754,C#CCOc1ccc(/C=C2\SC(=S)N(Cc3cccnc3)C2=O)cc1,0.1603,14.48,Inactive,Inactive
4755,COC(=O)c1c(/C=C/c2ccc(C)cc2)cc(OC)c(CC=C(C)C)c1O,0.1603,14.48,Inactive,Inactive
4756,CN(CC[C@H](N)CC(=O)N[C@H]1C=C[C@H](n2ccc(N)nc2=O)O[C@@H]1C(=O)OCCc1ccccc1)C(=N)N,0.1603,14.48,Inactive,Inactive
4757,CC(=O)NC[C@H]1CN(c2ccc(OC3CCN(C(=O)COCc4ccccc4)CC3)cc2)C(=O)O1,0.1603,14.48,Inactive,Inactive
4758,COC(=O)C1=C(C)NC(C)=C(C(=O)OCC(C)C)C1c1ccccc1[N+](=O)[O-],0.1603,14.48,Inactive,Inactive
4759,C=C1[C@H]2CC[C@@]3(C=CC(=O)[C@@](C)(CCC(=O)Nc4c(O)ccc(C(=O)O)c4O)[C@@H]3C2)[C@H]1O,0.1522,13.83,Inactive,Inactive
4760,Cn1c(=O)c2c(nc(Br)n2CCSc2nc3ccccc3o2)n(C)c1=O,0.1522,13.83,Inactive,Inactive
4761,CCN(CC)CCn1c(NCc2cc(OC)ccc2OC)nc2ccccc21,0.1522,13.83,Inactive,Active
4762,O=C1CSC(c2cc3ccccc3nc2S)N1c1ccccc1,0.1522,13.83,Inactive,Inactive
4763,S=C(NCc1ccc(Cl)cc1)Nc1ccccn1,0.1522,13.83,Inactive,Inactive
4764,Cc1nc(-c2cc(-c3ccc(Cl)cc3)n(-c3ccc(F)cc3)n2)sc1C(=O)NNC(=O)NC(=O)c1ccc(C(F)(F)F)cc1,0.1522,13.83,Inactive,Inactive
4765,Cc1nnc(Nc2ccccc2)n(N)c1=O,0.1522,13.83,Inactive,Inactive
4766,COc1ccc(C(=O)Cn2c(-c3ccccc3)c(/C=N/NC(N)=O)c3ccccc32)cc1,0.1522,13.83,Inactive,Inactive
4767,C=C1C2[C@H](NC(=O)COc3ccccc3)C(=O)N2C(C(=O)O)=CC1(C)C,0.1522,13.83,Inactive,Active
4768,COc1ccc(C(=O)On2c(-c3ccc(Br)cc3)nc3ccccc3c2=O)cc1,0.1522,13.83,Inactive,Inactive
4769,O=C(O)c1ccc(CN2C(=O)S/C(=C\c3ccccc3)C2=O)cc1,0.1522,13.83,Inactive,Active
4770,CCOP(=O)(OCC)C(Nc1cc2ccccc2oc1=O)c1cccc(O)c1,0.1522,13.83,Inactive,Inactive
4771,CCCCCCCn1c(C(=O)/C=C/c2ccc(F)cc2)nc2ccccc21,0.1522,13.83,Inactive,Inactive
4772,COc1cccc(CN2C(=O)C(C#N)=C(O)[C@@H]2CC(C)C)c1,0.1522,13.83,Inactive,Inactive
4773,CC(=O)OCC1=C(C=O)N2C(=O)[C@@H](NC(=O)Cc3cccs3)[C@H]2SC1,0.1522,13.83,Inactive,Inactive
4774,COC(=O)c1c(/C=C/c2ccccc2)cc(OC)c(CC=C(C)C)c1O,0.1522,13.83,Inactive,Inactive
4775,Cc1c(C(=O)O)cccc1-n1c(C)cc(C=O)c1C,0.1522,13.83,Inactive,Inactive
4776,O=C(/C=C/c1cccs1)c1ccccc1O,0.1522,13.83,Inactive,Active
4777,FC(F)(F)c1ccccc1NC1=NCCC1,0.1522,13.83,Inactive,Inactive
4778,COc1cccc(NC(=S)N/N=C2\C(=O)Nc3c(I)cccc32)c1,0.1522,13.83,Inactive,Inactive
4779,C=C1CC[C@H]2C(C)(C)CCC[C@]2(C)[C@H]1C[C@@H](OS(=O)(=O)O)[C@H](C)CCC/C(C)=C/Cc1cc(O)ccc1O,0.1522,13.83,Inactive,Inactive
4780,CC1=CC(C#N)(C#N)C(C#N)(C#N)C(c2ccccc2)N1,0.1522,13.83,Inactive,Active
4781,O=C(CSc1cc(Cl)ccc1Cl)N[C@@H]1C(=O)N2C(C(=O)O)=C(Cl)CS[C@H]12,0.1522,13.83,Inactive,Inactive
4782,Clc1ccc(CN(CCn2cncn2)CCn2cncn2)c(Cl)c1,0.1522,13.83,Inactive,Inactive
4783,O=c1ccc2cc3ccoc3cc2o1,0.1522,13.83,Inactive,Inactive
4784,CCC(C)NC(=O)c1c(O)c2cccc3c2n(c1=O)CCC3,0.1522,13.83,Inactive,Inactive
4785,CC(C)C(=O)O[C@H](C)[C@H]1C(=O)N2C(C(=O)OCc3ccc([N+](=O)[O-])cc3)=CS[C@@H]12,0.1522,13.83,Inactive,Inactive
4786,CC(=O)c1c(C)nc2ccc([N+](=O)[O-])cc2c1-c1ccccc1,0.1522,13.83,Inactive,Inactive
4787,O=C(NNc1ccc(Cl)cc1)c1ccccn1,0.1522,13.83,Inactive,Inactive
4788,Cc1cc(C=C(C#N)C#N)ccc1N1CCCC1,0.1522,13.83,Inactive,Inactive
4789,COC(=O)c1c(O)cc(OC)cc1/C=C/c1ccc(C)cc1,0.1522,13.83,Inactive,Inactive
4790,CCCCCCCCCCCCCC(=O)OCC[N+](C)(C)Cc1cnc(C)c2c1COC(CCC)O2,0.1522,13.83,Inactive,Inactive
4791,CC(=O)Nc1ccc(NC(=O)C(C)OC(=O)CNC(=O)c2cccs2)cc1,0.1522,13.83,Inactive,Inactive
4792,O=C1C=CC(=O)N1CCCCCCN1C(=O)C=CC1=O,0.1522,13.83,Inactive,Active
4793,CN(C(=O)c1cc(-c2ccccc2)on1)C1CCCCC1,0.1522,13.83,Inactive,Inactive
4794,CC(=O)/C(=C/c1cn(CC(=O)N2CCN(Cc3ccc(F)cc3)CC2)c2cc(C)ccc12)n1cc([N+](=O)[O-])nc1C,0.1522,13.83,Inactive,Inactive
4795,Cc1ccc(C=O)c(-c2ccc([N+](=O)[O-])cc2)c1,0.1522,13.83,Inactive,Inactive
4796,CCc1nccn1-c1ccnc(NS(=O)(=O)c2ccc(N)cc2)n1,0.1522,13.83,Inactive,Inactive
4797,CCCCCCCCn1c(C(=O)/C=C/c2ccc(F)cc2)nc2ccccc21,0.1522,13.83,Inactive,Inactive
4798,CC(=O)Nc1ccc(S(=O)(=O)NCc2nc3ccccc3c(=O)n2-c2ccc(Br)cc2)cc1,0.1522,13.83,Inactive,Inactive
4799,Cc1noc(C)c1COC(=O)/C=C/c1ccc(Cl)cc1,0.1459,13.31,Inactive,Inactive
4800,[O-]/[N+](=C\c1ccc(OC(F)F)cc1)c1ccccc1,0.1459,13.31,Inactive,Active
4801,Cc1cc(-c2ccccc2)c(C(=O)C(=O)Nc2ccc(N3CCN(c4ncc(F)cn4)CC3)cc2)n1C,0.1459,13.31,Inactive,Inactive
4802,N#CCCn1c2ccccc2c2nc3ccccc3nc21,0.1459,13.31,Inactive,Inactive
4803,COc1ccc(-c2cc(=O)n(-c3cccc(Cl)c3)c(N3CCCC3)c2/N=N/c2ccc(Cl)cc2[N+](=O)[O-])cc1,0.1459,13.31,Inactive,Inactive
4804,O=C(Nc1cccc(-c2nn[nH]n2)c1)c1cccc(Br)c1,0.1459,13.31,Inactive,Active
4805,CCOC(=O)C1=C(N)Oc2ccc(Sc3nc4ccccc4[nH]3)cc2C1c1cccs1,0.1459,13.31,Inactive,Inactive
4806,CCCC(=O)O[C@H](C)[C@H]1C(=O)N2C(C(=O)OCc3ccc([N+](=O)[O-])cc3)=CS[C@@H]12,0.1459,13.31,Inactive,Inactive
4807,O=C1CN(Cc2ccccc2)C(=O)CN(Cc2ccccc2)C(=O)CN(Cc2ccccc2)C(=O)CN(Cc2ccccc2)C(=O)CN(Cc2ccccc2)C(=O)CN1Cc1ccccc1,0.1459,13.31,Inactive,Inactive
4808,Cc1ccc(C2C(C(=O)c3cccs3)=C(O)C(=O)N2CCN2CCOCC2)o1,0.1459,13.31,Inactive,Inactive
4809,COC(=O)c1c(O)cc(OC)cc1/C=C/c1ccc(OC)cc1,0.1459,13.31,Inactive,Inactive
4810,O=C(C1CC(=O)N(C2CCCC2)C1)N1CCN(c2cccc(Cl)c2)CC1,0.1459,13.31,Inactive,Inactive
4811,Cc1cc(/C=C(\C#N)C(=O)Nc2ccccc2)c(C)n1-c1ccc(C(=O)O)cc1,0.1459,13.31,Inactive,Inactive
4812,O=C(NNc1cccc(F)c1)c1ccc(F)cn1,0.1459,13.31,Inactive,Inactive
4813,CC(C)c1cc(C(=O)N2CCCC(CCC(=O)N3CCN(c4ccccn4)CC3)C2)no1,0.1459,13.31,Inactive,Inactive
4814,C/C(=N\NC(=O)CCn1c(C)nc2ccccc21)c1c(O)ccc2ccccc12,0.1459,13.31,Inactive,Inactive
4815,O=C(Nc1ccc(Cl)cc1)N1CC1,0.1459,13.31,Inactive,Inactive
4816,CC1=C(/C=C/C(=O)/C=C/c2ccccc2F)C(C)(C)CCC1,0.1459,13.31,Inactive,Inactive
4817,COc1cc(O)c(C(=O)N2Cc3ccccc3C2)cc1C(C)C,0.1459,13.31,Inactive,Active
4818,Cc1noc(/C=C/NCc2cccnc2)c1S(=O)(=O)N(C)CC(=O)N1CCc2ccccc21,0.1459,13.31,Inactive,Inactive
4819,S=c1n(CN2CCCCC2)nc(Cc2ccccc2Nc2c(Cl)cccc2Cl)n1/N=C/c1ccncc1,0.1459,13.31,Inactive,Inactive
4820,COc1ccc(Cn2cc(CNC(=O)c3ccc([N+](=O)[O-])o3)nn2)cc1,0.1459,13.31,Inactive,Inactive
4821,CC(C)C(Sc1nnc2sc3ccccc3n12)C(=O)NC(N)=O,0.1459,13.31,Inactive,Inactive
4822,Cc1cc([N+](=O)[O-])nn1CC(=O)Nc1ccc(Cc2ccncc2)cc1,0.1459,13.31,Inactive,Inactive
4823,O=C(NO)C1(COc2ccc(-c3ccccc3)cc2)CCOCC1,0.1459,13.31,Inactive,Inactive
4824,CCOC(=O)C1=C(C)NC(C)=C(C(=O)OCC)C1c1ccccc1/C=C/C(=O)OC(C)(C)C,0.1459,13.31,Inactive,Inactive
4825,COc1c2occc2cc2ccc(=O)oc12,0.1459,13.31,Inactive,Inactive
4826,CCCc1ccc(OCC(=O)NNC(=O)c2cccnc2)cc1,0.1459,13.31,Inactive,Inactive
4827,CO/N=C1\CCN(c2nc3c(cc2F)c(=O)c(C(=O)O)cn3-c2nc(N)c(F)cc2F)CC1N,0.1459,13.31,Inactive,Inactive
4828,[O-]/[N+](=C/c1cccnc1)c1ccc(Br)cc1,0.1459,13.31,Inactive,Inactive
4829,CC1CC(O)CCCCCc2cc(O)cc(O)c2C(=O)O1,0.1459,13.31,Inactive,Inactive
4830,Cc1ccccc1C(=O)N[C@@H](CN)c1ccccc1,0.1459,13.31,Inactive,Inactive
4831,O=C(Cc1cccs1)N[C@@H]1C(=O)N2C(C(=O)O)=C(Cl)CS[C@H]12,0.1459,13.31,Inactive,Active
4832,CCCCCCn1c(C(=O)/C=C/c2ccc(F)cc2)nc2ccccc21,0.1459,13.31,Inactive,Inactive
4833,N#Cc1ccc(/C=N/NC(=O)c2ccc(-c3nc4ccccc4[nH]3)cc2)cc1,0.1459,13.31,Inactive,Inactive
4834,Nc1ccc(S(=O)(=O)NCc2nc3ccccc3c(=O)n2-c2ccc(F)cc2)cc1,0.1459,13.31,Inactive,Inactive
4835,COc1ccc(/C=C/c2cc(OC)c(CC=C(C)C)c(O)c2C(=O)O)cc1,0.1459,13.31,Inactive,Inactive
4836,CCCOc1ccc(N2C(=O)CC(SCC(=O)O)C2=O)cc1,0.1459,13.31,Inactive,Inactive
4837,Clc1ccc(-c2csc(NN=C3CCCCCCC3)n2)c(Cl)c1,0.1459,13.31,Inactive,Inactive
4838,N#Cc1ccc(CN2CCCN(C(=O)Nc3ccc(Cl)cc3)C2)cc1,0.1459,13.31,Inactive,Inactive
4839,CCCNC(=O)N1CCC(c2ccc3c(c2)OCO3)CC1,0.1459,13.31,Inactive,Inactive
4840,CCCN1C(=O)CSC1=Nc1ccccc1,0.1459,13.31,Inactive,Inactive
4841,CCOC(=O)C1(C)C=C(Nc2ccc(OCC)cc2)C(=O)N1c1ccccc1,0.1459,13.31,Inactive,Inactive
4842,COc1ccc(-c2cc(N)n(S(=O)(=O)c3c(F)c(F)c(F)c(F)c3F)n2)cc1OC,0.1459,13.31,Inactive,Inactive
4843,CN1/C(=C\C(=O)CN2C(=O)NC3(CCCCC3)C2=O)C(C)(C)c2ccccc21,0.1459,13.31,Inactive,Inactive
4844,COCCNC(=O)c1ccc(C(=O)NCCOC)s1,0.1459,13.31,Inactive,Inactive
4845,O=C(N/N=C/c1ccc(C(F)(F)F)cc1)c1ccc(-c2nc3ccccc3[nH]2)cc1,0.1459,13.31,Inactive,Inactive
4846,O=C(c1c(O)cc(O)c(C(=O)C2CCCCC2)c1O)C1CCCCC1,0.1459,13.31,Inactive,Inactive
4847,O=C(O)c1ccc(N2C(=O)/C(=C/c3ccc(Br)cc3)SC2=S)cc1,0.1459,13.31,Inactive,Inactive
4848,COc1ccccc1C(=O)Nc1ccc2c(c1)nc(CCNC(C)=O)n2C,0.1459,13.31,Inactive,Inactive
4849,C=CCNC(=O)C(=O)NN=C1CCN(C)CC1,0.1459,13.31,Inactive,Inactive
4850,c1ccc2c(c1)cc(-c1nc3ccccc3[nH]1)c1nnnn12,0.1459,13.31,Inactive,Inactive
4851,Cc1nccn1CCCN1C(=O)CNC1=S,0.1459,13.31,Inactive,Inactive
4852,CN(C)c1ccc(/C=N/NC(=O)CNC(=O)c2ccncc2)cc1,0.1459,13.31,Inactive,Inactive
4853,Cc1c2cc[n+](C)cc2c(C)c2c1[nH]c1ccccc12,0.1459,13.31,Inactive,Active
4854,CCCCCCc1cc(=O)c(Oc2ccccc2C)cn1C,0.1459,13.31,Inactive,Inactive
4855,Cc1c(OCc2c(F)cccc2Cl)c(=O)ccn1-c1ncc(C(F)(F)F)cc1Cl,0.1459,13.31,Inactive,Inactive
4856,Clc1ccc(Cn2nnc3c(SCc4cccnc4)ncnc32)cc1,0.1459,13.31,Inactive,Inactive
4857,CCOC(=O)C1(C(C)=O)C(c2ccc(N(C)C)cc2)N1c1ccc(/N=N/c2ccc(O)cc2)cc1,0.1459,13.31,Inactive,Active
4858,CC1(C)C=Cc2c(c(O)cc3cc(-c4cc(O)cc(O)c4)oc23)O1,0.1459,13.31,Inactive,Inactive
4859,C=C1CCC[C@H]2[C@](C)(CC3=CC(=O)C=C(N(C)CCS(=O)(=O)O)C3=O)[C@@H](C)CC[C@@]12C,0.1459,13.31,Inactive,Inactive
4860,C=C1C[C@@]23C=CC(=O)[C@@](C)(CCC(=O)Nc4c(O)ccc(C(=O)O)c4O)[C@@H]2[C@@H](O)[C@@H]1CC3,0.1459,13.31,Inactive,Inactive
4861,c1ccc2[nH]c(-c3ccnc4ccccc34)nc2c1,0.1459,13.31,Inactive,Inactive
4862,COc1ccc2c(c1)cc(-c1nc3cc(Cl)ccc3[nH]1)c1nnnn12,0.1459,13.31,Inactive,Inactive
4863,COc1ccc(OC)c(Nc2ccc(Nc3cc(OC)ccc3OC)nn2)c1,0.1459,13.31,Inactive,Inactive
4864,CS(=O)(=O)N1CCN(c2ccccc2NC(=O)c2ccc(-c3ccc(Br)cc3)o2)CC1,0.1459,13.31,Inactive,Inactive
4865,COc1ccc(-n2c(CNS(=O)(=O)c3ccc(N)cc3)nc3ccccc3c2=O)cc1,0.1459,13.31,Inactive,Inactive
4866,CCCCCCn1c(=O)c2c(-c3ccccc3)nc(-c3ccc[n+](CCCCCC)c3)n2c2ccccc21,0.1459,13.31,Inactive,Inactive
4867,CC1(C)CC(=O)C(C=Nc2ccc(Cl)cn2)=C(O)C1,0.1459,13.31,Inactive,Inactive
4868,COc1cc(/C=C/c2ccc(C)cc2)c(C(=O)O)c(O)c1CC=C(C)C,0.1459,13.31,Inactive,Inactive
4869,O=C1OC(c2ccc(O)cc2)(c2ccc(O)cc2)c2ccc3ccccc3c21,0.1459,13.31,Inactive,Active
4870,Nc1nc(-c2ccc(NC(=O)c3ccccc3)cc2)c(/N=N/c2ccc([N+](=O)[O-])cc2)s1,0.1459,13.31,Inactive,Active
4871,C=C1C(=O)OC2C1CCC(C)=CCCC1(C)OC21,0.1351,12.42,Inactive,Inactive
4872,COc1ccc(-c2csc(/N=C3\NC(=O)/C(=C/c4ccc([N+](=O)[O-])n4C)S3)n2)cc1,0.135,12.41,Inactive,Inactive
4873,COc1ccc(-c2nc(CS(=O)CC(=O)NCc3ccccn3)c(C)o2)cc1,0.135,12.41,Inactive,Active
4874,O=C1C=C(Nc2ccc(Cl)cc2)CC(c2ccc(Cl)cc2)C1,0.135,12.41,Inactive,Inactive
4875,COc1ccc(-c2nc3ccccc3c(=O)n2-c2nccs2)cc1,0.135,12.41,Inactive,Inactive
4876,O=C1C=C(N2CCOCC2)CC(c2ccccc2)C1,0.135,12.41,Inactive,Inactive
4877,CC(C)c1ccc(O)c(NC(=S)NC(=O)c2ccc3c(c2)OCO3)c1,0.135,12.41,Inactive,Inactive
4878,CC1(C)CC(=O)C(=CNc2ccccc2O)C(=O)C1,0.135,12.41,Inactive,Inactive
4879,O=C1C(O)c2ccccc2N1CCn1cncn1,0.135,12.41,Inactive,Inactive
4880,CC1C(C#N)=C(N)OC2=C1C(=O)CCC2,0.135,12.41,Inactive,Inactive
4881,COc1ccc(/C=C2\NC(=O)N(CC(O)CN3CCCCC3)C2=O)cc1,0.135,12.41,Inactive,Inactive
4882,COc1ccc(C(=O)COc2nc(C)cc(C)c2C#N)cc1,0.135,12.41,Inactive,Inactive
4883,O=C(c1cc(-c2cccc(O)c2)on1)N1CCN(C(c2ccccc2)c2ccccc2)CC1,0.135,12.41,Inactive,Inactive
4884,N#Cc1ccccc1NC(=O)C1=COCCO1,0.135,12.41,Inactive,Inactive
4885,CC1(C)[C@H]2/C=C(/CO)CC[C@@H]3O[C@@]3(C)CC[C@@H]21,0.135,12.41,Inactive,Inactive
4886,CC1=C(C)C(c2ccc([N+](=O)[O-])cc2)c2c(nc3[nH]nnn3c2=O)N1,0.135,12.41,Inactive,Inactive
4887,COc1ccc(/C=N/NC(=O)CNC(=O)c2ccc3c(c2)OCCO3)cc1OC,0.135,12.41,Inactive,Inactive
4888,N#Cc1nc(Cc2ccccc2)oc1NCCN1CCOCC1,0.135,12.41,Inactive,Inactive
4889,N#Cc1nnc2c(C#N)c(N3CCCCC3)nn2c1N,0.135,12.41,Inactive,Inactive
4890,COc1ccc(/C=N/NC2=NCCCCC2)c(OC)c1,0.135,12.41,Inactive,Inactive
4891,CC1(O)C=Cc2c(c(O)cc3cc(-c4cc(O)cc(O)c4)oc23)OC1,0.135,12.41,Inactive,Inactive
4892,N=C(N)NCCC[C@H](NC(=O)[C@H]1NC(=O)[C@H](CO)NC(=O)[C@H]2NC(=O)[C@H](CCC(N)=O)NC(=O)[C@@H](N)Cc3c[nH]c4c(cccc34)O[C@@H]2c2c[nH]c3cc(ccc23)[C@@H]1CCCN)C(=O)N[C@@H](Cc1c[nH]c2ccccc12)C(=O)O,0.135,12.41,Inactive,Active
4893,CC1=C(C(=O)O)N2C(=O)[C@@H](NC(=O)Cc3cccs3)[C@H]2SC1,0.135,12.41,Inactive,Inactive
4894,CC1=C(C(=O)O)N2C(=O)C(NC(=O)C(N)c3cccc4c3OCO4)C2SC1,0.135,12.41,Inactive,Inactive
4895,CC1=C(/C=C/C2=CC=C(C=O)C(C)C2)C(C)(C)CCC1,0.135,12.41,Inactive,Inactive
4896,COc1ccc(/C=N\Nc2nc3c(c(=O)[nH]2)C(c2ccc([N+](=O)[O-])cc2)C2=C(CC(C)(C)CC2=O)N3)cc1,0.135,12.41,Inactive,Inactive
4897,O=C(OCc1ccccc1)c1cn2c(=O)n(Cc3ccccc3)c(=O)cc2s1,0.135,12.41,Inactive,Active
4898,CC1/C(=N\O)CC(c2ccco2)N(C=O)C1c1ccco1,0.135,12.41,Inactive,Inactive
4899,COc1ccc(/C=N/c2n[nH]c(Sc3nc4ccc(C)cc4n4c(N)nnc34)n2)cc1OC,0.135,12.41,Inactive,Inactive
4900,N#Cc1ccc(CNc2nc(NN3C(=O)c4cccc5cccc(c45)C3=O)nc(N3CCOCC3)n2)cc1,0.135,12.41,Inactive,Inactive
4901,COc1ccc(/C=C2/N=C(c3cccs3)OC2=O)cc1OC(C)C,0.135,12.41,Inactive,Inactive
4902,O=C(c1cc(-c2cccs2)nc2ccccc12)N1CCN(c2ccccc2O)CC1,0.135,12.41,Inactive,Inactive
4903,N#Cc1c(N)n(CCCN2CCOCC2)c2nc3ccccc3nc12,0.135,12.41,Inactive,Inactive
4904,COc1ccc(-c2nnc(Nc3ccc(S(=O)(=O)Nc4nccs4)cc3)c3ccccc23)cc1,0.135,12.41,Inactive,Inactive
4905,O=C1C(Cl)=C(NC(=O)c2ccccc2)C(=O)C(Cl)=C1NC(=O)c1ccccc1,0.135,12.41,Inactive,Inactive
4906,COc1ccc(C2C(=O)c3ccccc3C2=O)cc1,0.135,12.41,Inactive,Inactive
4907,CC(OC(=O)CCc1nc2ccccc2c(=O)[nH]1)C(=O)NCc1ccc2c(c1)OCO2,0.135,12.41,Inactive,Inactive
4908,CC(Sc1nc2ccccc2o1)C(=O)O,0.135,12.41,Inactive,Inactive
4909,CC1=N/C(=C/c2cccc(C)c2)C(=O)N1c1ccc(/C(C)=N/NC(N)=S)cc1,0.135,12.41,Inactive,Inactive
4910,COc1ccc(C(=O)c2cn(C)c3c(-c4ccco4)ncnc23)cc1,0.135,12.41,Inactive,Inactive
4911,COc1ccc(-n2c(=S)[nH]c3cc(C(=O)NCc4ccccc4)ccc3c2=O)c(OC)c1,0.135,12.41,Inactive,Inactive
4912,O=C(c1ccc2c(c1)OCO2)C1CCCN(Cc2cc(F)ccc2-n2cccn2)C1,0.135,12.41,Inactive,Inactive
4913,CC1(C)CC(n2c(=O)c3c(n4cnnc24)-c2ccccc2CC32CCCCC2)CCO1,0.135,12.41,Inactive,Inactive
4914,CC1(C)C=Cc2c(cc(O)c3c(=O)c4c(oc23)-c2ccc(O)cc2OC(C(C)(C)O)C4)O1,0.135,12.41,Inactive,Active
4915,CC1(C)CC(=O)C2=C(C1)N(c1cc(F)ccc1F)C(N)=C(C#N)C2c1cc2ccccc2nc1Oc1ccc(C#N)cc1,0.135,12.41,Inactive,Inactive
4916,CC1(C)CC(=O)C2=C(C1)N(c1cccc(C(F)(F)F)c1)C(N)=C(C#N)C2c1cc2cc(Cl)ccc2nc1Oc1ccc(C#N)cc1,0.135,12.41,Inactive,Inactive
4917,COc1ccc(-n2nc(C(=O)NCC(=O)N3CCC(C(N)=O)CC3)c3ccccc3c2=O)cc1OC,0.135,12.41,Inactive,Inactive
4918,CC1(C)CC(=O)C2=C(C1)Nc1nc(N/N=C\c3ccc(Cl)cc3)[nH]c(=O)c1C2c1ccc([N+](=O)[O-])cc1,0.135,12.41,Inactive,Inactive
4919,COc1ccc(/C(O)=C2/C(=O)C(=O)N(CCN(C)C)C2c2ccc(OC)c(OC)c2)c(C)c1,0.135,12.41,Inactive,Inactive
4920,COc1ccc(/C=C(\C#N)c2ccccc2C#N)cc1,0.135,12.41,Inactive,Inactive
4921,N#Cc1cc2c(nc1SC1CCc3ccccc3C1=O)CCCC2,0.135,12.41,Inactive,Inactive
4922,N#Cc1nc(-c2ccc(Cl)cc2)oc1NCCc1ccccn1,0.135,12.41,Inactive,Inactive
4923,COC(=O)c1c(/C=C/c2cc(OC)c(OC)c(OC)c2)cc(OC)c(CC=C(C)C)c1O,0.135,12.41,Inactive,Inactive
4924,CC1CCN(C(=O)COc2ccc(Nc3ccccc3)cc2)CC1,0.135,12.41,Inactive,Inactive
4925,O=C(Nc1cnc2ccccc2c1)N1CCOCC1,0.135,12.41,Inactive,Inactive
4926,CC[C@H](C)[C@@H]1NC(=O)[C@@H]2CCCN2C(=O)[C@@H]2CCCN2C(=O)[C@H](C(C)C)NC(=O)[C@H](Cc2ccc(O)cc2)NC(=O)[C@@H]2CCCN2C(=O)[C@@H]2CCCN2C(=O)[C@H](CC(C)C)NC(=O)[C@H](C(C)C)NC(=O)[C@H](Cc2ccccc2)NC1=O,0.135,12.41,Inactive,Inactive
4927,CCCn1c(N)c(N(CCOC)C(=O)Cc2ccc(S(=O)(=O)N3CCOCC3)s2)c(=O)[nH]c1=O,0.135,12.41,Inactive,Inactive
4928,CC[C@@]1(c2ccccc2OC)C(=O)N(C(=O)OC)N1C(=O)OC,0.135,12.41,Inactive,Inactive
4929,CC[C@@H]1[C@@H](C)O[C@@](OC)([C@@H](C)[C@H](O)[C@H](C)[C@H]2OC(=O)/C=C/C=C/[C@H](C)[C@@H]([C@@H](C)[C@@H](O)[C@H](C)[C@@]3(OC)C[C@@H](O[C@H]4C[C@H](O)[C@H](O)[C@H](O)O4)[C@H](CC)[C@@H](C)O3)OC(=O)/C=C/C=C/[C@@H]2C)C[C@H]1O[C@H]1C[C@H](O)[C@H](O)[C@H](C)O1,0.135,12.41,Inactive,Inactive
4930,CC[C@@H]1[C@@H](C)O[C@@](OC)([C@@H](C)[C@H](O)[C@H](C)[C@H]2OC(=O)/C=C/C=C/[C@H](C)[C@@H]([C@@H](C)[C@@H](O)[C@H](C)[C@@]3(OC)C[C@@H](O[C@H]4C[C@H](O)[C@H](O)[C@H](C)O4)[C@H](C)[C@@H](C)O3)OC(=O)/C=C/C=C/[C@@H]2C)C[C@H]1O[C@H]1C[C@H](O)[C@H](O)[C@H](C)O1,0.135,12.41,Inactive,Inactive
4931,Cc1cc(OCC(=O)Nc2ccc(N3CCN(C(=O)c4ccco4)CC3)cc2)cc(C)c1Cl,0.135,12.41,Inactive,Inactive
4932,Nc1ncc(-c2cccc(NC(=O)c3cc(F)cc(F)c3)c2)cn1,0.135,12.41,Inactive,Inactive
4933,CCS(=O)(=O)N(CC(=O)Nc1sc(C)c(C)c1C(N)=O)Cc1ccc(F)cc1,0.135,12.41,Inactive,Inactive
4934,O=C(Nc1ccccc1)NC1(C(=O)NCc2ccc3c(c2)OCO3)CCCCC1,0.135,12.41,Inactive,Inactive
4935,CCOc1ccccc1C(=O)NC(C(=O)N(C)Cc1ccc2c(c1)OCO2)C(C)C,0.135,12.41,Inactive,Inactive
4936,O=C(Nc1ccccc1)C(=O)c1c[nH]c2ccccc12,0.135,12.41,Inactive,Inactive
4937,CCOc1ccc2c(c1)sc1nc(-c3ccccc3)c(COCc3cn(Cc4ccccc4Cl)nn3)n12,0.135,12.41,Inactive,Inactive
4938,CCOc1ccc2c(c1)sc1nc(-c3ccccc3)c(COCc3cn(Cc4cccc(F)c4)nn3)n12,0.135,12.41,Inactive,Inactive
4939,CCOc1ccc2c(c1)sc1nc(-c3ccccc3)c(COCCCCCCCCCCBr)n12,0.135,12.41,Inactive,Inactive
4940,CCOc1ccc2c(c1)sc1nc(-c3ccccc3)c(COCCCBr)n12,0.135,12.41,Inactive,Inactive
4941,O=C(/C=C/c1ccc(Cl)cc1Cl)c1nc2ccccc2[nH]1,0.135,12.41,Inactive,Inactive
4942,O=C(/C=C/c1ccc(O)cc1)c1cc2c(ccc3ccccc32)oc1=O,0.135,12.41,Inactive,Inactive
4943,O=C(/C=C/c1ccc2ccccc2n1)c1cccnc1,0.135,12.41,Inactive,Inactive
4944,O=C(Nc1ccc2c(c1)OCO2)c1cc(-c2ccccc2Cl)on1,0.135,12.41,Inactive,Inactive
4945,CCN(CC)C(=O)N1CCN(C(=O)N(CC)CC)CC1,0.135,12.41,Inactive,Inactive
4946,O=C(C1=NN(c2ccccc2)C2C(=O)N(c3ccccc3Cl)C(=O)C12)c1ccccc1,0.135,12.41,Inactive,Inactive
4947,CC[C@H](C)[C@@H]1NC(=O)[C@@H]2CCCN2C(=O)[C@@H]2CCCN2C(=O)[C@H]([C@@H](C)CC)NC(=O)[C@H](Cc2ccc(O)cc2)NC(=O)[C@@H]2CCCN2C(=O)[C@@H]2CCCN2C(=O)[C@H](CC(C)C)NC(=O)[C@H](C(C)C)NC(=O)[C@H](Cc2ccccc2)NC1=O,0.135,12.41,Inactive,Inactive
4948,O=C(Nc1csc(Cl)c1)c1ccccc1,0.135,12.41,Inactive,Active
4949,CCCCc1c(O)cc(-c2ccncc2)n(-c2ccccc2)c1=O,0.135,12.41,Inactive,Inactive
4950,CCc1cc(Nc2nc(O)c3c(ncn3CCCCCO)n2)ccc1C,0.135,12.41,Inactive,Inactive
4951,CCCCc1nc(Cl)c(C2NC(=O)NC(C)=C2C(=O)OCC)n1S(=O)(=O)c1cccc(Cl)c1,0.135,12.41,Inactive,Inactive
4952,Nc1nc(-c2nnc(S)n2-c2ccc(Oc3ccccc3)cc2)cs1,0.135,12.41,Inactive,Active
4953,CN(C)NC(=O)C(NC(=O)c1ccccc1)C12CC3CC(CC(C3)C1)C2,0.135,12.41,Inactive,Inactive
4954,CN(C)CC(C(=O)c1ccccc1)c1ccccc1,0.135,12.41,Inactive,Active
4955,CN(C)C(=O)O/N=C(\C#N)c1nc2ccccc2o1,0.135,12.41,Inactive,Inactive
4956,CN(C(=O)c1c(O)n(-c2ccc(Cl)cc2)n(-c2ccc(Cl)cc2)c1=O)c1ccc(Cl)cc1,0.135,12.41,Inactive,Inactive
4957,CCCCn1c(NS(=O)(=O)c2ccc(C)cc2)c(S(=O)(=O)c2ccccc2)c2nc3ccccc3nc21,0.135,12.41,Inactive,Active
4958,Nc1nc(=S)[nH]c2c1C(c1ccccc1)c1c(ccc3ccccc13)O2,0.135,12.41,Inactive,Inactive
4959,CCCNC(=S)NNC(=O)Cn1c(=O)oc2ccc(C)cc21,0.135,12.41,Inactive,Inactive
4960,CCn1cc(-c2csc(N)n2)c(=O)c2cc(F)c(N3CCN(C/C(=N/OC)c4ccc(F)cc4F)CC3)cc21,0.135,12.41,Inactive,Inactive
4961,CCc1ccccc1NC(=O)N1CCc2ccccc2C1,0.135,12.41,Inactive,Inactive
4962,CCc1cccc2c(C(=O)COC(=O)c3ccc([N+](=O)[O-])s3)c[nH]c12,0.135,12.41,Inactive,Active
4963,CCc1cccc(CC)c1NC(=O)Cn1c(-c2ccccc2Cl)nc2ccccc21,0.135,12.41,Inactive,Inactive
4964,O=C(Nc1ncc(C(F)(F)F)cc1Cl)C1COc2ccccc2O1,0.135,12.41,Inactive,Inactive
4965,CCCc1nccn1-c1ccnc(NS(=O)(=O)c2ccc(N)cc2)n1,0.135,12.41,Inactive,Inactive
4966,O=C(Nc1nc(-c2ccccc2)cs1)c1ccc(Br)o1,0.135,12.41,Inactive,Inactive
4967,CCc1ccc(OCC(=O)NC2CCCCC2)c(Br)c1,0.135,12.41,Inactive,Active
4968,CCc1ccc(Nc2c3ccccc3[n+](C)c3c2oc2ccccc23)cc1,0.135,12.41,Inactive,Inactive
4969,CCc1ccc(NC(=O)c2ccc3nc(N)sc3c2)cc1,0.135,12.41,Inactive,Active
4970,CCc1ccc(C(=O)CC2(O)C(=O)N(CN3CCOCC3)c3ccccc32)cc1,0.135,12.41,Inactive,Inactive
4971,CCc1cc(Nc2nc(O)c3c(ncn3CCCCO)n2)ccc1C,0.135,12.41,Inactive,Inactive
4972,O=C(C1CC1c1ccccc1)N1CCN(c2cccc(Cl)c2)CC1,0.135,12.41,Inactive,Inactive
4973,O=C(Nc1ccc(F)c(F)c1F)NC1CCCC1,0.135,12.41,Inactive,Inactive
4974,CCOc1ccc(Br)cc1S(=O)(=O)NCCN1CCCC1,0.135,12.41,Inactive,Inactive
4975,O=C(CC1Sc2ncnn2C1=O)Nc1ccc(Br)cc1,0.135,12.41,Inactive,Inactive
4976,O=C(CSc1nc2ccccc2[nH]1)c1cccs1,0.135,12.41,Inactive,Inactive
4977,O=C(CSc1nc2ccsc2c(=O)n1NC(=O)c1ccccc1)Nc1nccs1,0.135,12.41,Inactive,Inactive
4978,CCNCC(=O)N1c2ccccc2CCc2ccc(NC(C)=O)cc21,0.135,12.41,Inactive,Inactive
4979,CCNc1nc(CSc2ccccc2)nc2sc(C)c(C)c12,0.135,12.41,Inactive,Inactive
4980,O=C(NCc1ncc(C(F)(F)F)cc1Cl)c1c(Cl)cccc1Cl,0.135,12.41,Inactive,Inactive
4981,O=C(NCc1cn(Cc2ccc(C(F)(F)F)cc2)nn1)c1ccc([N+](=O)[O-])o1,0.135,12.41,Inactive,Inactive
4982,CCOC(=O)/C=C\C(=O)c1cc2ccccc2s1,0.135,12.41,Inactive,Inactive
4983,O=C(NCc1ccccc1)c1cccc(NC(=O)C2CC2)c1,0.135,12.41,Inactive,Inactive
4984,O=C(CSc1nnc2ccccn12)NC(=O)NC1CCCCC1,0.135,12.41,Inactive,Inactive
4985,CCOC(=O)c1ccsc1NC(=O)c1ccco1,0.135,12.41,Inactive,Inactive
4986,CCOC(=O)c1ccc(N2Cc3ccccc3C2=NC(=O)c2cccc([N+](=O)[O-])c2)cc1,0.135,12.41,Inactive,Inactive
4987,O=C(NCCN1CCOCC1)c1ccc2ccccc2c1,0.135,12.41,Inactive,Inactive
4988,O=C(NCCCN1CCCCCC1)C1CC(=O)N(C2CCCC2)C1,0.135,12.41,Inactive,Inactive
4989,O=C(Cn1c(C(=O)N2CCN(C(=O)c3ccco3)CC2)cc2sccc21)c1ccccc1,0.135,12.41,Inactive,Inactive
4990,CCOC(=O)c1c(-n2c(C)cc(/C=C3/C(=O)NC(=O)N(CC)C3=O)c2C)sc2c1CCCC2,0.135,12.41,Inactive,Active
4991,CCOC(=O)c1c(-c2ccc(C)o2)csc1N,0.135,12.41,Inactive,Inactive
4992,CCOC(=O)N1CCN(S(=O)(=O)c2ccc(C(=O)N(CCCN(C)C)c3nc4cc(OC)ccc4s3)cc2)CC1,0.135,12.41,Inactive,Inactive
4993,O=C(NC(O)C(=O)c1ccccc1)c1ccc(F)cc1,0.135,12.41,Inactive,Inactive
4994,CCOC(=O)Cc1ccc2sc(-c3ccccc3)nc2c1,0.135,12.41,Inactive,Inactive
4995,CCOC(=O)C1=C(N)Oc2ccc(Sc3nc4cc(OC)ccc4[nH]3)cc2C1c1cccs1,0.135,12.41,Inactive,Inactive
4996,CCOC(=O)C1CCN(C(=O)c2ccc3c(c2)NC(=O)/C(=C\c2ccc(C)cc2)S3)CC1,0.135,12.41,Inactive,Active
4997,CCN1CCN(c2nc(Nc3ccc(C#N)c(C(F)(F)F)c3)nc(Oc3ccnc4ccccc34)n2)CC1,0.135,12.41,Inactive,Inactive
4998,O=C(NNS(=O)(=O)c1ccc2ccccc2c1)C1CCN(Cc2ccccc2)CC1,0.135,12.41,Inactive,Inactive
4999,O=C(COc1ccccc1)N[C@@H]1C(=O)N2C(C(=O)O)=C(Cc3ccccc3)CS[C@H]12,0.135,12.41,Inactive,Inactive
5000,O=C(CN1C(=O)CCSc2ccccc21)NC1CCCCC1,0.135,12.41,Inactive,Inactive
5001,O=C(Nc1ccc(Cl)cc1)c1c(O)n(-c2ccccc2)n(-c2ccccc2)c1=O,0.135,12.41,Inactive,Inactive
5002,O=C(CCC1CCCC1)N1CCN(C(=O)Cc2ccccc2)CC1,0.135,12.41,Inactive,Inactive
5003,O=C(Nc1ccc(Cl)cc1)c1c(O)n(-c2cccc(Cl)c2)n(-c2cccc(Cl)c2)c1=O,0.135,12.41,Inactive,Inactive
5004,O=C(CCCN1Cc2ccccc2C1)c1ccc(F)cc1,0.135,12.41,Inactive,Inactive
5005,O=C(Nc1ccc(Cl)cc1)N1CCCN(Cc2ccccc2Br)C1,0.135,12.41,Inactive,Inactive
5006,CCOc1cc(-c2noc(-c3cccnc3)n2)ccc1OC,0.135,12.41,Inactive,Inactive
5007,CCOc1c(Br)cc(CNCc2cccs2)cc1OC,0.135,12.41,Inactive,Inactive
5008,CCN(CC)CCn1c(NC(=O)c2ccccc2O)nc2ccccc21,0.135,12.41,Inactive,Inactive
5009,O=C(CN1C(=O)CCC1=O)Nc1nc(-c2ccccn2)cs1,0.135,12.41,Inactive,Inactive
5010,CCN(CC)Cc1c(-c2ccccc2)[nH]c2ccc(C)cc2c1=O,0.135,12.41,Inactive,Inactive
5011,O=C(NNc1ccc(F)cc1)c1ccc(F)cn1,0.135,12.41,Inactive,Inactive
5012,CCN(CC)S(=O)(=O)c1cc(C(=O)Nc2cccc3c2C(=O)NC3=O)ccc1Cl,0.135,12.41,Inactive,Inactive
5013,O=C(Nc1ccc(Br)cc1)c1c(O)n(-c2ccccc2)n(-c2ccccc2)c1=O,0.135,12.41,Inactive,Inactive
5014,O=C(CN1CCN(c2ccccc2)CC1)Nc1ccncc1,0.135,12.41,Inactive,Inactive
5015,CCOC(=O)c1nnn(-c2nonc2N)c1-c1cccs1,0.135,12.41,Inactive,Inactive
5016,CCN(CCCNC(=O)c1cn(CC)c2ccc(S(=O)(=O)N(C)C)cc2c1=O)c1cccc(C)c1,0.135,12.41,Inactive,Inactive
5017,CCOC(=O)c1csc(/N=C/c2cc(/C=C/C(=O)c3cccs3)cc(C(C)C)c2O)n1,0.135,12.41,Inactive,Inactive
5018,CCN1C(=O)[C@@]2(CN(C)C3(c4cc(I)ccc4-n4c3nc3ccc(Cl)cc3c4=O)C2(C#N)C#N)c2ccccc21,0.135,12.41,Inactive,Inactive
5019,O=C(COC(=O)COc1ccccc1F)Nc1ccc(Cl)cn1,0.135,12.41,Inactive,Inactive
5020,CCOC(=O)c1cnc(SCC(=O)Nc2ccc(N3CCOCC3)c(Cl)c2)nc1N,0.135,12.41,Inactive,Inactive
5021,Nc1nc(-c2ccc(NC(=O)c3ccccc3)cc2)c(/N=N/c2ccc(Br)cc2)s1,0.135,12.41,Inactive,Active
5022,CN(C)S(=O)(=O)c1ccsc1,0.135,12.41,Inactive,Active
5023,COc1ccc(-c2coc3cc(O[C@@H]4O[C@H](CO[C@@H]5O[C@@H](C)[C@H](O)[C@@H](O)[C@H]5O)[C@@H](O)[C@H](O)[C@H]4O)c(OC)c(OC)c3c2=O)cc1,0.135,12.41,Inactive,Inactive
5024,COc1cc(Cn2cc(CNC(=O)c3ccc([N+](=O)[O-])o3)nn2)ccc1F,0.135,12.41,Inactive,Inactive
5025,NCCCC[C@@H]1NC(=O)[C@H](Cc2ccc3ccccc3c2)NC(=O)COCCNC(=O)[C@H](Cc2ccc(-c3ccccc3)cc2)NC(=O)[C@H](CCCCN)NC(=O)[C@H](CCCCN)NC(=O)[C@H](Cc2ccc3ccccc3c2)NC(=O)[C@H](CCCCN)NC(=O)[C@H](CC(N)=O)NC1=O,0.135,12.41,Inactive,Inactive
5026,COc1cc(CCCCl)cc2c([N+](=O)[O-])c(-c3ccc4c(c3)OCO4)oc12,0.135,12.41,Inactive,Inactive
5027,NCCC[C@H](NC(=O)/C=C/c1ccccc1)C(=O)N[C@@H](CCCN)C(=O)N[C@@H](Cc1c[nH]c2ccccc12)C(=O)N[C@@H](Cc1c[nH]c2ccccc12)C(N)=O,0.135,12.41,Inactive,Active
5028,O=C(O)c1ccc(NC2CCN(Cc3ccccc3)CC2)cc1,0.135,12.41,Inactive,Inactive
5029,COc1cc(C(=O)Nc2nc3ccccc3[nH]2)cc(OC)c1OC,0.135,12.41,Inactive,Inactive
5030,COc1cc(C(=O)Nc2ccc3c(c2)ncn3C)cc(OC)c1OC,0.135,12.41,Inactive,Inactive
5031,COc1cc(/C=N/NC(=O)Nc2ccccc2)ccc1OC(C)=O,0.135,12.41,Inactive,Inactive
5032,COc1cc(/C=C/c2ccsc2)cc(OC)c1,0.135,12.41,Inactive,Inactive
5033,COc1cc(/C=C/c2ccccc2)cc(OC)c1,0.135,12.41,Inactive,Inactive
5034,COc1cc(/C=C/c2cc(OC)c(OC)c(OC)c2)c(C(=O)O)c(O)c1CC=C(C)C,0.135,12.41,Inactive,Inactive
5035,COc1cc(/C=C/C(O)=C/C(/C=C/c2ccc(O)c(OC)c2)=N/c2ccc(S(=O)(=O)Nc3ccccn3)cc2)ccc1O,0.135,12.41,Inactive,Inactive
5036,CCCCC(=O)Nc1ccc(NC(=O)C2CC2)cn1,0.135,12.41,Inactive,Inactive
5037,O=C(O)c1ccc(/C=C2/S/C(=N\c3ccccc3)N(c3ccccc3)C2=O)cc1,0.135,12.41,Inactive,Inactive
5038,CCCCC1CCC(C(=O)N(CC(C)C)c2c(N)n(CCCC)c(=O)[nH]c2=O)CC1,0.135,12.41,Inactive,Inactive
5039,COc1c2ccoc2cc2oc(=O)ccc12,0.135,12.41,Inactive,Inactive
5040,O=C(O)c1ccc(-n2nc3c(=O)n(-c4ccccc4)nc(-c4ccccc4)c3c2-c2ccccc2)cc1,0.135,12.41,Inactive,Inactive
5041,COc1c2c(c(C)c3c1OC(=O)[C@@]3(C)O)[C@@H](C)CCC2,0.135,12.41,Inactive,Inactive
5042,NNc1nc(-c2ccccc2)c2cc(Br)ccc2n1,0.135,12.41,Inactive,Inactive
5043,COc1c([N+](=O)[O-])c(CCCO)cc2c([N+](=O)[O-])c(-c3ccc4c(c3)OCO4)oc12,0.135,12.41,Inactive,Inactive
5044,CCCCCC1OC(=O)Cc2cc(OC)c(O)c(O)c21,0.135,12.41,Inactive,Inactive
5045,COc1c(O)cc2c(OC)c3c(c(O)c2c1O)C(=O)CC1CC(O)(C2CN2C)CC(=O)C31O,0.135,12.41,Inactive,Inactive
5046,CCC1(c2ccccc2)CN(C)C1=O,0.135,12.41,Inactive,Inactive
5047,CCC1(c2ccccc2)C(=O)N(C)C(=O)N(C)C1=O,0.135,12.41,Inactive,Inactive
5048,CN(C)c1ccnc(-n2cccc2/C=N/OCc2ccccc2)c1C#N,0.135,12.41,Inactive,Inactive
5049,COc1cc(NC(C)=O)ccc1NC(=O)c1cc2ccccc2o1,0.135,12.41,Inactive,Inactive
5050,COc1ccc(-c2cc(C(=O)Nc3ccc(S(=O)(=O)Nc4onc(C)c4C)cc3)c3ccccc3n2)cc1OC,0.135,12.41,Inactive,Inactive
5051,CCC(=O)N(C1=NN(C(=O)CC)C2(S1)C1CCCC2C(c2ccc(Cl)cc2)N(C(C)=O)C1c1ccc(Cl)cc1)c1ccccc1,0.135,12.41,Inactive,Inactive
5052,COc1ccc(-c2cc(=O)oc3cc4occ(C)c4cc23)cc1,0.135,12.41,Inactive,Inactive
5053,CCC(=O)NC(=S)Nc1ccc(-c2nc3ccc(C)cc3s2)cc1,0.135,12.41,Inactive,Inactive
5054,COc1ccc(-c2cc(=O)n(-c3cccc(Cl)c3)c(N3CCCC3)c2/N=N/c2ccccc2[N+](=O)[O-])cc1,0.135,12.41,Inactive,Inactive
5055,COc1ccc(-c2cc(=O)n(-c3cccc(Cl)c3)c(N3CCCC3)c2/N=N/c2cccc([N+](=O)[O-])c2)cc1,0.135,12.41,Inactive,Inactive
5056,COc1ccc(-c2cc(=O)n(-c3cccc(Cl)c3)c(N3CCCC3)c2/N=N/c2cccc(Cl)c2)cc1,0.135,12.41,Inactive,Inactive
5057,COc1ccc(-c2cc(=O)n(-c3cccc(Cl)c3)c(N3CCCC3)c2/N=N/c2ccc(C)cc2)cc1,0.135,12.41,Inactive,Inactive
5058,CCC(=O)Oc1cccnc1C(=O)Nc1nccs1,0.135,12.41,Inactive,Inactive
5059,CCC(C(=O)NCc1cccnc1)n1nc(C)n2c(cc3sccc32)c1=O,0.135,12.41,Inactive,Inactive
5060,COc1cc(OC)cc(-n2c(-c3ccccc3)nc(C)c2C)c1,0.135,12.41,Inactive,Inactive
5061,COc1cc(OC)cc(-n2c(-c3ccc(F)cc3)nc(C)c2C)c1,0.135,12.41,Inactive,Inactive
5062,COc1cc(OC)c(C2CC(=O)N3CN(c4ccccc4)CSC3=C2C#N)cc1OC,0.135,12.41,Inactive,Active
5063,CCC(C)c1ccccc1NC(=O)CN1CCN(C/C=C/c2ccccc2)CC1,0.135,12.41,Inactive,Inactive
5064,COc1cc(O)cc(/C=C/c2ccsc2)c1,0.135,12.41,Inactive,Inactive
5065,COc1cc(O)cc(/C=C/c2ccccc2)c1,0.135,12.41,Inactive,Inactive
5066,CCC(C)c1cnc(CC(C)C)c(=O)n1O,0.135,12.41,Inactive,Inactive
5067,COc1cc(O)c2c(c1C)C(=O)CCCCC/C(S)=N/[C@H](c1nc(CNC(C)C)no1)CSC2,0.135,12.41,Inactive,Inactive
5068,O=C(O)c1ccccc1C(=O)c1ccc(Sc2ccccc2F)c([N+](=O)[O-])c1,0.135,12.41,Inactive,Inactive
5069,CCC(CC)c1nc2cc(OC)c(OC)cc2c(=O)o1,0.135,12.41,Inactive,Inactive
5070,CCC(Sc1nc(C)cc(=O)[nH]1)C(=O)Nc1nc2c(s1)CCCC2,0.135,12.41,Inactive,Inactive
5071,CCCCCCC(=O)N(O)C1CC(=O)N(c2ccc(C)cc2)C1=O,0.135,12.41,Inactive,Inactive
5072,CO[C@H]1CCCCCCCCC[C@@H](C)OC(=O)C2CC2C1=O,0.135,12.41,Inactive,Inactive
5073,CO[C@H]1CCCCCCCCC[C@@H](C)OC(=O)C(Sc2ccccc2)CC1=O,0.135,12.41,Inactive,Inactive
5074,COCCn1c(SCC(=O)Nc2ccccc2F)nc2c([nH]c3ccccc32)c1=O,0.135,12.41,Inactive,Inactive
5075,COC(=O)[C@H](Cc1c[nH]c2ccccc12)NC(=O)c1ccccn1,0.135,12.41,Inactive,Inactive
5076,CCCCCCCc1n[nH]c(=S)n1Cc1ccccc1,0.135,12.41,Inactive,Inactive
5077,CCCCCCNC(=O)c1c(O)c2cccc3c2n(c1=O)CCC3,0.135,12.41,Inactive,Inactive
5078,CCCCCCNC(=O)n1cc(F)c(=O)[nH]c1=O,0.135,12.41,Inactive,Inactive
5079,Nc1c(F)c(NCCNc2ccccn2)c2c3c1c(=O)c(C(=O)O)cn3C1(CCC1)CCN2,0.135,12.41,Inactive,Inactive
5080,COC(=O)CCc1c(C)c(C(=O)c2cccc(OC)c2OC)c2ccccn12,0.135,12.41,Inactive,Inactive
5081,COC(=O)CC1C(=O)NCCN1C(=S)Nc1ccccc1,0.135,12.41,Inactive,Inactive
5082,COC(=O)/C=C1\SC2C(NC(=O)Cc3cccs3)C(=O)N2C(C(=O)O)=C1C,0.135,12.41,Inactive,Inactive
5083,COC(=O)/C=C1/SC2C(NC(=O)Cc3cccs3)C(=O)N2C(C(=O)O)=C1C,0.135,12.41,Inactive,Inactive
5084,CO/C=C(/C(=O)OC)c1ccccc1/C=C/c1ccccc1,0.135,12.41,Inactive,Active
5085,CNC(=O)c1cc2cc(Br)ccc2s1,0.135,12.41,Inactive,Inactive
5086,Nc1ccc(S(=O)(=O)NCc2nc3ccccc3c(=O)n2-c2ccc(Br)cc2)cc1,0.135,12.41,Inactive,Inactive
5087,CNC(=O)CCc1[nH]c2ccccc2c1Sc1ccccc1,0.135,12.41,Inactive,Inactive
5088,CNC(=O)C(=O)NCC1OCCN1S(=O)(=O)c1ccc([N+](=O)[O-])cc1,0.135,12.41,Inactive,Inactive
5089,CCCCCn1c(=O)[nH]c2cc(C(=O)NCCCC)ccc2c1=O,0.135,12.41,Inactive,Inactive
5090,CN1CCN(c2nc(NN3C(=O)c4cccc5cccc(c45)C3=O)nc(N3CCOCC3)n2)CC1,0.135,12.41,Inactive,Inactive
5091,Nc1ccccc1C(=O)OCCc1ccccc1,0.135,12.41,Inactive,Inactive
5092,CN(Cc1ccccc1)C(=O)COc1cc(=O)n(C)c2ccccc12,0.135,12.41,Inactive,Inactive
5093,Nc1ccn(C2CC(O)C(CO)O2)c(=O)n1,0.135,12.41,Inactive,Inactive
5094,CN(CC(=O)O)NC(=O)C[C@H](N)CC(O)CN1CCNCC1,0.135,12.41,Inactive,Inactive
5095,CN(C)c1nccc(-n2cncn2)n1,0.135,12.41,Inactive,Inactive
5096,COC(=O)c1[nH]c2cccc(OC)c2c1NC(=O)CN(C)CC1OCCO1,0.135,12.41,Inactive,Inactive
5097,COc1ccc(CC(=O)NCC(=O)N/N=C/c2sccc2C)cc1,0.135,12.41,Inactive,Inactive
5098,COC(=O)c1c(O)cc(OC)cc1/C=C/c1cc(OC)c(OC)c(OC)c1,0.135,12.41,Inactive,Inactive
5099,COC(=O)c1cccc(-n2c(CCC(=O)O)ccc2-c2cccs2)c1,0.135,12.41,Inactive,Inactive
5100,COCCNC(=O)c1ccc2c(=O)n(CCOC)c(=O)[nH]c2c1,0.135,12.41,Inactive,Inactive
5101,CCCCCCCCCCCCCCCC(=O)OCC(=O)N1CCN(c2cc3c(cc2F)c(=O)c(C(=O)O)cn3C2CC2)CC1,0.135,12.41,Inactive,Inactive
5102,COCCCNCC(=O)Nc1sc(C)c(C)c1C(=O)OC,0.135,12.41,Inactive,Inactive
5103,COC1C=C(CC/C=C(\C)CC/C=C(\C)CCC[C@@H](C)/C=C2\OC(=O)C(C)=C2O)C(OC)O1,0.135,12.41,Inactive,Inactive
5104,COC1=CC(=NCl)C=CC1=NCl,0.135,12.41,Inactive,Active
5105,COC(=O)c1sccc1-c1ccc(/C(C)=N/NC(N)=O)o1,0.135,12.41,Inactive,Inactive
5106,COC(=O)c1ccccc1Oc1c(F)c(F)nc(N2CCOCC2)c1F,0.135,12.41,Inactive,Inactive
5107,O=C(O)[C@@H]1[C@@H](c2ccccc2)Sc2c(-c3cccs3)c(Cc3cccc4ccccc34)cc(=O)n21,0.135,12.41,Inactive,Active
5108,COC(=O)c1cccc(NCN2C(=O)c3ccccc3C2=O)c1,0.135,12.41,Inactive,Inactive
5109,CCCCCCCCCCCCn1cc(CNS(=O)(=O)c2ccc(N)cc2)nn1,0.135,12.41,Inactive,Inactive
5110,COC(=O)c1c(O)cc(OC)cc1/C=C/c1ccc(C(F)(F)F)cc1,0.135,12.41,Inactive,Inactive
5111,COC(=O)c1ccc(NC(=O)C(C(C)C)N2C(=O)c3ccccc3C2=O)cc1,0.135,12.41,Inactive,Inactive
5112,CCCCCCCCCCn1cc(CNS(=O)(=O)c2ccc(N)cc2)nn1,0.135,12.41,Inactive,Inactive
5113,COC(=O)c1ccc(CN2CCc3c(sc(NC(=O)c4cc(OCCNC(=O)C(F)(F)F)ccc4Cl)c3C#N)C2)cc1,0.135,12.41,Inactive,Inactive
5114,O=C(O)C[C@H](c1ccccc1)N1C(=O)/C(=C/c2ccccc2Cl)SC1=S,0.135,12.41,Inactive,Inactive
5115,CCCCCCCCCn1c(=O)c2c(-c3ccccc3)nc(-c3ccc[n+](CCCCCCCCC)c3)n2c2ccccc21,0.135,12.41,Inactive,Inactive
5116,COC(=O)c1cc(C(O)(C(=O)OC)C(F)(F)F)c(/N=C/N(C)C)s1,0.135,12.41,Inactive,Inactive
5117,O=C(O)CSc1nc(-c2cccc(Cl)c2)no1,0.135,12.41,Inactive,Active
5118,COC(=O)c1c(O)cc(OC)cc1/C=C/c1ccc(F)cc1,0.135,12.41,Inactive,Inactive
5119,COC(=O)c1c(O)cc(OC)cc1/C=C/c1ccc(Cl)cc1,0.135,12.41,Inactive,Inactive
5120,COc1ccc(C2c3ccc4ccccc4c3OC3N=CNC(=O)C32)cc1,0.135,12.41,Inactive,Inactive
5121,COc1ccc(C2=COc3ccccc3C(=O)N2)cc1,0.135,12.41,Inactive,Inactive
5122,Cc1ccccc1NC(=S)N/N=C1\C(=O)Nc2c(Br)cccc21,0.135,12.41,Inactive,Inactive
5123,Cc1nc(S/C(C(=O)O)=C2/C(=O)Nc3ccccc32)n[nH]1,0.135,12.41,Inactive,Inactive
5124,COc1ncnc(NS(=O)(=O)c2ccc(N)cc2)c1OC,0.135,12.41,Inactive,Inactive
5125,Cc1nc(-c2ccc(C3N(C)c4ccc(F)cc4C(=O)N3c3ccccc3)s2)cs1,0.135,12.41,Inactive,Inactive
5126,COc1ccccc1Nc1c2ccccc2[n+](C)c2c1oc1ccccc12,0.135,12.41,Inactive,Inactive
5127,CC(=O)O[C@H]1[C@H](Oc2ccc(O)cc2[C@@H]2CC(=O)c3c(O)cc(O)cc3O2)O[C@@H](C)[C@H](O)[C@H]1O[C@@H]1O[C@H](CO)[C@@H](O)[C@H](O)[C@H]1O,0.135,12.41,Inactive,Inactive
5128,Cc1nc(CO)c(C[P+](c2ccccc2)(c2ccccc2)c2ccccc2)c(CO)c1O,0.135,12.41,Inactive,Inactive
5129,Cc1nc(C[P+](c2ccccc2)(c2ccccc2)c2ccccc2)c(C[P+](c2ccccc2)(c2ccccc2)c2ccccc2)c2c1OC(C)(C)OC2,0.135,12.41,Inactive,Inactive
5130,COc1ccccc1NC(=S)N/N=C1\C(=O)Nc2c(F)cccc21,0.135,12.41,Inactive,Inactive
5131,CC(=O)[C@H]1CC[C@H]2[C@@H]3CC=C4C[C@@H](O)CC[C@]4(C)[C@H]3CC[C@]12C,0.135,12.41,Inactive,Inactive
5132,O=[N+]([O-])c1cccc(S(=O)(=O)NCC2CC3CCC2C3)c1,0.135,12.41,Inactive,Inactive
5133,CS(=O)(=O)c1ccc(NC(=O)CCN2C(=O)C3CCCCC3C2=O)cc1,0.135,12.41,Inactive,Inactive
5134,Cc1nc(SCc2cccc(C(=O)O)c2)nc2c1CCCC2,0.135,12.41,Inactive,Inactive
5135,O=[N+]([O-])c1cc(C(F)(F)F)cc([N+](=O)[O-])c1NCc1cccnc1,0.135,12.41,Inactive,Inactive
5136,COc1ccccc1CNc1nc(Nc2ccc(C)cc2C)c2sccc2n1,0.135,12.41,Inactive,Inactive
5137,Cc1nc2ccccc2c2oc(C(=O)Nc3ccc4c(c3)OCCO4)cc12,0.135,12.41,Inactive,Active
5138,Cc1nc2ccccc2n1CCC(=O)N/N=C/c1ccc(N(C)C)c2ccccc12,0.135,12.41,Inactive,Inactive
5139,Cc1nc2ccccc2n1CCC(=O)N/N=C/c1ccc(O)c2ccccc12,0.135,12.41,Inactive,Inactive
5140,COc1ccccc1C(=O)Nc1ncc2c(n1)CC(c1ccco1)CC2=O,0.135,12.41,Inactive,Inactive
5141,Cc1nc2ccccc2n1CCC(=O)NNCc1c(O)ccc2ccccc12,0.135,12.41,Inactive,Inactive
5142,COc1ncnc2c1N=C1CC(C)(C)CC(N)=C1S2,0.135,12.41,Inactive,Active
5143,CC(=O)OCC1=C(/C=N/O)N2C(=O)[C@@H](NC(=O)Cc3cccs3)[C@H]2SC1,0.135,12.41,Inactive,Inactive
5144,CC(C)(C)C1CCC(=NN=C(S)NCc2ccccc2)CC1,0.135,12.41,Inactive,Inactive
5145,CC(=O)Nc1ccc(S(=O)(=O)NCc2nc3ccccc3c(=O)n2-c2ccccc2)cc1,0.135,12.41,Inactive,Inactive
5146,CC(=O)Nc1cc(C(=O)Nc2cc(C(=O)Nc3cc(C(=O)NCCCN4CCCC4)n(C)c3)n(C)c2)n(C)c1,0.135,12.41,Inactive,Inactive
5147,Cc1cccc2c1NC(=O)/C2=N\NC(=S)Nc1ccc(Cl)cc1,0.135,12.41,Inactive,Inactive
5148,Cc1ccccc1-n1nnnc1SCC(=O)N/N=C/c1ccccc1O,0.135,12.41,Inactive,Inactive
5149,C[C@H](/C=C/C(=O)C(=O)O)C(=O)CC[C@H]1C(=O)CC[C@]2(C)C(=O)CC[C@H]12,0.135,12.41,Inactive,Active
5150,O=c1c2ccccc2nc(-c2ccccc2)n1CCCN1CCOCC1,0.135,12.41,Inactive,Inactive
5151,O=c1c2ccccc2nc(-c2c(F)cccc2F)n1Cc1cn(CCC(F)(F)C(F)(F)C(F)(F)C(F)(F)C(F)(F)C(F)(F)C(F)(F)C(F)(F)F)nn1,0.135,12.41,Inactive,Inactive
5152,Cc1ccccc1NC(=S)N/N=C1\C(=O)Nc2c(F)cccc21,0.135,12.41,Inactive,Inactive
5153,O=c1c2c(-c3ccc(Cl)cc3)csc2ncn1-n1cccc1,0.135,12.41,Inactive,Inactive
5154,C[C@@H]1CCC/C=C/[C@@H]2O[C@H](C[C@@H](O)C/C=C\C=C\[C@@H](O)C/C=C/C=C\C(=O)O1)[C@H]2O,0.135,12.41,Inactive,Inactive
5155,Cc1coc2cc3oc(C(=O)Nc4ccccc4)c(C)c3cc12,0.135,12.41,Inactive,Inactive
5156,CC(=O)Nc1ccc2oc(C)nc2c1,0.135,12.41,Inactive,Active
5157,BrCCCOCc1c(-c2ccccc2)nc2sc3ccccc3n12,0.135,12.41,Inactive,Active
5158,CC(=O)Nc1nc(C)c(-c2nn(CNc3ccccc3C)c(=S)o2)s1,0.135,12.41,Inactive,Inactive
5159,CC(=O)Nc1nc(C)c(-c2nn(CNc3ccccc3F)c(=S)o2)s1,0.135,12.41,Inactive,Inactive
5160,O=c1[nH]c2ccccc2n2c(-c3cccnc3)nc(-c3ccccc3)c12,0.135,12.41,Inactive,Inactive
5161,CSc1cccc(CN2CCN(CCC(C)C)C(CCO)C2)c1,0.135,12.41,Inactive,Inactive
5162,Cc1coc2c(C)c3oc(=O)c(CCC(=O)N(C)CC(=O)O)c(C)c3cc12,0.135,12.41,Inactive,Inactive
5163,CC(=O)OCC1=C(/C=N/NC(N)=O)N2C(=O)[C@@H](NC(=O)Cc3cccs3)[C@H]2SC1,0.135,12.41,Inactive,Inactive
5164,O=S1(=O)CCC(SCc2nc3sccn3c2Br)C1,0.135,12.41,Inactive,Inactive
5165,COc1ccccc1-n1c(C)c2c(OC)cccc(=O)c2c1C,0.135,12.41,Inactive,Inactive
5166,COc1ccc(OCc2ccc(C(C)(C)NC(=O)c3ccc([N+](=O)[O-])o3)cc2)cc1,0.135,12.41,Inactive,Inactive
5167,O=C1c2ccccc2C(O)(Cc2ccccc2)N1Cc1ccco1,0.135,12.41,Inactive,Inactive
5168,CC(C)=CCCC1=CC=C(C=O)C(C)(CCC=C(C)C)C1,0.135,12.41,Inactive,Inactive
5169,COc1ccc2cc3[n+](c(-c4ccccc4)c2c1OC)CCc1cc2c(cc1-3)OCO2,0.135,12.41,Inactive,Inactive
5170,Cc1onc(C(=O)/C=C/N(C)C)c1C(=O)Nc1nccs1,0.135,12.41,Inactive,Inactive
5171,CC(C)=CCCc1ccc(C=O)c(-c2ccccc2)c1,0.135,12.41,Inactive,Inactive
5172,Cc1sc(NC(=S)NC(=O)c2cccs2)nc1-c1ccc(C(C)C)cc1,0.135,12.41,Inactive,Inactive
5173,CC(C)=CCn1c(=O)oc2ccc(Cl)cc21,0.135,12.41,Inactive,Inactive
5174,COc1ccc2c(c1)cc(-c1nc3ccccc3[nH]1)c1nnnn12,0.135,12.41,Inactive,Inactive
5175,COc1ccc2c(c1)CC1(CN2C)C(=O)NC(=O)N(CCc2ccccc2)C1=O,0.135,12.41,Inactive,Inactive
5176,O=C1c2ccccc2C(=O)N1CN(C(=O)c1ccccc1[N+](=O)[O-])c1ccc(F)cc1,0.135,12.41,Inactive,Inactive
5177,CC(C)=CCC/C(C)=C/CCC1=CC=C(C=O)C(C)(CC/C=C(\C)CCC=C(C)C)C1,0.135,12.41,Inactive,Inactive
5178,O=C1c2ccccc2C(=O)N1CCCc1nn2c(-c3cccnc3)nnc2s1,0.135,12.41,Inactive,Inactive
5179,COc1ccc2c(-c3ccccc3)cc(SCC(N)=O)nc2c1,0.135,12.41,Inactive,Inactive
5180,O=C1c2ccccc2C(=O)N1CCCc1nc(-c2ccncc2)no1,0.135,12.41,Inactive,Inactive
5181,COc1ccc2[nH]c3c(C)c4cc[n+](C)cc4c(C)c3c2c1,0.135,12.41,Inactive,Inactive
5182,Clc1ccc(Cn2cccc2C2=NCCO2)cc1,0.135,12.41,Inactive,Inactive
5183,O=C1c2ccccc2C(=O)C1c1ccc(Br)cc1,0.135,12.41,Inactive,Inactive
5184,Clc1ccc2[nH]c(-c3cc4ccccc4n4nnnc34)nc2c1,0.135,12.41,Inactive,Inactive
5185,O=C1c2cccc3cccc(c23)C(=O)N1Nc1nc(NCc2ccc(F)cc2)nc(N2CCOCC2)n1,0.135,12.41,Inactive,Inactive
5186,COc1ccc2ccccc2c1/C=N/NC(=O)CCn1c(C(F)(F)F)nc2ccccc21,0.135,12.41,Inactive,Inactive
5187,COc1ccc2nc(Oc3ccc(C#N)cc3)c(C3C(C#N)=C(N)N(c4cccc(C(F)(F)F)c4)C4=C3C(=O)CC(C)(C)C4)cc2c1,0.135,12.41,Inactive,Inactive
5188,COc1cccc2cc(-c3csc(-n4cc(C=O)c(-c5ccc(C)cc5)n4)n3)c(=O)oc12,0.135,12.41,Inactive,Inactive
5189,Cc1nn(C(=O)C(C)N2C(=O)c3ccccc3C2=O)c(C)c1Br,0.135,12.41,Inactive,Inactive
5190,COc1cccc([C@@H]2CC=C(C(=O)O)[C@H](c3cccc(Cl)c3)N2S(=O)(=O)c2ccc(C)cc2)c1,0.135,12.41,Inactive,Inactive
5191,CC(C)(C)Cc1nc(-c2ccccn2)no1,0.135,12.41,Inactive,Inactive
5192,COc1cccc(NC(=O)Cn2c(=O)n(CCCC(=O)NCc3ccco3)c(=O)c3ccccc32)c1,0.135,12.41,Inactive,Inactive
5193,COc1cccc(N=C2SC(C(=O)Nc3ccccc3F)CC(=O)N2C)c1,0.135,12.41,Inactive,Inactive
5194,CC(C)(C)NC(=O)CN(C(=O)CS(=O)CC(=O)Nc1ccc(F)cc1)c1ccc(F)c(Cl)c1,0.135,12.41,Inactive,Inactive
5195,O=S(=O)(Nc1ccncc1Cl)c1ccccc1,0.135,12.41,Inactive,Inactive
5196,O=S(=O)(Nc1ccc(Cl)cn1)c1ccc2c(c1)OCCO2,0.135,12.41,Inactive,Inactive
5197,CC(C)(C)OC(=O)N(Cc1ccccc1)CC(OS(=O)(=O)c1ccc([N+](=O)[O-])cc1[N+](=O)[O-])c1ccccc1,0.135,12.41,Inactive,Inactive
5198,Cc1nn(C)c(C)c1C#Cc1ccc(N2C[C@H](CO)OC2=O)cc1F,0.135,12.41,Inactive,Inactive
5199,COc1ccc2nc(Oc3ccc(C#N)cc3)c(C=O)cc2c1,0.135,12.41,Inactive,Inactive
5200,CC(C)(C)c1cc(NC(=O)COC(=O)c2ccc(Br)o2)n(-c2ccccc2)n1,0.135,12.41,Inactive,Inactive
5201,Cc1nn(CCC#N)c2c1C(c1ccc3c(c1)OCO3)C1=C(CC(C)(C)CC1=O)N2,0.135,12.41,Inactive,Inactive
5202,COc1cccc(/C=N/NC(=O)CO/N=C(\C)c2cccs2)c1OC,0.135,12.41,Inactive,Inactive
5203,CC(C)(C)n1nc2c(c1NC(=O)c1cccs1)CS(=O)C2,0.135,12.41,Inactive,Inactive
5204,COc1cccc(-n2c(CNS(=O)(=O)c3ccc(N)cc3)nc3ccccc3c2=O)c1,0.135,12.41,Inactive,Inactive
5205,Cc1nnc(SCCCn2c(N3CCCCC3)nc3c2c(=O)[nH]c(=O)n3C)s1,0.135,12.41,Inactive,Inactive
5206,Cc1nnc2c3ccccc3c(N3CC(C)CC(C)C3)nn12,0.135,12.41,Inactive,Inactive
5207,COc1ccc2nc(SCC(=O)N(C)C3CCCCC3)c(C#N)cc2c1,0.135,12.41,Inactive,Inactive
5208,CC(=O)N[C@@H](CCCNC(=O)C[C@@H](N)CCCNC(=O)C[C@@H](N)CCCN)CC(=O)N[C@@H]1[C@H](O)[C@@H](O)[C@@H](COC(N)=O)O[C@H]1/N=C1\N[C@@H]2[C@H](O)CNC(=O)[C@H]2N1,0.135,12.41,Inactive,Inactive
5209,C[C@H]1[C@@H](O)O[C@@H]2O[C@@]3(C)CC[C@H]4[C@H](C)CC[C@@H]1[C@@]24OO3,0.135,12.41,Inactive,Active
5210,CC(=O)N[C@@H](CCCNC(=O)C[C@@H](N)CCCN)CC(=O)N[C@@H]1[C@H](O)[C@@H](O)[C@@H](COC(N)=O)O[C@H]1/N=C1\N[C@@H]2[C@H](O)CNC(=O)[C@H]2N1,0.135,12.41,Inactive,Inactive
5211,Cc1ccc(F)cc1S(=O)(=O)N[C@@H]1CCN(Cc2ccc(Br)cc2)C1,0.135,12.41,Inactive,Inactive
5212,Cc1ccc(C(=O)O/N=C/c2ccc(N(C)C)cc2)cc1,0.135,12.41,Inactive,Inactive
5213,Cc1ccc(C(C[N+](=O)[O-])Sc2ccc(N)cc2)cc1,0.135,12.41,Inactive,Active
5214,S=c1[nH]c2c(c(=S)[nH]1)C(c1ccccc1)c1c(ccc3ccccc13)O2,0.135,12.41,Inactive,Inactive
5215,Cc1cc(=O)oc2cc(OCCCCOc3ccc4c(C)cc(=O)oc4c3)ccc12,0.135,12.41,Inactive,Inactive
5216,Cc1ccc(C)n1-c1ccc(C(=O)O)cc1,0.135,12.41,Inactive,Active
5217,S=C(c1c[nH]c2ccccc12)N1CCCC1,0.135,12.41,Inactive,Inactive
5218,Cc1ccc(COC(=O)c2ccc(-c3ccc(O)cc3)cc2)cc1,0.135,12.41,Inactive,Inactive
5219,Cc1cc(/C=N/Nc2ccc([N+](=O)[O-])cn2)c(C)n1-c1cccc(C(=O)O)c1,0.135,12.41,Inactive,Inactive
5220,Cc1ccc(F)cc1S(=O)(=O)N[C@@H]1CCN(Cc2ccc(C(F)(F)F)cc2)C1,0.135,12.41,Inactive,Inactive
5221,Cc1ccc(C(=O)N[C@@H](CN)c2ccccc2)cc1,0.135,12.41,Inactive,Inactive
5222,C=C/C(C)=C/[C@@]1(C)SC(=O)C(C(C)=O)=C1O,0.135,12.41,Inactive,Active
5223,Cc1cc(/C=C\c2ccc3cc(N(C)C)ccc3[n+]2C)c(C)n1-c1ccccc1,0.135,12.41,Inactive,Active
5224,Cc1cc(/C=C/c2ccc3cc(N(C)C)ccc3[n+]2C)c(C)n1-c1ccccc1,0.135,12.41,Inactive,Inactive
5225,Oc1ccc(Cc2nnc3ncc(-c4ccc(F)cc4)nn23)cc1,0.135,12.41,Inactive,Active
5226,C=C/C(C)=C\[C@@]1(C)SC(=O)C(C(C)=O)=C1O,0.135,12.41,Inactive,Active
5227,Cc1ccc(NC(=O)N2CCC(=O)N2)cc1,0.135,12.41,Inactive,Inactive
5228,Cc1ccc(NC(=O)c2c(O)n(-c3ccc(Cl)c(Cl)c3)n(-c3ccc(Cl)c(Cl)c3)c2=O)cc1,0.135,12.41,Inactive,Inactive
5229,C=C1CC(Cn2cc(Br)c(=O)[nH]c2=O)(c2ccc(-c3ccccc3)cc2)OC1=O,0.135,12.41,Inactive,Inactive
5230,Cc1cc(C(=O)O)ccc1-n1c(C)ccc1C,0.135,12.41,Inactive,Active
5231,C/C(CC(=O)Nc1ccc2c(c1)OCO2)=N\NC(=O)C(c1ccccc1)c1ccccc1,0.135,12.41,Inactive,Inactive
5232,O=c1oc2ccc(Cl)cc2n1Cc1ccccc1,0.135,12.41,Inactive,Inactive
5233,C/C(=N\NC(=N)N)c1ccc(-c2ccc(/C(C)=N/NC(=N)N)cc2)cc1,0.135,12.41,Inactive,Inactive
5234,Brc1cc2c(cc1Cc1cc3c(cc1Br)OCO3)OCO2,0.135,12.41,Inactive,Inactive
5235,c1cncc(CSc2ccc(-c3cccs3)nn2)c1,0.135,12.41,Inactive,Inactive
5236,Brc1ccc(-c2nn(-c3ccccc3)cc2-c2nnc(-c3ccccc3)o2)cc1,0.135,12.41,Inactive,Inactive
5237,Cc1cc(N2CCN(C)CC2)nc(SC(C(=O)O)c2ccccc2)n1,0.135,12.41,Inactive,Inactive
5238,c1ccc2[nH]c(SCCN3CCOCC3)nc2c1,0.135,12.41,Inactive,Inactive
5239,Cc1cc(C=C2C(=O)c3ccccc3C2=O)c(C)n1-c1ccc(Cl)cc1,0.135,12.41,Inactive,Inactive
5240,c1ccc(-n2ncc3c(N4CCN(c5ccccn5)CC4)nc(N4CCCCCC4)nc32)cc1,0.135,12.41,Inactive,Inactive
5241,Cc1cc(C)nc(NC(=S)c2ccc(NC(=O)/C=C/C(=O)O)cc2)n1,0.135,12.41,Inactive,Inactive
5242,Cc1ccc(-n2c(CNS(=O)(=O)c3ccc(N)cc3)nc3ccccc3c2=O)cc1,0.135,12.41,Inactive,Inactive
5243,[C-]#[N+][C@@H]1[C@H]2c3c[nH]c4cccc(c34)C(C)(C)[C@H]2C[C@@H](Cl)[C@]1(C)C=C,0.135,12.41,Inactive,Inactive
5244,Cc1ccc(-n2c(O)c(/C=N/c3ncn[nH]3)c3ccccc3c2=O)cc1,0.135,12.41,Inactive,Inactive
5245,Cc1ccc(-n2nnc(C3=NNC(c4ccccc4)C3)c2C)cc1,0.135,12.41,Inactive,Inactive
5246,Cc1ccc(/C=N/NC(=O)c2ccc(-c3nc4ccccc4[nH]3)cc2)cc1,0.135,12.41,Inactive,Inactive
5247,Cc1cc(C)cc(-n2c(C)cc(C=C(C#N)C#N)c2C)c1,0.135,12.41,Inactive,Inactive
5248,[O-]/[N+](=C/c1ccc(F)cc1)c1ccccc1,0.135,12.41,Inactive,Active
5249,Cc1ccc(C(=C2C3C=CC2C2C(=O)NC(=O)C32)c2ccc(C)cc2)cc1,0.135,12.41,Inactive,Inactive
5250,Cc1ccc(C(=O)/C=C/c2cccc(Nc3ccnc4cc(Cl)ccc34)c2)cc1,0.135,12.41,Inactive,Inactive
5251,C/C(=N\NC(=S)N1CCNCC1)c1ccc(Cl)cc1,0.135,12.41,Inactive,Active
5252,Cc1cc(-c2ccc(Br)cc2)n2nc(-n3nc(C)cc3-c3ccc(Br)cc3)cc2n1,0.135,12.41,Inactive,Inactive
5253,Cc1ccc(NC(=S)N/N=C2\C(=O)Nc3c(C)cccc32)cc1,0.135,12.41,Inactive,Inactive
5254,Cc1ccc(NC(C)c2c(O)c3ccccc3oc2=O)cc1,0.135,12.41,Inactive,Active
5255,CC(=Nc1ccc(C)c(C)c1)C1=C(O)CSC1=O,0.135,12.41,Inactive,Inactive
5256,C[n+]1ccc2ccc(-c3ccc(N4C[C@H](CO)OC4=O)cc3F)cc2c1,0.135,12.41,Inactive,Inactive
5257,Cc1ccc2nc(NCc3ccccc3)[nH]c2c1,0.135,12.41,Inactive,Active
5258,C[n+]1c2ccccc2c(Nc2ccccc2)c2oc3ccccc3c21,0.135,12.41,Inactive,Inactive
5259,C[n+]1c2ccccc2c(Nc2cccc(F)c2)c2oc3ccccc3c21,0.135,12.41,Inactive,Inactive
5260,C[n+]1c2ccccc2c(Nc2ccc(F)cc2F)c2oc3ccccc3c21,0.135,12.41,Inactive,Inactive
5261,C[n+]1c2ccccc2c(Nc2ccc(Cl)cc2)c2oc3ccccc3c21,0.135,12.41,Inactive,Inactive
5262,Cc1ccc2oc(=O)n(CC(=O)N/N=C/c3ccc(Br)cc3)c2c1,0.135,12.41,Inactive,Inactive
5263,CC(=NNC(=S)N1CCC1)c1ccccn1,0.135,12.41,Inactive,Active
5264,C[n+]1c(/C=C/c2c[nH]c3ccccc23)cc(N2CCOCC2)c2ccccc21,0.135,12.41,Inactive,Inactive
5265,Cc1ccc(NC2(c3cc(C)c(C)cc3N)C(=O)c3ccccc3C2=O)cc1C,0.135,12.41,Inactive,Inactive
5266,Cc1cccc(C(=O)NC(NCCc2ccccc2)C(Cl)(Cl)Cl)c1,0.135,12.41,Inactive,Inactive
5267,Cc1cccc(C(=O)N[C@@H](CN)c2ccccc2)c1,0.135,12.41,Inactive,Inactive
5268,CC(=O)N(O)c1ccc(C=Cc2ccccc2)cc1,0.135,12.41,Inactive,Inactive
5269,OC(CNCCNc1ccccc1C(F)(F)F)COc1cccc(C(F)(F)F)c1,0.135,12.41,Inactive,Inactive
5270,OC(CNCCNc1ccccc1C(F)(F)F)COc1ccc(C(F)(F)F)cc1,0.135,12.41,Inactive,Inactive
5271,OC(CNCCNc1cccc(C(F)(F)F)c1)COc1ccc(C(F)(F)F)cc1,0.135,12.41,Inactive,Inactive
5272,CC(=O)NC[C@H]1CN(c2ccc(OC3CCN(C(=O)COCc4ccccc4)C3)c(F)c2)C(=O)O1,0.135,12.41,Inactive,Inactive
5273,CC(=O)NNC(=O)c1ccc(-n2c(C)ccc2C)cc1,0.135,12.41,Inactive,Inactive
5274,CC(/C=C/CCCC/C=C/c1oc(=O)c(C)c(O)c1C)=C\C=C\C(C)C(O)C(C)CCc1ccccc1,0.135,12.41,Inactive,Inactive
5275,C=C[C@]1(C)C[C@@H](OC(=O)CSc2cc[n+](CC(=O)N3CCCC3)cc2)[C@]2(C)[C@H](C)CC[C@]3(CCC(=O)[C@H]32)[C@@H](C)[C@@H]1O,0.135,12.41,Inactive,Inactive
5276,Cc1ccc2nc(-c3ccc(N)cc3)sc2c1,0.135,12.41,Inactive,Inactive
5277,Cc1[nH]n(-c2ccccc2)c(=O)c1/C=N/n1c(C)nc2ccccc2c1=O,0.135,12.41,Inactive,Inactive
5278,Cc1c2cc[n+](C)cc2c(C)c2c1[nH]c1ccc(Br)cc12,0.135,12.41,Inactive,Active
5279,C=C1CCC[C@H]2[C@](C)(CC3=C(O)C(=O)C=C(N)C3=O)[C@@H](C)CC[C@]12C,0.135,12.41,Inactive,Inactive
5280,C=C1CCC[C@H]2[C@](C)(CC3=C(O)C(=O)C=C(NC)C3=O)[C@@H](C)CC[C@]12C,0.135,12.41,Inactive,Inactive
5281,C=C1CCC[C@H]2[C@](C)(CC3=C(O)C(=O)C=C(NCC(C)C)C3=O)[C@@H](C)CC[C@]12C,0.135,12.41,Inactive,Inactive
5282,C=C1CCC[C@H]2[C@](C)(CC3=C(O)C(=O)C=C(NCCCSC)C3=O)[C@@H](C)CC[C@]12C,0.135,12.41,Inactive,Inactive
5283,C=C1CCC[C@H]2[C@](C)(CC3=C(O)C(=O)C=C(OCCCC)C3=O)[C@@H](C)CC[C@]12C,0.135,12.41,Inactive,Inactive
5284,Cc1c(CNC(=O)c2ccc(C(F)(F)F)cc2)sc2ccccc12,0.135,12.41,Inactive,Inactive
5285,C=CCC(=O)Nc1cccnc1C(=O)Nc1nccs1,0.135,12.41,Inactive,Inactive
5286,Cc1c(C)n(C)c2ccc(C(=O)NCc3cccs3)cc12,0.135,12.41,Inactive,Inactive
5287,Cc1ccc(S(=O)(=O)N(CC(=O)N/N=C/c2ccccc2C(=O)O)c2cc(Cl)cc(Cl)c2)cc1,0.135,12.41,Inactive,Inactive
5288,Cc1ccc(S(=O)(=O)N2CCC(C(=O)N=Nc3c(O)[nH]c4ccccc34)CC2)cc1,0.135,12.41,Inactive,Inactive
5289,Cc1c(C(=O)NN)sc(C(=O)NNCc2nc3ccccc3[nH]2)c1C,0.135,12.41,Inactive,Inactive
5290,C=CCOc1ccc2ccccc2c1/C=N/NC(=O)CCn1c(C)nc2ccccc21,0.135,12.41,Inactive,Inactive
5291,Cc1ccc(S(=O)(=O)O)c(C)c1N1CCCC1=O,0.135,12.41,Inactive,Inactive
5292,C=CCn1c(NC(C)c2cc(Cl)ccc2O)nc2ccccc21,0.135,12.41,Inactive,Active
5293,Cc1ccc2[nH]c(=O)c(CN(CCO)C(=O)Nc3ccccc3F)cc2c1,0.135,12.41,Inactive,Active
5294,Cc1[nH]n(-c2ccccc2)c(=O)c1C(=O)c1cc2ccccc2o1,0.135,12.41,Inactive,Inactive
5295,Clc1ccc2c(c1)cc(-c1nc3cc(Br)ccc3[nH]1)c1nnnn12,0.135,12.41,Inactive,Inactive
5296,CCOC(=O)C1=C(c2ccccc2)Nc2ncnn2C1c1ccncc1,0.135,12.41,Inactive,Inactive
5297,Cn1nc(-c2ccc(C(=O)Nc3cccc(Cl)c3)cc2)c2ccccc2c1=O,0.135,12.41,Inactive,Inactive
5298,Cn1c(=O)cc(OCC(=O)NCc2cccs2)c2ccccc21,0.135,12.41,Inactive,Inactive
5299,O=C1CCc2ccccc2O1,0.135,12.41,Inactive,Inactive
5300,Cn1c(=O)c2c(ncn2CC(=O)OCC(=O)Nc2ccccc2Cl)n(C)c1=O,0.135,12.41,Inactive,Inactive
5301,Cn1nnnc1SCC(=O)c1ccc(Br)s1,0.135,12.41,Inactive,Inactive
5302,Cn1ccsc1=NC(=O)c1cccnc1,0.135,12.41,Inactive,Inactive
5303,Fc1ccc(-c2nn(-c3ccccc3)cc2-c2nnc(-c3ccccc3)o2)cc1,0.135,12.41,Inactive,Inactive
5304,CC(C)Cn1cnc2sc3c(c2c1=N)CCCC3,0.135,12.41,Inactive,Inactive
5305,O=C1COc2ccc(C(=O)CSc3nnc(Cc4cccs4)n3Cc3ccco3)cc2N1,0.135,12.41,Inactive,Inactive
5306,COc1ccc(NC(=O)c2oc3cc4occ(C)c4cc3c2C)cc1,0.135,12.41,Inactive,Inactive
5307,COc1ccc(Nc2c3ccccc3[n+](C)c3c2oc2ccccc23)cc1,0.135,12.41,Inactive,Inactive
5308,CC(C)C[C@H]1NC(=O)[C@H](CCCCN)NC(=O)[C@H](C(C)C)NC(=O)[C@H](CCCCN)NC(=O)[C@@H]2CCCN2C(=O)[C@@H](Cc2ccc(O)cc2)NC(=O)[C@H](CCCCN)NC(=O)[C@H](CCCCN)NC(=O)[C@H](C(C)C)NC(=O)[C@@H]2CCCN2C(=O)[C@@H](Cc2ccc(O)cc2)NC1=O,0.135,12.41,Inactive,Inactive
5309,O=C1CC(c2ccc(S(=O)(=O)NCc3ccncc3)cc2)CN1,0.135,12.41,Inactive,Active
5310,FC(F)(F)c1ccc2c(c1)C1C=CCC1C(c1ccncc1)N2,0.135,12.41,Inactive,Inactive
5311,FC(F)(F)c1ccc(NC2=NCCC2)cc1,0.135,12.41,Inactive,Inactive
5312,Cn1c(N)c(C(=O)COC(=O)CSc2ccc(Cl)cc2)c(=O)n(C)c1=O,0.135,12.41,Inactive,Inactive
5313,Cn1c(=O)n(CCOC(=O)CNC(=O)c2cccs2)c(=O)c2ccccc21,0.135,12.41,Inactive,Inactive
5314,O=C1CC(c2ccc(N3CCCCC3)cc2)Oc2cc(O)ccc21,0.135,12.41,Inactive,Inactive
5315,O=C1CSC(c2ccccc2[N+](=O)[O-])N1c1nc(Nc2ccccc2[N+](=O)[O-])nc(Nc2ccccc2[N+](=O)[O-])n1,0.135,12.41,Inactive,Active
5316,O=C1Nc2c(I)cccc2/C1=N/NC(=S)Nc1ccc(F)cc1,0.135,12.41,Inactive,Inactive
5317,CC(C)[N+](C)(CCOC(=O)C1c2ccccc2Oc2ccccc21)C(C)C,0.135,12.41,Inactive,Inactive
5318,COc1ccc(Nc2nc3ccccc3nc2NS(=O)(=O)c2cccs2)c(OC)c1,0.135,12.41,Inactive,Active
5319,CC(C)CCC[C@@H](C)[C@H]1CC[C@H]2[C@@H]3/C(=N/NC(=S)NC4CCCCC4)C=C4C[C@@H](Cl)CC[C@]4(C)[C@H]3CC[C@]12C,0.135,12.41,Inactive,Inactive
5320,N#CC(C(=O)C12CC3CC(CC(C3)C1)C2)c1nc2ccccc2[nH]1,0.135,12.41,Inactive,Inactive
5321,O=C1OCCC1n1cc(-c2ccccc2)nn1,0.135,12.41,Inactive,Inactive
5322,Fc1ccc(CN2CCN(c3ncnc4scc(-c5ccc(F)cc5)c34)CC2)cc1,0.135,12.41,Inactive,Inactive
5323,O=C1Nc2c(Cl)cccc2/C1=N/NC(=S)Nc1cccc(Cl)c1,0.135,12.41,Inactive,Inactive
5324,O=C1CSC(c2cccs2)N1c1ccc(Cl)cc1O,0.135,12.41,Inactive,Inactive
5325,Cn1c(/C=C2\S/C(=N/c3nc(-c4ccccc4)cs3)NC2=O)ccc1[N+](=O)[O-],0.135,12.41,Inactive,Inactive
5326,O=C1Nc2c(Cl)cccc2/C1=N/NC(=S)Nc1ccccc1,0.135,12.41,Inactive,Inactive
5327,CCCCCCCCCCCCCCCCn1cc(CNS(=O)(=O)c2ccc(N)cc2)nn1,0.1294,11.93,Inactive,Inactive
5328,COC(=O)c1c(/C=C/c2ccc(C(F)(F)F)cc2)cc(OC)c(CC=C(C)C)c1O,0.1292,11.92,Inactive,Inactive
5329,COC(=O)c1c(-c2ccccc2)csc1NC1=NS(=O)(=O)c2ccccc21,0.1292,11.92,Inactive,Inactive
5330,CCOC(=O)c1ccc(NC(=O)C(C)Sc2nc(O)c(-c3ccccc3)c(=O)[nH]2)cc1,0.1292,11.92,Inactive,Inactive
5331,C/C(=N\N=C1/SCC(=O)N1CN1C(=O)c2ccccc2C1=O)c1ccccn1,0.1292,11.92,Inactive,Inactive
5332,O=C(COC(=O)Cc1ccsc1)Nc1ccc(F)cc1Cl,0.1292,11.92,Inactive,Inactive
5333,CCOC(=O)C1(C(C)=O)C(c2ccc(N(C)C)cc2)N1c1ccc(/N=N/c2cccc(O)c2)cc1,0.1292,11.92,Inactive,Active
5334,N#Cc1ccc(Oc2nc3ccc(Cl)cc3cc2C=O)cc1,0.1292,11.92,Inactive,Inactive
5335,COc1ccccc1-n1c(CNS(=O)(=O)c2ccc(NC(C)=O)cc2)nc2ccccc2c1=O,0.1292,11.92,Inactive,Inactive
5336,CCC(C)c1ccc(NC(=S)NC(=O)c2cnn(C)c2)cc1,0.1292,11.92,Inactive,Inactive
5337,CCN(CC)c1nccc(-n2cncn2)n1,0.1292,11.92,Inactive,Inactive
5338,CC(C)=CC(=O)Nc1nnc(-c2ccccc2)s1,0.1292,11.92,Inactive,Inactive
5339,COc1ccccc1CCNC(=O)c1cc(-c2ccncc2)nc2ccc(Br)cc12,0.1292,11.92,Inactive,Inactive
5340,O=C(c1cncc(Br)c1)N1CCC(N2CCCC2)CC1,0.1292,11.92,Inactive,Active
5341,COc1cc(C(C)=O)ccc1OCC(O)CNCC1(N2CCCCC2)CCCCC1,0.1292,11.92,Inactive,Inactive
5342,COc1ccc(NC(=O)ON=C2c3ccccc3-c3ccccc32)cc1,0.1292,11.92,Inactive,Inactive
5343,Cc1coc2cc3oc(C(=O)Nc4ccc(Cl)cc4)c(C)c3cc12,0.1292,11.92,Inactive,Inactive
5344,S=c1n(CN2CCOCC2)nc(Cc2ccccc2Nc2c(Cl)cccc2Cl)n1/N=C/c1cccs1,0.1292,11.92,Inactive,Inactive
5345,COC(=O)c1cc2ccsc2n1CC(=O)N(C)c1ccccc1,0.1292,11.92,Inactive,Inactive
5346,CC1=C(C(=O)O)N2C(=O)[C@@H](NC(=O)COc3ccccc3)[C@H]2SC1=O,0.1292,11.92,Inactive,Inactive
5347,CC(=O)OC[C@H]1OC(OC(C)=O)[C@H](NC(=O)c2cn(C3CC3)c3cc(N4CCN(C(C)=O)CC4)c(F)cc3c2=O)[C@@H](OC(C)=O)[C@@H]1OC(C)=O,0.1292,11.92,Inactive,Inactive
5348,O=C(O)c1ccc(N/C(S)=N\c2ccccc2/N=C(/S)Nc2ccc(C(=O)O)cc2)cc1,0.1292,11.92,Inactive,Inactive
5349,CCN(CC)C(=O)c1ccc(-c2ccccc2)cc1,0.1292,11.92,Inactive,Inactive
5350,N/C(=N\OC(=O)N1CCOCC1)c1ccccc1,0.1292,11.92,Inactive,Inactive
5351,Cc1ccccc1Nc1c2ccccc2[n+](C)c2c1oc1ccccc12,0.1292,11.92,Inactive,Inactive
5352,NCC[C@@H]1NC(=O)CCNC(=O)c2cc(NC(=O)c3cnccn3)ccc2OC[C@@H](Cc2ccc(O)cc2)NC1=O,0.1292,11.92,Inactive,Inactive
5353,CC(C)C[C@@H]1NC(=O)[C@H](CCC(N)=O)NC(=O)[C@H](C(C)C)NC(=O)[C@@H]2CCCN2C(=O)[C@@H](Cc2c[nH]c3ccccc23)NC(=O)[C@H](CC(C)C)NC(=O)[C@H](CCC(N)=O)NC(=O)[C@H](C(C)C)NC(=O)[C@@H]2CCCN2C(=O)[C@@H](Cc2c[nH]c3ccccc23)NC1=O,0.1292,11.92,Inactive,Inactive
5354,CC(C)c1cc(O)n2c(n1)nc1ccccc12,0.1292,11.92,Inactive,Inactive
5355,O=C(CSc1cn(CCNC(=O)c2cccc(C(F)(F)F)c2)c2ccccc12)Nc1ccc2c(c1)OCCO2,0.1292,11.92,Inactive,Active
5356,COC1(C)CN(c2c(F)cc(N3C[C@H](CNC(C)=O)OC3=O)cc2F)C1,0.1292,11.92,Inactive,Inactive
5357,COc1cc2cc(CN(Cc3cccs3)C(=S)Nc3ccccc3)c(=O)[nH]c2cc1OC,0.1292,11.92,Inactive,Inactive
5358,CC1=C(/C=C/C(=O)/C=C/c2ccccc2Cl)C(C)(C)CCC1,0.1292,11.92,Inactive,Active
5359,CC1(C)CC(=O)C2=C(C1)N(c1cccc(C(F)(F)F)c1)C(N)=C(C#N)C2c1cc2ccccc2nc1Oc1ccc(C#N)cc1,0.1292,11.92,Inactive,Inactive
5360,CC1(C)CCC[C@]2(C)[C@H]3CC/C(=C\OS(=O)(=O)O)[C@H](CCC4=CC(=O)N(CCS(=O)(=O)O)C4)[C@@]3(C)CC[C@@H]12,0.1292,11.92,Inactive,Inactive
5361,Cc1ccc2c(c1)cc(-c1nc3cc(Cl)ccc3[nH]1)c1nnnn12,0.1292,11.92,Inactive,Inactive
5362,Cc1cc2c([nH]c3ccc4c(c32)C=CC(C)(C)O4)c2c1OC(C)(C)C=C2,0.1292,11.92,Inactive,Inactive
5363,OC(CNCCNc1ccccc1C(F)(F)F)COc1ccccc1C(F)(F)F,0.1292,11.92,Inactive,Inactive
5364,COc1ccc(C(=O)N2CCCC(CNC(=O)c3ccccc3Cl)C2)o1,0.1292,11.92,Inactive,Inactive
5365,Cc1ccc2[nH]c(=O)c(CN(Cc3cccs3)C(=S)NCC3CCCO3)cc2c1,0.1292,11.92,Inactive,Inactive
5366,Nc1nc(-c2ccc(NC(=O)c3ccccc3)cc2)c(/N=N/c2ccc(Cl)cc2)s1,0.1292,11.92,Inactive,Active
5367,Cc1cc(Cl)ccc1-c1cccc(COc2ccc(F)c(C(N)=O)c2F)c1,0.1292,11.92,Inactive,Inactive
5368,COc1ccc(-c2cc(=O)n(-c3cccc(Cl)c3)c(N3CCCC3)c2/N=N/c2cc(Cl)ccc2Cl)cc1,0.1292,11.92,Inactive,Inactive
5369,CCCCn1c(NS(=O)(=O)c2ccccc2)c(S(=O)(=O)c2ccc(C)cc2)c2nc3ccccc3nc21,0.1292,11.92,Inactive,Active
5370,OC(CNCCSc1ccccc1C(F)(F)F)CSc1ccc(C(F)(F)F)cc1,0.1292,11.92,Inactive,Inactive
5371,COc1ccc(-c2cc(N3CCCC3)n(-c3cccc(Cl)c3)c(=O)c2CN2CCCC2)cc1,0.1292,11.92,Inactive,Inactive
5372,CC1(C)CC(=O)C2=C(C1)Nc1nc(N/N=C\c3ccccc3)[nH]c(=O)c1C2c1ccc([N+](=O)[O-])cc1,0.1292,11.92,Inactive,Inactive
5373,Cc1c(N=Cc2c(O)n(Cc3ccccc3)c(=O)[nH]c2=O)c(=O)n(-c2ccccc2)n1C,0.1292,11.92,Inactive,Inactive
5374,COc1ccc(N2CSC3=C(C#N)C(c4ccc(OC)c(OC)c4)CC(=O)N3C2)c(OC)c1,0.1292,11.92,Inactive,Active
5375,O=C(CCC(=O)Nc1cccc2ncccc12)NCCCNCCCCCCCCCCNCCCNC(=O)CCC(=O)Nc1cccc2ncccc12,0.1288,11.88,Inactive,Inactive
5376,O=C1CCc2c(cccc2NC(=O)Cn2ccnc2)N1,0.1288,11.88,Inactive,Inactive
5377,Cc1cc(/C=c2/sc3nc4ccccc4n3c2=O)c(C)n1-c1ccccn1,0.1288,11.88,Inactive,Inactive
5378,CC(=O)NC[C@H]1CN(c2ccc(N3CCN(C(=O)C4CC(c5ccccn5)=NO4)CC3)c(F)c2)C(=O)O1,0.1288,11.88,Inactive,Inactive
5379,C=C(CCO)C(=O)O[C@H]1C[C@]2(C)C([C@H]3OC(=O)[C@H](C)[C@H]13)[C@@H](C=O)CC[C@H]2O,0.1288,11.88,Inactive,Active
5380,CCn1cc(-c2csc(N)n2)c(=O)c2cc(F)c(N3CCN(C/C(=N/OC)c4ccc(F)cc4)CC3)cc21,0.1288,11.88,Inactive,Inactive
5381,CC(=O)[C@H]1[C@H](C#N)C[C@H]2[C@@H]3CC=C4C[C@@H](O)CC[C@]4(C)[C@H]3CC[C@@]21C,0.1288,11.88,Inactive,Inactive
5382,C=C(CCO)C(=O)O[C@H]1C[C@]2(C)C([C@H](C=O)CC[C@H]2O)[C@H]2OC(=O)[C@H](C)[C@H]12,0.1288,11.88,Inactive,Active
5383,COc1ccc(NC(=O)CC2Sc3ncnn3C2=O)cc1,0.1288,11.88,Inactive,Inactive
5384,Fc1ccc(CN(CCn2cncn2)CCn2cncn2)c(F)c1,0.1288,11.88,Inactive,Inactive
5385,COc1ccccc1NC(=S)N/N=C1\C(=O)Nc2c(Br)cccc21,0.1288,11.88,Inactive,Inactive
5386,O=C(Nc1ccc(Cl)cc1)N1CCCN(Cc2ccccc2)C1,0.1288,11.88,Inactive,Inactive
5387,O=C(CCl)Nn1cnnc1,0.1288,11.88,Inactive,Inactive
5388,CCc1oc(OC)c(Cc2c(O)c3c(c(C(=O)[C@@H](C)CC)c2O)OC(C)(C)C=C3)c(=O)c1C,0.1288,11.88,Inactive,Inactive
5389,CCn1c(=O)c2cc(C(=O)N(Cc3ccco3)C3CCCCC3)sc2c2ccccc21,0.1288,11.88,Inactive,Inactive
5390,CCCC[n+]1cccc(-c2nc(-c3ccccc3)c3c(=O)[nH]c4ccccc4n23)c1,0.1288,11.88,Inactive,Inactive
5391,CO[C@@H](C[C@@H](C)[C@@H](O)/C=C/C=C/CNC(=O)C(C)(C)[C@H](O)/C(C)=C/C=C/C=C/C(C)=C(\C)[N+](=O)[O-])[C@]1(O)[C@@H](C)C(=O)N(C)[C@]12C(=O)O[C@@H]2C,0.1288,11.88,Inactive,Inactive
5392,CCN(CC)CCN=Cc1c(O)n(Cc2ccccc2)c(=O)[nH]c1=O,0.1288,11.88,Inactive,Inactive
5393,COc1c(Br)c(O)c(Br)c2c1C(=O)OC(C)CCCCCCC2,0.1288,11.88,Inactive,Inactive
5394,CCN1C(=NCC(C)C)N[C@@H](c2cccc(C(F)(F)F)c2)C(C(=O)OC)=C1C,0.1288,11.88,Inactive,Inactive
5395,Cc1cccc(C(=O)Nc2nnc(Cc3c[nH]c4ccccc34)s2)c1,0.1288,11.88,Inactive,Inactive
5396,NNc1nc2c(-c3cccc(C(F)(F)F)c3)nnn2c2ccccc12,0.1288,11.88,Inactive,Inactive
5397,CC(C(=O)c1ccccc1)S(=O)(=O)c1ccccc1,0.1288,11.88,Inactive,Inactive
5398,O=C(O)c1ccc(-n2cccc2/C=C2/SC(=O)N(CC(=O)N3CCCC3)C2=O)cc1,0.1288,11.88,Inactive,Active
5399,COc1c(O)cc2c(OC)c3c(c(O)c2c1O)C(=O)CC1CC(O)(C2CN2)CC(=O)C31O,0.1288,11.88,Inactive,Inactive
5400,OC1CCCc2nc(Nc3ccc(Cl)cn3)sc21,0.1288,11.88,Inactive,Inactive
5401,COc1ccc(Nc2ncnc3sccc23)cc1OC,0.1288,11.88,Inactive,Inactive
5402,O=C(CN1CCN(c2ncc(C(F)(F)F)cc2Cl)CC1)NCCNc1ncc(C(F)(F)F)cc1Cl,0.1288,11.88,Inactive,Inactive
5403,CC(=O)c1ccc(Nc2nc3ccc(C)cc3n3c(NC(=O)c4ccccc4)nnc23)cc1,0.1288,11.88,Inactive,Inactive
5404,COC(=O)c1cccc(-n2c(C)cc(C=O)c2C)c1C,0.1288,11.88,Inactive,Inactive
5405,O=C(CN1C(=O)c2ccccc2S1(=O)=O)NC1CCCC1,0.1288,11.88,Inactive,Inactive
5406,CC(=O)N1CCC(N(CCN2CCOCC2)C(=S)Nc2cccc(C)c2C)CC1,0.1288,11.88,Inactive,Inactive
5407,Nc1nc(-c2ccc(NC(=O)c3ccccc3)cc2)c(/N=N/c2cccc([N+](=O)[O-])c2)s1,0.1288,11.88,Inactive,Active
5408,Cc1nc2cc(-c3ccc(F)cc3)ccc2c(=O)n1-c1cccc(Cl)c1,0.1288,11.88,Inactive,Inactive
5409,O=C(Nc1ccc(Br)cc1)N1CCCN(Cc2ccccc2F)C1,0.1288,11.88,Inactive,Inactive
5410,Nc1nc(-c2ccc(NC(=O)c3ccccc3)cc2)c(/N=N/c2cccc(Cl)c2)s1,0.1288,11.88,Inactive,Active
5411,S=C(Nc1ccccc1)Nc1ccccc1/N=C/c1ccc(Br)cc1,0.1288,11.88,Inactive,Inactive
5412,CO[C@@H](C[C@@H](C)[C@@H](O)/C=C/C=C/CNC(=O)C(C)(C)[C@H](O)/C(C)=C\C=C\C=C\C(C)=C(/C)[N+](=O)[O-])[C@]1(O)[C@@H](C)C(=O)N(C)[C@]12C(=O)O[C@@H]2C,0.1288,11.88,Inactive,Inactive
5413,Cc1ccc2oc(=O)n(CC(=O)NN)c2c1,0.1288,11.88,Inactive,Inactive
5414,O=C(CCC(=O)Nc1cccc2cccnc12)NCCCNCCCCNCCCNC(=O)CCC(=O)Nc1cccc2cccnc12,0.1288,11.88,Inactive,Inactive
5415,C=C1C[C@]23C[C@H]1CC[C@H]2[C@@]12CC[C@H](O)[C@@](C)(C(=O)O1)[C@H]2[C@@H]3C(=O)O,0.1288,11.88,Inactive,Active
5416,COc1ccc(C2=NN(C(=O)CSc3cn(C)c4ccccc34)C(c3ccc(OC)cc3)C2)cc1,0.1288,11.88,Inactive,Inactive
5417,CC[C@@]12CCCN3C(=O)C=C(c4ccccc4NC(=O)CC1)[C@]32O,0.1288,11.88,Inactive,Inactive
5418,Nc1ccc(S(=O)(=O)NCc2nc3ccccc3c(=O)n2-c2ccccc2Br)cc1,0.1288,11.88,Inactive,Inactive
5419,CC(C)(C)C(=O)Nc1cccnc1C(=O)Nc1nccs1,0.1288,11.88,Inactive,Active
5420,CCCCCCCCn1cc(CNS(=O)(=O)c2ccc(N)cc2)nn1,0.1288,11.88,Inactive,Inactive
5421,N#Cc1ccc(Oc2nc3ccccc3cc2C=O)cc1,0.1288,11.88,Inactive,Inactive
5422,CC(=O)Nc1ccc(S(=O)(=O)NCc2nc3ccccc3c(=O)n2-c2ccccc2Cl)cc1,0.1288,11.88,Inactive,Inactive
5423,CCc1c(C)c(C#N)c2nc3ccccc3n2c1N1CCCC1,0.1288,11.88,Inactive,Inactive
5424,CCCCCCn1cc(CNS(=O)(=O)c2ccc(N)cc2)nn1,0.1288,11.88,Inactive,Inactive
5425,Cc1c(NCc2nnc(COc3ccccc3)o2)c(=O)n(-c2ccccc2)n1C,0.1288,11.88,Inactive,Inactive
5426,Cc1ccc2[nH]c(-c3cc4cc(Cl)ccc4n4nnnc34)nc2c1,0.1288,11.88,Inactive,Inactive
5427,O=c1c2ccccc2oc2ccc(NCCCn3ccnc3)cc12,0.1288,11.88,Inactive,Active
5428,O=C(/C=C/c1ccc([N+](=O)[O-])cc1)c1cc2c(ccc3ccccc32)oc1=O,0.1288,11.88,Inactive,Inactive
5429,CC[C@@H]1[C@@H](C)O[C@@](OC)([C@@H](C)[C@H](O)[C@H](C)[C@H]2OC(=O)/C=C/C=C/[C@H](C)[C@@H]([C@@H](C)[C@@H](O)[C@H](C)[C@@]3(O)C[C@@H](O[C@H]4C[C@H](O)[C@H](O)[C@H](C)O4)[C@H](CC)[C@@H](C)O3)OC(=O)/C=C/C=C/[C@@H]2C)C[C@H]1O[C@H]1C[C@H](O)[C@H](O)[C@H](C)O1,0.1288,11.88,Inactive,Inactive
5430,COC(=O)/C=C1\SC2C(NC(=O)Cc3cccs3)C(=O)N2C(C(=O)O)=C1COC(C)=O,0.1288,11.88,Inactive,Inactive
5431,Cc1ccccc1OCC(=O)N/N=C/c1ccco1,0.1288,11.88,Inactive,Inactive
5432,CC[C@@H]1[C@@H](C)O[C@@](O)([C@@H](C)[C@H](O)[C@H](C)[C@H]2OC(=O)/C=C/C=C/[C@H](C)[C@@H]([C@@H](C)[C@@H](O)[C@H](C)[C@@]3(O)C[C@@H](O[C@H]4C[C@H](O)[C@H](O)[C@H](C)O4)[C@H](C)[C@@H](C)O3)OC(=O)/C=C/C=C/[C@@H]2C)C[C@H]1O[C@H]1C[C@H](O)[C@H](O)[C@H](C)O1,0.1288,11.88,Inactive,Inactive
5433,CCN(C(=O)CSc1nnc(SC(C)C)s1)C1CCS(=O)(=O)C1,0.1288,11.88,Inactive,Inactive
5434,O=C(Oc1ccc(N(Cc2cccs2)C2=NS(=O)(=O)c3ccccc32)cc1)c1ccc(Cl)cc1,0.1288,11.88,Inactive,Inactive
5435,O=C(Nc1cccc([N+](=O)[O-])c1)c1cnccn1,0.1288,11.88,Inactive,Inactive
5436,Cc1ccc(S(=O)(=O)N(CCCO)Cc2cc3c(C)ccc(C)c3[nH]c2=O)cc1,0.1288,11.88,Inactive,Inactive
5437,FC(F)(F)c1cc(C(F)(F)F)n2nc(-c3sccc3-n3cccc3)cc2n1,0.1288,11.88,Inactive,Inactive
5438,Nc1ccc(S(=O)(=O)NCc2nc3ccccc3c(=O)n2-c2ccccc2Cl)cc1,0.1288,11.88,Inactive,Inactive
5439,Cn1cccc1/C=N/NC(=O)Cn1cnc2ccccc21,0.1288,11.88,Inactive,Inactive
5440,COC(=O)c1ccc(NC(=O)c2ccc3[nH]ccc3c2)cc1,0.1288,11.88,Inactive,Inactive
5441,CN(c1ncc(C(F)(F)F)cc1Cl)N1C(=O)C2ONC3(C(=O)CC(C)(C)CC3=O)C2C1=O,0.1288,11.88,Inactive,Inactive
5442,Cc1cc(/C=C(\C#N)C(=O)NCc2ccco2)c(C)[nH]1,0.1288,11.88,Inactive,Inactive
5443,COc1ccccc1OCc1ccc(C(C)(C)NC(=O)c2ccc([N+](=O)[O-])o2)cc1,0.1288,11.88,Inactive,Inactive
5444,O=C(Nc1ccc(Cl)cc1)c1cccs1,0.1288,11.88,Inactive,Inactive
5445,CCN(CC)C(=O)c1ccc(Sc2ccc(C(=O)c3ccccc3C(=O)O)cc2[N+](=O)[O-])c([N+](=O)[O-])c1,0.1288,11.88,Inactive,Inactive
5446,CC(=O)NC[C@H]1CN(c2ccc(OC3CCN(C(=O)COCc4ccccc4)CC3)c(F)c2)C(=O)O1,0.1288,11.88,Inactive,Inactive
5447,OCCN(CCO)c1ccnc(-n2ccnc2-c2ccccc2)n1,0.1288,11.88,Inactive,Inactive
5448,O=C(CC1(CC(=O)c2ccc(F)cc2F)C(=O)N(c2ccc(Cl)cc2)N(c2ccc(Cl)cc2)C1=O)c1ccc(F)cc1F,0.1288,11.88,Inactive,Inactive
5449,COc1ccc(NS(=O)(=O)c2ccc3c4c(cccc24)C(=O)S3)cc1,0.1288,11.88,Inactive,Inactive
5450,O=c1oc(-c2cccc(C(F)(F)F)c2)nn1-c1ccc(C(F)(F)F)cn1,0.1288,11.88,Inactive,Inactive
5451,Nc1cccc(Sc2ccc(C(=O)c3ccccc3C(=O)O)cc2[N+](=O)[O-])c1,0.1288,11.88,Inactive,Inactive
5452,O=c1[nH]cnc2c1C(c1ccccc1)c1ccc3cccnc3c1O2,0.1288,11.88,Inactive,Inactive
5453,O=C(Nc1ccc(F)cc1)c1nn(-c2ccccc2)c(=O)cc1Cl,0.1288,11.88,Inactive,Inactive
5454,CCc1ccccc1/N=C1\S/C(=C/c2ccc(OCC(=O)O)c(OC)c2)C(=O)N1c1ccccc1CC,0.1288,11.88,Inactive,Inactive
5455,C=C1C(=O)Oc2cc(OC)ccc2C1CCCC,0.1288,11.88,Inactive,Inactive
5456,CCc1ccc2c(c1)C(c1ccc([N+](=O)[O-])cc1)=NNC(c1ccccc1)=N2,0.1288,11.88,Inactive,Inactive
5457,Cc1cn(Cc2ccccc2)c(=O)[nH]c1=O,0.1288,11.88,Inactive,Inactive
5458,Cc1cn(C[C@H]2CN(c3ccc(N4CCN(C(=O)CNC(=O)c5cccs5)CC4)c(F)c3)C(=O)O2)nn1,0.1288,11.88,Inactive,Inactive
5459,O=C(/C=C/c1cccc(O)c1)c1cc2c(ccc3ccccc32)oc1=O,0.1288,11.88,Inactive,Inactive
5460,COC(=O)c1c(NC(=O)Cc2cccs2)sc2c1CCCC2,0.1288,11.88,Inactive,Inactive
5461,O=C1CSC(=S)N1Cc1nnc(-c2ccccc2F)o1,0.1288,11.88,Inactive,Inactive
5462,Cc1cccn2cc(-c3ccc4c(c3)NC(=O)CO4)nc12,0.1288,11.88,Inactive,Inactive
5463,O=C1NN=C(COc2ccccc2)C1Oc1ccccc1,0.1288,11.88,Inactive,Inactive
5464,NCC[C@@H]1NC(=O)CCNC(=O)c2cc(NC(=O)Cn3cnc4c(N)ncnc43)ccc2OC[C@@H](Cc2ccc(O)cc2)NC1=O,0.1288,11.88,Inactive,Inactive
5465,O=C(O)c1ccc(NC2CCN(S(=O)(=O)c3cccc4ccccc34)CC2)cc1,0.1288,11.88,Inactive,Inactive
5466,COc1ccc2oc(C(=O)OCc3ccc(OC)c(F)c3)c(C)c2c1,0.1288,11.88,Inactive,Inactive
5467,O=C(Cn1cncn1)c1ccc(Cl)c(Cl)c1,0.1288,11.88,Inactive,Inactive
5468,Cc1ccc(C(=O)CC2OC(=O)c3ccccc32)o1,0.1288,11.88,Inactive,Inactive
5469,COc1cc(C=C2C(=O)NC(=S)NC2=O)cc(OC)c1OC,0.1288,11.88,Inactive,Inactive
5470,COc1ccc(-c2cc(=O)n(-c3cccc(Cl)c3)c(N3CCCC3)c2/N=N/c2ccccc2)cc1,0.1288,11.88,Inactive,Inactive
5471,CCCC(=O)c1nnc2c(C(N)=O)nnn2c1CCC,0.1288,11.88,Inactive,Inactive
5472,Cc1nn(-c2ccccc2)c(Oc2c(Cl)cccc2Cl)c1/C=C1\SC(=S)N([C@@H](Cc2c[nH]c3ccccc23)C(=O)O)C1=O,0.1288,11.88,Inactive,Inactive
5473,O=C(NCCc1ccccc1)Oc1ccc(Cl)cc1C(=O)Nc1ccc(Br)cc1,0.1288,11.88,Inactive,Inactive
5474,O=C(NC(=S)Nc1nc(-c2ccccc2)cs1)c1cncc(Br)c1,0.1288,11.88,Inactive,Inactive
5475,O=S(=O)(Nc1ccc(Cc2ccncc2)cc1)c1ccc(Br)s1,0.1288,11.88,Inactive,Inactive
5476,COc1cc(O)c2c(c1C)C(=O)CCCCC/C(S)=N/[C@H](c1nc(N)no1)CSC2,0.1288,11.88,Inactive,Inactive
5477,COc1ccc(OC)c(NC(=O)C2C3C=CC(C3)C2C(=O)NCc2cccnc2)c1,0.1288,11.88,Inactive,Inactive
5478,CC(C)C[C@@H]1NC(=O)[C@H](CCCN)NC(=O)[C@H](C(C)C)NC(=O)[C@@H]2CCCN2C(=O)/C(=C/c2cccnc2)NC(=O)[C@H](CC(C)C)NC(=O)[C@H](CCCN)NC(=O)[C@H](C(C)C)NC(=O)[C@@H]2CCCN2C(=O)/C(=C/c2cccnc2)NC1=O,0.1288,11.88,Inactive,Inactive
5479,O=C(NCc1ccccc1)NC(=O)c1ccc(-n2nc(C(=O)NC(=O)NCc3ccccc3)c(C(=O)c3ccccc3)c2-c2ccccc2)cc1,0.1288,11.88,Inactive,Inactive
5480,COc1ccc(/C=C2\SC(N)=NC2=O)cc1Br,0.1288,11.88,Inactive,Inactive
5481,O=C(NNc1ccc(Cl)cc1)c1ccc(F)cn1,0.1288,11.88,Inactive,Inactive
5482,CCOC(=O)c1cccc(C(=O)Nc2cccc(NC(=O)c3cccc(C(=O)OCC)n3)n2)n1,0.1288,11.88,Inactive,Inactive
5483,CCNC(=O)Nc1nc2cc(-c3cccnc3)cc(-c3cnccn3)n2n1,0.1288,11.88,Inactive,Inactive
5484,CC(C)C[C@@H]1NC(=O)[C@H](CCCCN)NC(=O)[C@H](C(C)C)NC(=O)[C@@H]2CCCN2C(=O)[C@H](Cc2ccc(O)cc2)NC(=O)[C@H](CC(C)C)NC(=O)[C@H](CCCCN)NC(=O)[C@H](C(C)C)NC(=O)[C@@H]2CCCN2C(=O)[C@@H](Cc2ccc(O)cc2)NC(=O)[C@H](CCCCN)NC1=O,0.1288,11.88,Inactive,Inactive
5485,COc1cc(O)c2c(c1Br)C(=O)OCCCCC(=O)N[C@H](c1nc(C)no1)CSC2,0.1288,11.88,Inactive,Inactive
5486,O=C(NC1CCCCC1)n1c(=O)oc2ccc(Cl)cc21,0.1288,11.88,Inactive,Inactive
5487,COc1cc(NC(=O)c2cc3cccc(OC)c3o2)cc(C(=O)Nc2cccc(C(F)(F)F)c2)c1,0.1288,11.88,Inactive,Inactive
5488,CCC(=O)C1=C(O)C(C)(C)C(O)=C(CC2=C(O)C(C)(C)C(O)=C(C(=O)CC)C2=O)C1=O,0.1288,11.88,Inactive,Inactive
5489,O=C1CC(C2CCCC2)Oc2cc(O)cc(O)c21,0.1288,11.88,Inactive,Inactive
5490,N#CC1=C(N)Oc2ccc(Sc3nc4ccccc4s3)cc2C1c1ccc([N+](=O)[O-])cc1,0.1288,11.88,Inactive,Active
5491,CCOC(=O)C1(C(C)=O)C(c2ccc(N(C)C)cc2)N1c1ccc(/N=N/c2ccc(C(=O)O)cc2)cc1,0.1288,11.88,Inactive,Active
5492,O=C1CC(c2ccco2)CC(O)=C1C=Nc1cc(Cl)cc(Cl)c1,0.1288,11.88,Inactive,Inactive
5493,COc1cccc(C(=O)COC(=O)c2n[nH]c(=O)c3ccccc23)c1,0.1288,11.88,Inactive,Inactive
5494,COc1ccc(-n2cnc3cc(NCc4ccco4)ccc32)cc1,0.1288,11.88,Inactive,Inactive
5495,CC(C)C[C@@H]1NC(=O)[C@H](CCCCN)NC(=O)[C@H](C(C)C)NC(=O)[C@@H]2CCCN2C(=O)[C@@H](Cc2ccc(O)cc2)NC(=O)[C@H](CC(C)C)NC(=O)[C@H](CCCCN)NC(=O)[C@H](C(C)C)NC(=O)[C@H](CCCCN)NC(=O)[C@@H]2CCCN2C(=O)[C@@H](Cc2ccc(O)cc2)NC1=O,0.1288,11.88,Inactive,Inactive
5496,CCNC(=O)Nc1nc2cc(-c3cccnc3)cc(-c3cncnc3)n2n1,0.1288,11.88,Inactive,Inactive
5497,COc1cc(CCCOC=O)cc2cc(-c3ccc4c(c3)OCO4)oc12,0.1288,11.88,Inactive,Inactive
5498,Clc1ccc(C2Cn3nnnc3Cc3ccccc32)cc1,0.1288,11.88,Inactive,Inactive
5499,COc1ccc(C2Nc3ccccc3C(=O)N2c2ccc(C)cc2)cc1Cn1nnc2ccccc21,0.1288,11.88,Inactive,Inactive
5500,Cc1ccc(C(=O)C2=C(O)C(=O)N(Cc3ccco3)C2c2ccc(N(C)C)cc2)o1,0.1288,11.88,Inactive,Inactive
5501,COc1ccc(/C=C(\C#N)c2ccc([N+](=O)[O-])cc2)cc1,0.1288,11.88,Inactive,Inactive
5502,O=C(NCc1ccccn1)C1Nc2ccc(C(F)(F)F)cc2C2C=CCC12,0.1288,11.88,Inactive,Inactive
5503,Cc1ccc(-c2csc(NC(=S)NC(=O)c3cccs3)n2)cc1,0.1288,11.88,Inactive,Inactive
5504,O=C1CC(CCc2ccccc2)Oc2cc(O)ccc21,0.1288,11.88,Inactive,Inactive
5505,CC(C)=CCOc1c2occc2cc2ccc(=O)oc12,0.1288,11.88,Inactive,Inactive
5506,COc1cc2ncnc(N3CCc4cccc(S(=O)(=O)N5CCN(C)CC5)c4C3)c2cc1OC,0.1288,11.88,Inactive,Active
5507,COc1cc(/C=C/c2noc(/C=C/c3ccc(O)c(OC)c3)c2/N=N/C2=C=C=C(S(=O)(=O)Nc3cc(C)on3)C=C2)ccc1O,0.1288,11.88,Inactive,Inactive
5508,C/C(=N\N1CCN(c2ccccc2)CC1)c1ccncc1,0.1288,11.88,Inactive,Inactive
5509,COc1cc2nc(N3CCN(C(=O)[C@H]4CCCO4)CC3)nc(N)c2cc1OC,0.1288,11.88,Inactive,Active
5510,COc1cc2nc(N3CCN(C(=O)C4CCCO4)CC3)nc(N)c2cc1OC,0.1288,11.88,Inactive,Inactive
5511,Cc1occc1C(=O)N/N=C/c1cccs1,0.1288,11.88,Inactive,Active
5512,CCN1C(=O)[C@]2(c3ccccc31)C(C(=O)NCC(=O)O)NC1(c3cc(Cl)ccc3-n3c1nc1ccccc1c3=O)C2(C#N)C#N,0.1288,11.88,Inactive,Inactive
5513,O=S(=O)(c1ccc(Cl)cc1)N1CCN(Cc2nc(O)c3ccc(Cl)cc3n2)CC1,0.1288,11.88,Inactive,Inactive
5514,CC(C)C(NC(=O)Cn1c(=O)oc2ccccc21)c1nc2ccccc2[nH]1,0.1288,11.88,Inactive,Inactive
5515,C/C(=N\N1CCN(Cc2ccccc2Cl)CC1)c1ccc(F)cc1,0.1288,11.88,Inactive,Inactive
5516,COc1ccc(-c2[nH]c(-c3ccc(C)cc3)nc2SCC(=O)NC2CCCC2)cc1,0.1288,11.88,Inactive,Inactive
5517,C/C(Cl)=C/CN1C(=O)C2C3C=CC(C3)C2C1=O,0.1288,11.88,Inactive,Inactive
5518,CCOC(=O)CN1C(=O)C(C)(C)Oc2ccc(C(=O)Nc3ccccc3OC)cc21,0.1288,11.88,Inactive,Inactive
5519,COc1ccccc1C(=O)N1CC2(C)CC1CC(C)(C)C2,0.1288,11.88,Inactive,Inactive
5520,CCOC(=O)CN1CC23C=CC(O2)C(C(=O)NCCc2ccccc2)C3C1=O,0.1288,11.88,Inactive,Inactive
5521,Cc1oc(C(=O)O)cc1CSc1nnc(-c2ccccc2)n1C,0.1288,11.88,Inactive,Inactive
5522,Clc1cccc(CN(CCn2cncn2)CCn2cncn2)c1,0.1288,11.88,Inactive,Inactive
5523,COc1cc(/C=C(\C#N)c2ccccc2C#N)cc(OC)c1OC,0.1288,11.88,Inactive,Inactive
5524,CCOC(=O)c1c(NC(=O)CC2Sc3ccc(C(F)(F)F)cc3NC2=O)sc(C)c1C,0.127,11.74,Inactive,Inactive
5525,CC(C)(O)C#CC#Cc1ccc(OCC2(C(=O)NO)CCOCC2)cc1,0.127,11.74,Inactive,Inactive
5526,C=CCOc1cccc(C2C(C(=O)c3ccco3)=C(O)C(=O)N2Cc2ccco2)c1,0.127,11.74,Inactive,Inactive
5527,N#Cc1ccccc1NCCNCC(O)COc1ccc(C(F)(F)F)cc1,0.127,11.74,Inactive,Inactive
5528,O=C(O)c1ccccc1C(=O)c1ccc(Sc2ccc(Cl)cc2Cl)c([N+](=O)[O-])c1,0.127,11.74,Inactive,Inactive
5529,COc1ccc(/C=C2\SC(c3ccc(C)cc3)=NC2=O)cc1OC,0.127,11.74,Inactive,Inactive
5530,CC(C)=CCCc1ccc(C=O)c(-c2ccc([N+](=O)[O-])cc2)c1,0.127,11.74,Inactive,Inactive
5531,CCOC(=O)C(C(=O)C(C)(C)C)=P(c1ccccc1)(c1ccccc1)c1ccccc1,0.127,11.74,Inactive,Inactive
5532,COc1cccc(/C=C/c2ccc(C#N)cc2)c1,0.127,11.74,Inactive,Inactive
5533,C=CCSc1nnc(-c2cc3c(s2)-c2ccccc2CC3)o1,0.127,11.74,Inactive,Inactive
5534,CC(=O)Nc1ccc(S(=O)(=O)Cc2nnc(S)o2)cc1,0.127,11.74,Inactive,Inactive
5535,O=C(/C=C/c1ccco1)c1ccc(NC(=O)c2cccs2)cc1,0.127,11.74,Inactive,Inactive
5536,CNC(=O)C1CC(=O)N(c2ccc(OC)cc2)C1,0.127,11.74,Inactive,Inactive
5537,C=C1CC(Cn2nc(C)c(=O)[nH]c2=O)(c2ccccc2)OC1=O,0.127,11.74,Inactive,Inactive
5538,N#C/C(=N\Nc1ccc(Cl)cc1)C(=O)c1ccsc1,0.127,11.74,Inactive,Active
5539,COC(=O)[C@@]1(O)C(=O)[C@@]2(CC=C(C)C)C[C@@H](O)C(C)(C)OC2=C1C(C)=O,0.127,11.74,Inactive,Inactive
5540,Cc1ccc2c(c1)cc(-c1nc3cc(C)ccc3[nH]1)c1nnnn12,0.127,11.74,Inactive,Inactive
5541,Cc1ccc(Nc2nnc(-c3cn(-c4ccc(S(=O)(=O)/N=C/N(C)C)cc4)nc3-c3ccccc3)s2)cc1,0.127,11.74,Inactive,Inactive
5542,CCc1ccc(OCC(=O)NNC(=O)CSc2nnc(-c3ccc(C)cc3)n2C)cc1,0.127,11.74,Inactive,Inactive
5543,Cc1cccc(OCC(=O)NNC(=O)Nc2cccc(Cl)c2)c1C,0.127,11.74,Inactive,Inactive
5544,CC(=O)Nc1ccc(N2CCCC2)cc1,0.127,11.74,Inactive,Inactive
5545,COc1cc2nc(N3CCC(Nc4ccc(C(=O)O)cc4)CC3)nc(Nc3ccc(C)cc3)c2cc1OC,0.127,11.74,Inactive,Inactive
5546,COC(=O)[C@@]1(O)C(=O)[C@@]2(CC=C(C)C)C[C@H](O)C(C)(C)OC2=C1C(C)=O,0.127,11.74,Inactive,Inactive
5547,COC(=O)/C=C(\C)C[C@@H](OC(C)=O)[C@@]1(C)[C@H](C)CC[C@@]2(C)C(C)=CC(=O)C[C@H]12,0.127,11.74,Inactive,Inactive
5548,CCOC(=O)c1c(NC(=O)COc2ncnc3ccccc23)sc(C)c1CC,0.127,11.74,Inactive,Inactive
5549,CCc1ccc(NC(=O)C(C)OC(=O)c2ccc(N3CCCC3)c([N+](=O)[O-])c2)cc1,0.127,11.74,Inactive,Inactive
5550,O=C(Nc1ccccc1)c1nn(-c2ccccc2)c(=O)cc1C(F)(F)F,0.127,11.74,Inactive,Inactive
5551,FC(F)Oc1ccc(C2N=C(c3ccccc3)NO2)cc1,0.127,11.74,Inactive,Inactive
5552,Cc1cccc(Nc2nc(N)nc(CN3CCN(c4ccccc4)CC3)n2)c1,0.127,11.74,Inactive,Inactive
5553,CCC(CC)Nc1cc(C(=O)O)ccc1N1C(=O)CCC1(CO)CO,0.127,11.74,Inactive,Active
5554,CCCCc1nc(Cl)c(C2NC(=O)NC(C)=C2C(=O)OCC)n1S(=O)(=O)c1ccc(C(F)(F)F)cc1,0.127,11.74,Inactive,Inactive
5555,Nc1ccccc1Sc1ccc(C(=O)c2ccccc2C(=O)O)cc1[N+](=O)[O-],0.127,11.74,Inactive,Inactive
5556,COCc1cc(=O)n2[nH]c(-c3cccs3)cc2n1,0.127,11.74,Inactive,Inactive
5557,CCCC1OCc2c(C[P+](c3ccc(C)cc3)(c3ccc(C)cc3)c3ccc(C)cc3)c(C[P+](c3ccc(C)cc3)(c3ccc(C)cc3)c3ccc(C)cc3)nc(C)c2O1,0.127,11.74,Inactive,Inactive
5558,Cc1cccc(CC(=O)N[C@H]2CCOC2=O)c1,0.127,11.74,Inactive,Inactive
5559,CCN(CCCNC(=O)COc1cc(=O)n(C)c2ccccc12)c1cccc(C)c1,0.127,11.74,Inactive,Inactive
5560,O=C(N/N=C/c1ccco1)c1cccc(S(=O)(=O)Nc2ccccc2Cl)c1,0.127,11.74,Inactive,Inactive
5561,CC(C)n1cc(NC(=O)c2cc(NC=O)cn2C)cc1C(=O)Nc1cc(C(=O)NCCCN2CCCC2)n(C)c1,0.127,11.74,Inactive,Inactive
5562,COc1ccccc1-n1c(CNS(=O)(=O)c2ccc(N)cc2)nc2ccccc2c1=O,0.127,11.74,Inactive,Inactive
5563,O=C1c2cccc3cccc(c23)C(=O)N1Nc1nc(NCc2ccccc2)nc(N2CCOCC2)n1,0.127,11.74,Inactive,Inactive
5564,Nc1nc(-c2ccc3ccccc3c2)cs1,0.127,11.74,Inactive,Inactive
5565,N=C(N)NCCC[C@H]1NC(=O)[C@@H](CCCNC(=N)N)NC(=O)[C@@H](CCCNC(=N)N)NC(=O)[C@@H](Cc2c[nH]c3ccccc23)NC(=O)[C@@H](Cc2cc3ccccc3[nH]2)NC(=O)[C@@H](Cc2c[nH]c3ccccc23)NC(=O)[C@@H](Cc2c[nH]c3ccccc23)NC(=O)[C@@H](CCCNC(=N)N)NC1=O,0.127,11.74,Inactive,Inactive
5566,O=C(NC(=S)Nc1ccccc1N1CCCC1)c1ccc([N+](=O)[O-])cc1,0.127,11.74,Inactive,Inactive
5567,Cn1cc(O)c(=O)cc1CNC(=O)CCCC(=O)N1CCN(c2cc3c(cc2F)c(=O)c(C(=O)O)cn3C2CC2)CC1,0.127,11.74,Inactive,Inactive
5568,O=C(CN1CCC(N2CCCCC2)CC1)NC12CC3CC(CC(C3)C1)C2,0.127,11.74,Inactive,Inactive
5569,COc1cccc(CN(C(=O)c2cccs2)C2CCS(=O)(=O)C2)c1,0.127,11.74,Inactive,Inactive
5570,O=C1Nc2c(Cl)cccc2/C1=N/NC(=S)Nc1cccc(F)c1,0.127,11.74,Inactive,Inactive
5571,Cc1nc2c(c3c1OC(C)(C)OC3)C[P+](c1ccccc1)(c1ccccc1)CC[P+](c1ccccc1)(c1ccccc1)C2,0.127,11.74,Inactive,Inactive
5572,Cc1ccc(C(=O)O)cc1-n1c(C)cc(C=O)c1C,0.127,11.74,Inactive,Inactive
5573,O=S(Cc1ccccc1)Cc1ccccc1,0.127,11.74,Inactive,Inactive
5574,CCOc1ccc(-c2nc(C#N)c(N3CCN(CC)CC3)o2)cc1,0.127,11.74,Inactive,Inactive
5575,CC(=O)Oc1ccc(C(c2ccc(OC(C)=O)cc2)c2ccccn2)cc1,0.127,11.74,Inactive,Inactive
5576,CC(C)c1ccc(C(=O)N2CCN(CCO)CC2)cc1,0.127,11.74,Inactive,Inactive
5577,CC(C)c1ccccc1NC(=S)NC(=O)c1cnn(C)c1,0.127,11.74,Inactive,Inactive
5578,CCC1(c2ccccc2)C(=O)N(C(=O)OC(C)(C)C)N1C(=O)OC(C)(C)C,0.127,11.74,Inactive,Inactive
5579,CCOc1ccc(C2NC(=O)c3sc(=S)n(-c4ccccc4)c3N2)cc1,0.127,11.74,Inactive,Inactive
5580,O=C(COC(=O)/C=C/c1cccc(Cl)c1)Nc1ccccc1-c1ccccc1,0.127,11.74,Inactive,Inactive
5581,Cc1cc(C)cc(CSc2nnc(C)c(=O)[nH]2)c1,0.127,11.74,Inactive,Inactive
5582,CCNC(=O)c1ccc(C23CC4CC(CC(C4)C2)C3)o1,0.127,11.74,Inactive,Inactive
5583,Cc1cc(Cl)ccc1OC(C)C(=O)Nc1ccc([N+](=O)[O-])cn1,0.127,11.74,Inactive,Inactive
5584,CC(C)CCC[C@@H](C)[C@H]1CC[C@H]2[C@@H]3/C(=N/NC(=S)NC4CCCCC4)C=C4CCCC[C@]4(C)[C@H]3CC[C@]12C,0.127,11.74,Inactive,Inactive
5585,Cn1c(=O)c2c(nc(CN3CCN(c4ccccc4)CC3)n2Cc2c(F)cccc2Cl)n(C)c1=O,0.127,11.74,Inactive,Inactive
5586,O=C(CNc1cc(S(=O)(=O)N2CCCC2)ccc1OCC(F)(F)F)Nc1ccc(SC(F)F)cc1,0.127,11.74,Inactive,Inactive
5587,COc1cc(/C=C/C(=O)C(/N=N/c2ccc(S(=O)(=O)Nc3ccccn3)cc2)=C(O)/C=C/c2ccc(O)c(OC)c2)ccc1O,0.127,11.74,Inactive,Inactive
5588,CCC12CCCN3CCc4c(n(c5ccccc45)C(O)(C(=O)OC)C1)C32,0.127,11.74,Inactive,Inactive
5589,CCCc1cc(=O)n2c(-c3ccc(Cl)cc3)csc2n1,0.127,11.74,Inactive,Inactive
5590,CCCCn1c(N)c(N(CC(C)C)C(=O)c2ccc(S(=O)(=O)N3CCCCCC3)cc2)c(=O)[nH]c1=O,0.1124,10.48,Inactive,Inactive
5591,CCc1ccc(CN(C)C(=O)c2cc(=O)c3ccccc3o2)cc1,0.1124,10.48,Inactive,Inactive
5592,Cc1[nH]n(-c2ccccc2)c(=O)c1C(=O)CN1CCOCC1,0.1124,10.48,Inactive,Inactive
5593,Cc1c(-c2cccc(NC(=O)c3cccs3)c2)nc2ncccn12,0.1124,10.48,Inactive,Inactive
5594,C=CCn1c(NCc2ccccc2)nc2ccccc21,0.1124,10.48,Inactive,Inactive
5595,Cc1ccc(-c2nc(CSCC(=O)N3CCC(C(N)=O)CC3)c(C)o2)cc1,0.1124,10.48,Inactive,Inactive
5596,COc1ccc(N(CC(=O)NCc2cccc(OC)c2)S(=O)(=O)c2c(C)noc2C)cc1,0.1124,10.48,Inactive,Inactive
5597,Cc1cccc(-n2c(C)cc(C=C3C(=O)c4ccccc4C3=O)c2C)c1,0.1124,10.48,Inactive,Active
5598,N#CC1(NC(=O)CN2CCCCC2c2nc3ccccc3s2)CCCC1,0.1124,10.48,Inactive,Inactive
5599,CCOC(=O)c1c(-c2ccc(C)o2)csc1NC(=S)NC(=O)N(C)C,0.1124,10.48,Inactive,Inactive
5600,O=C1CSC(=S)N1Cc1nnc(-c2ccccc2Cl)o1,0.1124,10.48,Inactive,Inactive
5601,O=C(NCCCCNC(=O)C(=O)c1c[nH]c2cc(Br)ccc12)C(=O)c1c[nH]c2cc(Br)ccc12,0.1124,10.48,Inactive,Inactive
5602,Cc1cccc(/C(N)=N/OC(=O)N2CCOCC2)c1,0.1124,10.48,Inactive,Inactive
5603,CCc1nc2ccc(C(=O)NC3CCC(C)CC3)cc2nc1CC,0.1124,10.48,Inactive,Inactive
5604,CC(=Nc1c(C)n(C)n(-c2ccccc2)c1=O)c1c(O)n(Cc2ccccc2)c(=O)[nH]c1=O,0.1124,10.48,Inactive,Inactive
5605,CCn1cc(-c2csc(N)n2)c(=O)c2cc(F)c(N3CCN(C/C(=N/OC)c4ccc(Cl)cc4)CC3)cc21,0.1124,10.48,Inactive,Inactive
5606,c1ccc([C@@H]2C/C(=N\N=C3/C[C@@H](c4ccccc4)S[C@@H](c4ccccc4)C3)C[C@H](c3ccccc3)S2)cc1,0.1124,10.48,Inactive,Inactive
5607,C=CCn1c(C)cc(C(=O)CSc2n[nH]c(N)n2)c1C,0.1124,10.48,Inactive,Inactive
5608,O=C(NC1CCCCC1)C1(S(=O)(=O)c2ccc(Cl)cc2)CC1,0.1124,10.48,Inactive,Inactive
5609,O=C(NC1CC1)C1=NOC(CNc2ncc(C(F)(F)F)cc2Cl)C1,0.1124,10.48,Inactive,Inactive
5610,O=C(NC1CCN(C(=O)N2c3ccccc3Sc3ccccc32)CC1)c1ccco1,0.1124,10.48,Inactive,Inactive
5611,O=C(Cn1cncn1)c1ccc(Cl)cc1Cl,0.1124,10.48,Inactive,Inactive
5612,O=C(NC12CC3CC(CC(C3)C1)C2)c1ccccc1,0.1124,10.48,Inactive,Inactive
5613,Cc1cc(Cl)ccc1OCC(=O)N/N=C/c1ccncc1,0.1124,10.48,Inactive,Inactive
5614,C(=C/c1sc(Nc2ccccc2)n[n+]1-c1ccccc1)\c1ccccc1,0.1124,10.48,Inactive,Inactive
5615,CCc1cccc(NS(=O)(=O)c2c(C)n[nH]c2C)c1,0.1124,10.48,Inactive,Inactive
5616,CCc1cccc(N(C(=O)c2csnn2)C(C(=O)NC(C)(C)CC)c2ccccn2)c1,0.1124,10.48,Inactive,Inactive
5617,O=C(N=C1SC2CS(=O)(=O)CC2N1c1ccccc1)C1CC1,0.1124,10.48,Inactive,Inactive
5618,Cc1ccc2c(c1)cc(-c1nc3ccccc3[nH]1)c1nnnn12,0.1124,10.48,Inactive,Inactive
5619,CCn1cc(-c2csc(N)n2)c(=O)c2cc(F)c(N3CCN(C/C(=N/OC)c4ccc(Cl)cc4Cl)CC3)cc21,0.1124,10.48,Inactive,Inactive
5620,Cc1cc(N2CCN(S(=O)(=O)c3ccc4ccccc4c3)CC2)n2ncnc2n1,0.1124,10.48,Inactive,Inactive
5621,C[n+]1c(/C=C/c2c[nH]c3ccccc23)cc(NCCN2CCCC2)c2ccccc21,0.1124,10.48,Inactive,Inactive
5622,Cc1cc(N=CC2=C(O)CCCC2=O)no1,0.1124,10.48,Inactive,Inactive
5623,O=C(NCC(c1ccco1)N1CCc2ccccc2C1)C(=O)Nc1cc(F)ccc1F,0.1124,10.48,Inactive,Inactive
5624,CC(=NC1CCCC1)c1c(C)[nH]n(-c2nc3ccccc3s2)c1=O,0.1124,10.48,Inactive,Inactive
5625,O=C1CSc2c(Cl)cccc2N1CC1CCCO1,0.1124,10.48,Inactive,Inactive
5626,C=CCn1c(SCc2nc3cc(C(=O)OC)ccc3c(=O)[nH]2)nc2sc(CC)cc2c1=O,0.1124,10.48,Inactive,Inactive
5627,Cc1[nH]n(-c2ccccc2)c(=O)c1-c1ccc(Cl)cc1,0.1124,10.48,Inactive,Inactive
5628,Cc1c(/N=C/c2ccccc2Cl)c(=O)n(-c2ccccc2)n1C,0.1124,10.48,Inactive,Inactive
5629,Cc1ccc(C)c(NC(=O)CN(C)C(=O)Cc2ccc(Cl)cc2Cl)c1,0.1124,10.48,Inactive,Inactive
5630,O=C(Nc1ccsc1C(=O)NC1CCCCC1)c1ccccc1,0.1124,10.48,Inactive,Inactive
5631,C=C(C)CC[C@@H]1C[C@@]2(CC=C(C)C)C(=O)[C@]3(CC=C(C)C)C[C@@]1(C)C2(O)/C(=C(/O)c1ccccc1)C3=O,0.1124,10.48,Inactive,Inactive
5632,O=C1CCc2c(cccc2N2CCN(CC(O)CN3CCNCC3)CC2)N1,0.1124,10.48,Inactive,Inactive
5633,CCN(CC)CCCNC(=O)C1CCN(C(=O)c2cc3sccc3n2Cc2ccc(F)cc2)CC1,0.1124,10.48,Inactive,Inactive
5634,Cc1cc(=O)c(O)c(CNC(=O)CCCC(=O)N2CCN(c3cc4c(cc3F)c(=O)c(C(=O)O)cn4C3CC3)CC2)n1C,0.1124,10.48,Inactive,Inactive
5635,Sc1nnc(COC(Cn2nnc(-c3ccccc3)n2)c2ccc(Cl)cc2)o1,0.1124,10.48,Inactive,Inactive
5636,O=C(CSCCc1ccccn1)Nc1ccccn1,0.1124,10.48,Inactive,Inactive
5637,O=C(Nc1ccc(Cl)cc1)N1CCCN(Cc2cccc(F)c2)C1,0.1124,10.48,Inactive,Inactive
5638,CC(C)Oc1ccc(CC2CCC(=O)N(C)C2=O)cc1,0.1124,10.48,Inactive,Inactive
5639,O=C(NNC(=O)c1sccc1-n1cccc1)c1ccc(Cl)cc1,0.1124,10.48,Inactive,Inactive
5640,Cc1cc(C)n(-c2cc(N3CCOCC3)nc(-c3ccccc3)n2)n1,0.1124,10.48,Inactive,Inactive
5641,CCNC(=O)COC(=O)CCC(=O)c1cccs1,0.1124,10.48,Inactive,Inactive
5642,C=C/C(C)=C/[C@@]1(C)SC(=O)C(C)=C1O,0.1124,10.48,Inactive,Inactive
5643,O=C(CCC(=O)Nc1cccc2cccnc12)NCCCNCCCCCCNCCCNC(=O)CCC(=O)Nc1cccc2cccnc12,0.1124,10.48,Inactive,Inactive
5644,O=C(CCC(=O)Nc1ccc2ccccc2n1)NCCCNCCCCNCCCNC(=O)CCC(=O)Nc1ccc2ccccc2n1,0.1124,10.48,Inactive,Inactive
5645,O=C(CSc1ncc(-c2ccc(F)cc2)[nH]1)NCc1ccco1,0.1124,10.48,Inactive,Inactive
5646,O=C(CCC(=O)N(O)CCCCCO)NCCCCCN(O)C(=O)CCC(=O)N1CCN(c2cc3c(cc2F)c(=O)c(C(=O)O)cn3C2CC2)CC1,0.1124,10.48,Inactive,Inactive
5647,CC(C)c1csc(-c2nnc(S(=O)(=O)Cc3cc(Cl)ccc3F)n2-c2ccccc2)n1,0.1124,10.48,Inactive,Active
5648,S=C(NCc1ccccn1)Nc1cccc2ccccc12,0.1124,10.48,Inactive,Inactive
5649,CCCCn1c(C(=O)/C=C/c2ccc(F)cc2)nc2ccccc21,0.1124,10.48,Inactive,Active
5650,O=C(Nc1ccc(C(F)(F)F)cc1)c1c(O)n(-c2cccc(Cl)c2)n(-c2cccc(Cl)c2)c1=O,0.1124,10.48,Inactive,Inactive
5651,S=C(NCc1cccnc1)Nc1cccc2ccccc12,0.1124,10.48,Inactive,Inactive
5652,CCN1C(=O)[C@@]2(CN(C)C3(c4cc(Cl)ccc4-n4c3nc3ccccc3c4=O)C2(C#N)C#N)c2ccccc21,0.1124,10.48,Inactive,Inactive
5653,CCOC(=O)c1cnc(SCC(=O)Nc2ccc(N3CCOCC3)cc2)nc1N,0.1124,10.48,Inactive,Inactive
5654,CCOC(=O)c1csc(/N=C/c2cc(/C=C/C(=O)c3cccs3)cc(C(C)(C)C)c2O)n1,0.1124,10.48,Inactive,Inactive
5655,O=C1C2=C(Nc3ccccc3SC2c2ccccc2C(F)(F)F)c2ccccc21,0.1124,10.48,Inactive,Inactive
5656,C/C(O)=C1\C(=O)[C@H](CC(C)C)N(CC2=CCC3CC2C3(C)C)C1=O,0.1124,10.48,Inactive,Inactive
5657,CCOC(=O)c1sc(NC(=O)CN(CC)CC)c(C(=O)OCC)c1C,0.1124,10.48,Inactive,Inactive
5658,CCN1CC(CNc2ccc3c(c2)C(=O)NCCC(=O)N[C@@H](CCN)C(=O)N[C@H](Cc2ccc(O)cc2)CO3)C(=O)c2ccc(C)nc21,0.1124,10.48,Inactive,Inactive
5659,Cc1cc(=O)oc2cc(OCCCCCCN(Cc3nc4ccccc4[nH]3)c3ccc(F)cc3)ccc12,0.1124,10.48,Inactive,Inactive
5660,O=C(COc1ccc(Br)cc1)N1CCN(Cc2ccc3c(c2)OCO3)CC1,0.1124,10.48,Inactive,Inactive
5661,O=C1CCc2c(cccc2N2CCN(CC(O)CN3CCCCCC3)CC2)N1,0.1124,10.48,Inactive,Inactive
5662,CCN(CC)S(=O)(=O)c1ccc(Cl)c(C(=O)OCC(=O)c2c(N)n(C)c(=O)n(C)c2=O)c1,0.1124,10.48,Inactive,Inactive
5663,S=c1n(CN2CCOCC2)nc(Cc2ccccc2Nc2c(Cl)cccc2Cl)n1/N=C/c1ccco1,0.1124,10.48,Inactive,Inactive
5664,C/C=C/C=C/C(=O)N1CCCCO1,0.1124,10.48,Inactive,Inactive
5665,Cc1cc(C)c(C/C(=N\OC(=O)Cc2ccccc2)c2cc3ccccc3o2)c(C)c1,0.1124,10.48,Inactive,Inactive
5666,Cc1ccc(CC(=O)c2ccc(Cl)cc2)cc1,0.1124,10.48,Inactive,Inactive
5667,C/C(=N\NC(=O)c1ccc(Cl)c(Cl)c1)c1ccccn1,0.1124,10.48,Inactive,Inactive
5668,Cc1ccc(/C(N)=N/OC(=O)C23CC4CC(CC(C4)C2)C3)cc1,0.1124,10.48,Inactive,Inactive
5669,O=C(Nc1ccncc1)NC12CC3CC(CC(C3)C1)C2,0.1124,10.48,Inactive,Inactive
5670,O=C(Nc1ccccc1)c1c(O)n(-c2ccccc2)n(-c2ccccc2)c1=O,0.1124,10.48,Inactive,Inactive
5671,CCOC(=O)c1cc(C)n(-c2ccc(Cl)cc2)c1C,0.1124,10.48,Inactive,Inactive
5672,Cc1ccc(OCCOc2cccc(Br)c2)c([N+](=O)[O-])n1,0.1124,10.48,Inactive,Inactive
5673,O=C(Nc1ccccc1)N1CCCC1,0.1124,10.48,Inactive,Inactive
5674,CCCn1nc(NC(=O)NC2C3CC4CC(C3)CC2C4)cc1C,0.1124,10.48,Inactive,Inactive
5675,O=C(c1ccccc1)C1CCN(C(=O)c2ccc(Cl)cc2)CC1,0.1124,10.48,Inactive,Inactive
5676,FC(F)(F)c1cc(/C(Cn2nnc3ccccc32)=N\Nc2nc(-c3cc(C(F)(F)F)cc(C(F)(F)F)c3)cs2)cc(C(F)(F)F)c1,0.1124,10.48,Inactive,Inactive
5677,O=C(Nc1ccccc1)N1CCCN(Cc2ccccc2F)C1,0.1124,10.48,Inactive,Inactive
5678,FC(F)(F)COc1nc(OCC(F)(F)F)nc(N2CCN(c3ccccc3)CC2)n1,0.1124,10.48,Inactive,Inactive
5679,Cc1ccc(-n2nnc(C3=NNC(c4ccc(F)cc4)C3)c2C)cc1,0.1124,10.48,Inactive,Inactive
5680,Cc1ccc(S(=O)(=O)N2CCCCC2)cc1NS(=O)(=O)c1cccc(C(=O)O)c1,0.1124,10.48,Inactive,Inactive
5681,CC[C@@H]1[C@@H](C)O[C@@](O)([C@@H](C)[C@H](O)[C@H](C)[C@H]2OC(=O)/C=C/C=C/[C@H](C)[C@@H]([C@@H](C)[C@@H](O)[C@H](C)[C@@]3(O)C[C@@H](O[C@H]4C[C@H](O)[C@H](O)[C@H](O)O4)[C@H](CC)[C@@H](C)O3)OC(=O)/C=C/C=C/[C@@H]2C)C[C@H]1O[C@H]1C[C@H](O)[C@H](O)[C@H](C)O1,0.1124,10.48,Inactive,Inactive
5682,Cc1ccc(S(=O)(=O)NC(C)(C)CSc2nnc(N)s2)cc1,0.1124,10.48,Inactive,Inactive
5683,C=CCNC(=O)C(C)(C)C(O)c1ccccc1/C=C/c1ccccc1,0.1124,10.48,Inactive,Inactive
5684,COc1ccc(N(C(=O)c2cccnc2)S(=O)(=O)c2cccc([N+](=O)[O-])c2)cc1,0.1124,10.48,Inactive,Inactive
5685,Cc1ccc(S(=O)(=O)Nc2ccccc2C(=O)OC(C)C(=O)Nc2ccc3ccccc3c2)cc1[N+](=O)[O-],0.1124,10.48,Inactive,Inactive
5686,Cc1c(Br)c(C(=O)N2N=C(C(F)F)CC2(O)C(F)F)nn1C,0.1124,10.48,Inactive,Inactive
5687,O=C(NCCCNC(=O)c1ccc(Cl)cc1Cl)c1ccco1,0.1124,10.48,Inactive,Inactive
5688,O=C1CSC(=S)N1Cc1nnc(-c2ccc(Cl)cc2)o1,0.1124,10.48,Inactive,Inactive
5689,O=C(Cc1ccccc1)NCC(=O)Nc1cccc(Cl)c1,0.1124,10.48,Inactive,Inactive
5690,O=C(Cc1cccc2ccccc12)NCC1CCCO1,0.1124,10.48,Inactive,Inactive
5691,COc1ccc(C/C(N)=N/OC(=O)Cc2ccccc2)cc1OC,0.1124,10.48,Inactive,Inactive
5692,CC(c1ccccc1)n1c(OC(=O)N(C)C)nnc1SCC(=O)c1ccc2c(c1)OCCO2,0.1124,10.48,Inactive,Inactive
5693,CCN(C1CCCCC1)S(=O)(=O)c1cc2c3c(c1)CCN3C(=O)CC2,0.1124,10.48,Inactive,Inactive
5694,O=C(/C=C/c1ccccc1)c1cc2c(ccc3ccccc32)oc1=O,0.1124,10.48,Inactive,Inactive
5695,O=C(Nc1cccc(-c2cn3cccnc3n2)c1)c1cccs1,0.1124,10.48,Inactive,Inactive
5696,Cc1ccc(NC(=S)N/N=C2\C(=O)Nc3c(Cl)cccc32)cc1,0.1124,10.48,Inactive,Inactive
5697,CCOc1ccc(NC(=S)Nc2ccc3nsnc3c2)cc1,0.1124,10.48,Inactive,Active
5698,O=C(Nc1cccc(-c2nn[nH]n2)c1)c1cccc(C(F)(F)F)c1,0.1124,10.48,Inactive,Active
5699,O=C(Nc1cccc(-c2nn[nH]n2)c1)c1cccc(F)c1,0.1124,10.48,Inactive,Active
5700,FC(F)(F)c1cccc(CCNc2ccc3ccccc3c2)c1,0.1124,10.48,Inactive,Inactive
5701,C=C1CCC[C@@]23C4=C(C[C@]2(C)[C@@H](C)CC[C@@]13C)C(=O)C=C(NC)C4=O,0.1124,10.48,Inactive,Inactive
5702,O=C1CSC(=S)N1Cc1nnc(-c2ccc(Br)cc2)o1,0.1124,10.48,Inactive,Inactive
5703,c1ccc(-c2nnc(-c3cn(-c4ccccc4)nc3-c3ccccc3)o2)cc1,0.1124,10.48,Inactive,Inactive
5704,CCOC(=O)C1(C(C)=O)C(c2ccc(N(C)C)cc2)N1c1ccc(/N=N/c2cccc(C)c2)cc1,0.1124,10.48,Inactive,Active
5705,Cc1ccc(-c2nn(-c3nc(-c4cc5cc(Cl)cc(Cl)c5oc4=O)cs3)cc2C=O)cc1,0.1124,10.48,Inactive,Inactive
5706,CCOC(=O)c1ccc(NC(=S)NC(=O)COc2ccccc2)cc1,0.1124,10.48,Inactive,Inactive
5707,COc1ccc(OCC(=O)Nc2cccc3ncccc23)cc1,0.1124,10.48,Inactive,Inactive
5708,COc1ccc(C=C2C(=O)OC(C)(C)OC2=O)cc1OC,0.1124,10.48,Inactive,Inactive
5709,Cc1nnc(SCC(=O)N(C(C)C)C(C)C)[nH]c1=O,0.1124,10.48,Inactive,Inactive
5710,C[C@@H]1CCC/C=C/[C@@H]2O[C@@H](C/C=C\C=C\[C@@H](O)C/C=C/C=C\C(=O)O1)C[C@@H](O)[C@H]2O,0.1124,10.48,Inactive,Inactive
5711,COc1ccc(/C=C\c2cc(OC)c(OC)cc2CC[N+](C)(C)C)cc1OC,0.1124,10.48,Inactive,Inactive
5712,CC(=O)Nc1ccc(S(=O)(=O)NCc2nc3ccccc3c(=O)n2-c2ccccc2F)cc1,0.1124,10.48,Inactive,Inactive
5713,C[C@@H]1C(=O)O[C@H]2[C@H]1CC[C@@]1(C)[C@H](O)CC[C@@](C)(O)[C@H]21,0.1124,10.48,Inactive,Inactive
5714,COC(=O)[C@]1(O)C(=O)[C@]2(CC=C(C)C)C[C@@H](O)C(C)(C)OC2=C1C(C)=O,0.1124,10.48,Inactive,Inactive
5715,O=C(O)c1ccccc1C(=O)c1ccc(Sc2ccc(Cl)c(Cl)c2)c([N+](=O)[O-])c1,0.1124,10.48,Inactive,Inactive
5716,COc1cc(NS(=O)(=O)c2cccs2)ccc1-n1cnc(Cl)c1,0.1124,10.48,Inactive,Inactive
5717,CC1(C)[C@H]2/C=C(/C=O)CC[C@@H]3O[C@@]3(C)CC[C@@H]21,0.1124,10.48,Inactive,Inactive
5718,COC(=O)c1c(OC)cc2cc3c(c(O)c2c1C)C(=O)O[C@H]3[C@@]1(O)[C@H](O)C(OC)=CC(=O)[C@H]1OC,0.1124,10.48,Inactive,Inactive
5719,CC(=O)Nc1nc(C(=O)Nc2ccccc2N2CCCCC2)cs1,0.1124,10.48,Inactive,Active
5720,Cc1cn(C[C@H]2CN(c3ccc(N4CCN(C(=O)CC5CC6CCC5C6)CC4)c(F)c3)C(=O)O2)nn1,0.1124,10.48,Inactive,Inactive
5721,CCC/C(CC)=N\N=C1/NC(=O)CS1,0.1124,10.48,Inactive,Inactive
5722,CC(C)(C)c1nnc(C(=O)[C@@H]2CCCN2)o1,0.1124,10.48,Inactive,Active
5723,COc1ccc(NC(=O)Cn2nnc(C(=O)NCc3ccccc3)c2N)c(OC)c1,0.1124,10.48,Inactive,Inactive
5724,Cc1nnc(CN(C)C(=O)c2cc(COc3ccc(F)cc3Cl)on2)o1,0.1124,10.48,Inactive,Inactive
5725,O=C1NC(=NCc2ccccc2)S/C1=C\c1ccccc1,0.1124,10.48,Inactive,Inactive
5726,CCCCCCCNC(=O)C1(CC2CC(c3ccc(Cl)cc3)=NO2)CCNCC1,0.1124,10.48,Inactive,Active
5727,CC(=O)Nc1ccc(S(=O)(=O)NCc2nc3ccccc3c(=O)n2-c2ccccc2Br)cc1,0.1124,10.48,Inactive,Inactive
5728,O=Cc1cn(-c2nc(-c3cc4cc(Cl)cc(Cl)c4oc3=O)cs2)nc1-c1ccccc1,0.1124,10.48,Inactive,Inactive
5729,CC(=O)Nc1ccc(S(=O)(=O)NCc2nc3ccccc3c(=O)n2-c2cccc(C)c2)cc1,0.1124,10.48,Inactive,Inactive
5730,CC1(C)CCC[C@]2(C)[C@H]3CC/C(=C\OS(=O)(=O)O)[C@H](CCC4=CCN(CCS(=O)(=O)O)C4=O)[C@@]3(C)CC[C@@H]12,0.1124,10.48,Inactive,Inactive
5731,Cc1ccccc1NC(=O)/C(C#N)=C\c1cc(C)n(-c2ccc(C(=O)O)cc2)c1C,0.1124,10.48,Inactive,Inactive
5732,N#Cc1ccc(Nc2nc(Oc3ccnc4ccccc34)nc(N3CCOCC3)n2)cc1C(F)(F)F,0.1124,10.48,Inactive,Inactive
5733,CCC(C(=O)Nc1ccncc1)c1ccccc1,0.1124,10.48,Inactive,Inactive
5734,Cn1c(C(=O)NCCCN2CCOCC2)cc2c(=O)n(C)c3ccccc3c21,0.1124,10.48,Inactive,Inactive
5735,COc1ccc2ccccc2c1/C=N/NC(=O)CCn1c(C)nc2ccccc21,0.1124,10.48,Inactive,Inactive
5736,COC(=O)C1=C(C)N(Cc2ccccc2)C(=NCc2cccc(C(F)(F)F)c2)N[C@H]1c1cccc(F)c1,0.1124,10.48,Inactive,Active
5737,COc1ccc(/C=C2\NC(=O)N(CC(O)CN3CCOCC3)C2=O)cc1,0.1124,10.48,Inactive,Inactive
5738,COC(=O)C1=C(C)Nc2nnnn2C1c1ccco1,0.1124,10.48,Inactive,Inactive
5739,CC(C)C[C@@H]1NC(=O)[C@H](C)NC(=O)[C@H](C(C)C)NC(=O)[C@@H]2CCCN2C(=O)/C(=C/c2cccnc2)NC(=O)[C@H](CC(C)C)NC(=O)[C@H](C)NC(=O)[C@H](C(C)C)NC(=O)[C@@H]2CCCN2C(=O)/C(=C/c2cccnc2)NC1=O,0.1124,10.48,Inactive,Inactive
5740,COc1cc(O)c2c(c1C)C(=O)OCCCCC(=O)N[C@H](c1nc(C)no1)CSC2,0.1124,10.48,Inactive,Inactive
5741,COc1cc(O)c2c(c1C)C(=O)CCCCC/C(S)=N/[C@H](c1nc(NC(=O)[C@H](C)N)no1)CSC2,0.1124,10.48,Inactive,Inactive
5742,COc1cc(O)c2c(c1C)C(=O)CCCCC/C(S)=N/[C@H](c1nc(CO)no1)CSC2,0.1124,10.48,Inactive,Inactive
5743,COC(=O)CN1C(=O)N(CC(O)CN2CCN(c3ccccn3)CC2)C(c2ccccc2)(c2ccccc2)C1=O,0.1124,10.48,Inactive,Inactive
5744,CCCCCCOc1ccc(N2C(=O)CC(SC(=NCC)NCC)C2=O)cc1,0.1124,10.48,Inactive,Inactive
5745,COC(=O)c1c(OC)cc2cc3c(c(O)c2c1C)C(=O)O[C@@H]3[C@@]1(O)[C@H](O)C(OC)=CC(=O)[C@@H]1OC,0.1124,10.48,Inactive,Inactive
5746,O=C(O)c1cccc(-n2cccc2/C=C2/SC(=O)N(CC(=O)N3CCCC3)C2=O)c1,0.1124,10.48,Inactive,Inactive
5747,CO/N=C/C1=C(COC(C)=O)CS[C@@H]2[C@H](NC(=O)Cc3cccs3)C(=O)N12,0.1124,10.48,Inactive,Inactive
5748,Cc1nc2c(C(=O)NCCC(C)C)c[nH]n2c(=O)c1Cc1ccccc1F,0.1124,10.48,Inactive,Inactive
5749,COc1cc(C(F)(F)F)cc(C(F)(F)F)c1C(=O)NCc1cccs1,0.1124,10.48,Inactive,Inactive
5750,O=[N+]([O-])c1ccc(OCC(O)CNCCNc2ccccc2C(F)(F)F)cc1,0.1124,10.48,Inactive,Inactive
5751,COc1cc(C(=S)N2CCOCC2)ccc1OC(=O)c1cc([N+](=O)[O-])c(C)c([N+](=O)[O-])c1,0.1124,10.48,Inactive,Inactive
5752,CC1=C(C(=O)Nc2cccnc2)C(c2cccs2)NC(=O)N1,0.1124,10.48,Inactive,Inactive
5753,CC(=O)c1cc(C(C)=O)c(OC(=O)c2ccccc2[N+](=O)[O-])cc1OC(=O)c1ccccc1[N+](=O)[O-],0.1124,10.48,Inactive,Inactive
5754,COc1cccc(NNC(=O)c2ccc(F)cn2)c1,0.1124,10.48,Inactive,Inactive
5755,O=[N+]([O-])c1ccc(C2=NOC(c3ccc(N4CCN(Cc5ccccn5)CC4)cc3)C2)o1,0.1124,10.48,Inactive,Inactive
5756,COc1cc(/C=C2\SC(=O)NC2=O)cc(OC)c1OC,0.1124,10.48,Inactive,Inactive
5757,Cn1cc(NC(=O)c2cc(NC(=O)c3cc(NC=O)cn3C)cn2C)cc1C(=O)NCCCN1CCCC1,0.1124,10.48,Inactive,Inactive
5758,O=C1Nc2c(Cl)cccc2/C1=N/NC(=S)Nc1ccc(Cl)cc1,0.1124,10.48,Inactive,Inactive
5759,CCCCCCC1C2C(=O)C(=CC1[C@@H](O)C(=O)[C@H](O)CCC)[C@@H](C)CC1=C2C(=O)OC1=O,0.1124,10.48,Inactive,Inactive
5760,Cc1nc2cc(-c3ccccc3)ccc2c(=O)n1-c1cccc(Cl)c1,0.1124,10.48,Inactive,Inactive
5761,Cc1nc2ccc(NC(=O)C(F)(F)F)cc2o1,0.1124,10.48,Inactive,Inactive
5762,COc1c(Br)cc(-c2cccc(/C=C/C(=O)NCCCN(C)CCCN)c2)cc1Br,0.1124,10.48,Inactive,Inactive
5763,CC12CCC(C(=O)Nc3cccc(NC(=O)C45CCC(C)(C(=O)O4)C5(C)C)n3)(OC1=O)C2(C)C,0.1124,10.48,Inactive,Inactive
5764,N=C(N)NCCCCCNC(=O)[C@H](Cc1c[nH]c2ccccc12)NC(=O)c1cc(C(=O)N[C@@H](Cc2c[nH]c3ccccc23)C(=O)NCCCCCNC(=N)N)cc(C(=O)N[C@@H](Cc2c[nH]c3ccccc23)C(=O)NCCCCCNC(=N)N)c1,0.1124,10.48,Inactive,Inactive
5765,O=C(OCC(=O)c1ccccc1Cl)c1cnccn1,0.1124,10.48,Inactive,Inactive
5766,COCC(C)N1CCC(n2nccc2NC(=O)CCCc2ccccc2)CC1,0.1124,10.48,Inactive,Inactive
5767,COc1ccc(Nc2cc3sc(C)c(C)c3cc2C)cc1,0.1124,10.48,Inactive,Inactive
5768,CC(C)(C)OC(=O)N(Cc1ccccc1)CC(OS(=O)(=O)c1ccc([N+](=O)[O-])cc1)c1ccccc1,0.1124,10.48,Inactive,Inactive
5769,COC(=O)c1ccc(-c2ccco2)n1CC(=O)NC(C)c1ccccc1,0.1124,10.48,Inactive,Inactive
5770,COC(=O)c1ccc(-n2c(C)cc(C(=O)CCl)c2C)cc1,0.1124,10.48,Inactive,Inactive
5771,COC(=O)c1ccc(C=C(C#N)C#N)n1-c1ccc(F)cc1,0.1124,10.48,Inactive,Inactive
5772,CC(C)(C)OC(=O)N1CCN(C(=O)c2ccccc2C(=O)O)CC1,0.1124,10.48,Inactive,Inactive
5773,CC(=O)O[C@H]1CC[C@@]2(C)C(=C/C(=N\Nc3nc4nc5ccccc5nc4s3)[C@H]3[C@@H]4CC[C@H]([C@H](C)CCCC(C)C)[C@@]4(C)CC[C@@H]32)C1,0.1124,10.48,Inactive,Inactive
5774,COc1cc(CCCO)cc2cc(-c3ccc4c(c3)OCO4)oc12,0.1124,10.48,Inactive,Inactive
5775,O=C(OCc1nc2ccccc2s1)c1ccco1,0.1124,10.48,Inactive,Inactive
5776,N/C(=N\c1nc2ccccc2o1)NC(=O)/C=C/c1ccccc1,0.1124,10.48,Inactive,Inactive
5777,Cc1nc(C[P+](c2ccccc2)(c2ccccc2)c2ccccc2)c(C[P+](c2ccccc2)(c2ccccc2)c2ccccc2)c2c1OC(C(C)C)OC2,0.1124,10.48,Inactive,Inactive
5778,CCC1(c2ccccc2)NC(=O)N(CC(=O)NCc2ccc(F)cc2)C1=O,0.1124,10.48,Inactive,Inactive
5779,COc1ccc(/N=N/c2sc(N)nc2-c2ccc(NC(=O)c3ccccc3)cc2)cc1,0.1124,10.48,Inactive,Active
5780,CCC1OCc2c(C[P+](c3ccccc3)(c3ccccc3)c3ccccc3)c(C[P+](c3ccccc3)(c3ccccc3)c3ccccc3)nc(C)c2O1,0.1124,10.48,Inactive,Inactive
5781,COC(=O)c1ccccc1-n1cccc1C(=O)NP(=O)(N1CCOCC1)N1CCOCC1,0.1124,10.48,Inactive,Inactive
5782,COc1cc(CCC=O)cc2cc(-c3ccc4c(c3)OCO4)oc12,0.1124,10.48,Inactive,Inactive
5783,Cc1nn(-c2ccccc2)c(Oc2ccc(Cl)cc2Cl)c1/C=C1\SC(=S)N([C@@H](Cc2c[nH]c3ccccc23)C(=O)O)C1=O,0.1124,10.48,Inactive,Inactive
5784,COc1ccc(/C=C(\NC(=O)c2ccc(Cl)cc2)C(=O)NCCCn2ccnc2)cc1OC,0.1124,10.48,Inactive,Inactive
5785,Cc1ccccc1NC(=S)NCC(c1cccnc1)N(C)C,0.1124,10.48,Inactive,Inactive
5786,CN1C(=O)NC(c2ccccc2[N+](=O)[O-])C2=C1CCCC2=O,0.1124,10.48,Inactive,Active
5787,COc1ccc([C@H]2CC(=O)C=C(c3ccc4c5c(cccc35)CC4)C2)cc1,0.1124,10.48,Inactive,Inactive
5788,CC1Cc2ccccc2N1C(=O)CNc1ccccc1N1CCCCC1,0.1124,10.48,Inactive,Inactive
5789,COc1ccc(-c2cc3c(=O)n(CC(=O)Nc4ccc(Cl)cc4)nc(C)n3n2)cc1,0.1124,10.48,Inactive,Inactive
5790,O=C1OC(c2ccc(O)c(Br)c2)(c2ccc(O)c(Br)c2)c2c1ccc1ccccc21,0.1124,10.48,Inactive,Active
5791,Nc1cccc(C#Cc2ccc(N3C[C@H](CO)OC3=O)cc2F)n1,0.1124,10.48,Inactive,Inactive
5792,CN1C(=O)[C@@]2(CN(C)C3(c4ccccc4-n4c3nc3ccccc3c4=O)C2(C#N)C#N)c2ccccc21,0.1124,10.48,Inactive,Inactive
5793,CCCCOC(=O)C1=C(C)NC(=S)NC1c1cccs1,0.1124,10.48,Inactive,Inactive
5794,C[C@H]1COc2c(NCCCc3ccccc3)c(F)c(N)c3c(=O)c(C(N)=O)cn1c23,0.1124,10.48,Inactive,Inactive
5795,COc1ccc(OC)c(C2C(C(=O)c3ccco3)=C(O)C(=O)N2CCN2CCOCC2)c1,0.1124,10.48,Inactive,Inactive
5796,CN1CCCN(S(=O)(=O)c2ccc3c(c2)OCCO3)CC1,0.1124,10.48,Inactive,Inactive
5797,N#Cc1ccc(Nc2nc(Oc3ccnc4ccccc34)nc(N3CCCCC3)n2)cc1C(F)(F)F,0.1124,10.48,Inactive,Inactive
5798,CCCCCn1cc(CNS(=O)(=O)c2ccc(N)cc2)nn1,0.1124,10.48,Inactive,Inactive
5799,COc1ccc2c(c1)cc(-c1nc3cc(Br)ccc3[nH]1)c1nnnn12,0.1124,10.48,Inactive,Inactive
5800,Cc1cccc(S(=O)(=O)Nc2ccc(-c3cc(Nc4cccc(C(F)(F)F)c4)ncn3)cc2)c1,0.1124,10.48,Inactive,Inactive
5801,Nc1ccc(S(=O)(=O)Nc2nccc(-n3ccnc3)n2)cc1,0.1124,10.48,Inactive,Inactive
5802,COc1ccc2c(c1)cc(-c1nc3cc(C)ccc3[nH]1)c1nnnn12,0.1124,10.48,Inactive,Inactive
5803,COc1ccc2[nH]cc(CCCN3C(=O)c4ccccc4C3=O)c2c1,0.1124,10.48,Inactive,Inactive
5804,Cc1cccc(NC(=O)C2CCCN2S(=O)(=O)c2ccc3c(c2)n(C)c(=O)c(=O)n3C)c1,0.1124,10.48,Inactive,Inactive
5805,Nc1ccc(S(=O)(=O)NCc2nc3ccccc3c(=O)n2-c2ccccc2)cc1,0.1124,10.48,Inactive,Inactive
5806,Clc1ccc(Nc2nc(C3CC3)cs2)cc1,0.1124,10.48,Inactive,Inactive
5807,CCCCn1c(C(=O)/C=C/c2ccc(C)cc2)nc2ccccc21,0.1124,10.48,Inactive,Inactive
5808,O=C(c1cc(O)nc2ccccc12)N1CCN(c2ccccc2)CC1,0.1124,10.48,Inactive,Inactive
5809,COc1ccc(S(=O)(=O)N2CC(C(=O)O)Oc3ccccc32)cc1,0.1124,10.48,Inactive,Inactive
5810,CN(C)S(=O)(=O)c1ccc(C(=O)N=c2sc3cc(S(C)(=O)=O)ccc3n2C)cc1,0.1124,10.48,Inactive,Inactive
5811,COc1ccc(-n2c(-c3ccccc3)nc(C)c2C)cc1,0.1124,10.48,Inactive,Inactive
5812,Nc1nc(-c2ccc(NC(=O)c3ccccc3)cc2)c(/N=N/c2ccccc2)s1,0.1124,10.48,Inactive,Active
5813,Cc1cccc(CC2CC(=O)N(CCc3ccc4c(c3)OCO4)C2=O)c1,0.1124,10.48,Inactive,Inactive
5814,CC(=O)NC12CC3CC(C1)CC(C(=O)OCC(=O)Nc1cc(C)nn1-c1ccccc1)(C3)C2,0.1124,10.48,Inactive,Inactive
5815,COc1ccc(S(=O)(=O)Nc2ccc3c(c2)C(=O)N([C@H](C)CO)C[C@H](C)[C@@H](CN(C)C(=O)Nc2ccc4c(c2)OCO4)O3)cc1,0.1124,10.48,Inactive,Inactive
5816,CC(=O)NC[C@H]1CN(c2ccc(C3=NOC(CN4CCOCC4)C3)c(F)c2)C(=O)O1,0.1124,10.48,Inactive,Inactive
5817,COc1ccc(N=C2CC(C)(C)CC(=O)/C2=C(/O)c2ccccc2)cc1,0.1124,10.48,Inactive,Inactive
5818,CN(C)c1ccc(NC(=O)c2sc(SCC(=O)Nc3nccs3)nc2N)cc1,0.1124,10.48,Inactive,Inactive
5819,CCCC[n+]1ccc2c([nH]c3ccccc32)c1C(=O)/C=C/c1cc(OC)c(OC)c(OC)c1,0.1124,10.48,Inactive,Inactive
5820,OC(CC#CCN1CCOCC1)(c1ccccc1)c1ccccc1,0.1124,10.48,Inactive,Inactive
5821,Clc1ccc(Nc2nc3ccc(Cl)cc3s2)cc1,0.1124,10.48,Inactive,Inactive
5822,CC(=O)Nc1ccc(S(=O)(=O)C/C(=N/O)c2nccs2)cc1,0.1124,10.48,Inactive,Inactive
5823,CC(C)(C)C(=O)N1CCN(c2ccc([N+](=O)[O-])c(-n3nc(-c4ccccc4)c4ccccc4c3=O)c2)CC1,0.1124,10.48,Inactive,Inactive
5824,Cc1ccccc1-n1c(C)cc(/C=N/Nc2ccc([N+](=O)[O-])cn2)c1C,0.1124,10.48,Inactive,Inactive
5825,COc1ccc(-c2cc(=O)n(-c3cccc(Cl)c3)c(N3CCCC3)c2/N=N/c2cccc(C)c2)cc1,0.1124,10.48,Inactive,Inactive
5826,Cc1ccccc1C(=O)N1CCC(C(=O)N(CC(C)C)c2c(N)n(Cc3ccccc3)c(=O)[nH]c2=O)CC1,0.1124,10.48,Inactive,Inactive
5827,CCC(=O)OCc1cc(F)cc2c1OC(c1ccccc1)OC2,0.1124,10.48,Inactive,Inactive
5828,CC(=O)Nc1ccc(S(=O)(=O)Cc2nnc(SCC(=O)O)o2)cc1,0.1124,10.48,Inactive,Inactive
5829,Cc1cccc2c1NC(=O)/C2=N\NC(=S)Nc1ccc(F)cc1,0.1124,10.48,Inactive,Inactive
5830,C[C@H](NC(=O)N[C@@H](Cc1c[nH]c2ccccc12)C(=O)O)C(=O)N[C@H](C(=O)NC[C@H]1C[C@@H](O)[C@H](n2ccc(=O)[nH]c2=O)O1)[C@H](C)N(C)C(=O)[C@@H](N)Cc1ccc(O)cc1,0.1124,10.48,Inactive,Inactive
5831,CC(=O)Nc1ccc(S(=O)(=O)NCc2nc3ccccc3c(=O)n2-c2cccc(Br)c2)cc1,0.1124,10.48,Inactive,Inactive
5832,Cc1c(CC(=O)N[C@@H](C(=O)O)c2ccccc2)c(=O)oc2c(C)c3occ(-c4ccc(Cl)cc4)c3cc12,0.112,10.45,Inactive,Inactive
5833,CC(C)(C)OC(=O)N(Cc1ccccc1)CC(OS(=O)(=O)c1ccc(C#N)cc1)c1ccccc1,0.1072,10.03,Inactive,Inactive
5834,CCCC/C(CC)=N\N=C1/NC(=O)CS1,0.1072,10.03,Inactive,Inactive
5835,C/C(=N/NC(=O)Cc1cccn1C)c1ccccc1,0.1072,10.03,Inactive,Inactive
5836,c1ccc(C2=Nn3c(nnc3-c3cc(-c4ccccc4)n[nH]3)SC2)cc1,0.1072,10.03,Inactive,Inactive
5837,O=S(=O)(c1ccc2nnn(O)c2c1)N1CCCCC1,0.1072,10.03,Inactive,Inactive
5838,CC1C(c2ccccc2)N(C)C(c2ccccc2)CC1(O)c1ccccc1,0.1072,10.03,Inactive,Inactive
5839,O=C(NNc1c(F)c(F)c(F)c(F)c1F)c1ccoc1,0.1072,10.03,Inactive,Inactive
5840,CC1CC(C)CN(S(=O)(=O)c2ccc3c(c2)oc(=O)n3CC(=O)N(C)Cc2ccccc2)C1,0.1072,10.03,Inactive,Inactive
5841,CC(C)=CCCC1=CC=C(C=O)C(C)C1,0.1072,10.03,Inactive,Inactive
5842,CCC(C)C(=O)Nc1nnc(SCC(=O)NC2CCCC2)s1,0.1072,10.03,Inactive,Inactive
5843,O=S(=O)(c1ccccc1)c1nc(-c2cccs2)oc1NCC1CCCO1,0.1072,10.03,Inactive,Inactive
5844,O=C1CCCC2=C1C(c1cc3ccccc3[nH]c1=S)NC(=S)N2,0.1072,10.03,Inactive,Inactive
5845,CCN1CCN(c2nc(NN3C(=O)c4cccc5cccc(c45)C3=O)nc(N3CCOCC3)n2)CC1,0.1072,10.03,Inactive,Inactive
5846,O=C(NC(=S)N1CCN(Cc2ccc3c(c2)OCO3)CC1)c1cccc(Br)c1,0.1072,10.03,Inactive,Inactive
5847,C/C(=N\Nc1nc(-c2ccc(Cl)cc2Cl)cs1)C1CCCCC1,0.1072,10.03,Inactive,Inactive
5848,C#CC(=O)N(c1cccc(OC)c1)C(C(=O)NC1CCCC1)c1cccs1,0.1072,10.03,Inactive,Inactive
5849,O=S(=O)(Nc1ccc(-c2nc3ccccc3o2)cc1)c1ccc(Cl)c(Cl)c1,0.1072,10.03,Inactive,Inactive
5850,CC(C)C(=O)Nc1ccc(NC(=O)c2cc3ccccc3o2)cc1,0.1072,10.03,Inactive,Inactive
5851,O=S(=O)(Nc1ccc(-c2nc3ccccc3o2)cc1)c1ccc(Cl)c(C(F)(F)F)c1,0.1072,10.03,Inactive,Inactive
5852,C/C(=N/NC(=O)CNC(=O)C1COc2ccccc2O1)c1cccc(O)c1,0.1072,10.03,Inactive,Inactive
5853,C/C(=N\NC(=O)c1nn(C)cc1Br)c1ccncc1,0.1072,10.03,Inactive,Inactive
5854,O=C1Nc2ccccc2CCc2ccccc21,0.1072,10.03,Inactive,Inactive
5855,CC(C)=CCC[C@H](C)[C@H]1CC[C@]2(C)C[C@H]3[C@H]4/C(=C\C[C@@H]12)CO[C@@]4(O)C[C@@]3(C)O,0.1072,10.03,Inactive,Active
5856,O=C(NCCc1ccccc1)Oc1ccc(Cl)cc1C(=O)Nc1ccc(Cl)cc1,0.1072,10.03,Inactive,Inactive
5857,O=C1CCCc2nc(N3CCN(Cc4ccccc4)CC3)ncc21,0.1072,10.03,Inactive,Inactive
5858,CCOC(=O)C1(C(C)=O)C(c2ccc(N(C)C)cc2)N1c1ccc(/N=N/c2ccccc2)cc1,0.1072,10.03,Inactive,Active
5859,CC(C)CC(=O)O[C@H](C)[C@H]1C(=O)N2C(C(=O)OCc3ccc([N+](=O)[O-])cc3)=CS[C@@H]12,0.1072,10.03,Inactive,Inactive
5860,CCN1C(=O)[C@@]2(CN(C)C3(c4cc(Br)ccc4-n4c3nc3ccccc3c4=O)C2(C#N)C#N)c2ccccc21,0.1072,10.03,Inactive,Inactive
5861,CC(C)C[C@@H]1NC(=O)[C@H](CCCN)NC(=O)[C@H](C(C)C)NC(=O)[C@@H]2CCCN2C(=O)[C@@H](Cc2cccnc2)NC(=O)[C@H](CC(C)C)NC(=O)[C@H](CCCN)NC(=O)[C@H](C(C)C)NC(=O)[C@@H]2CCCN2C(=O)[C@@H](Cc2cccnc2)NC1=O,0.1072,10.03,Inactive,Inactive
5862,CCCCC(=O)c1c(O)cc(O)c(C(=O)C2CCCCC2)c1O,0.1072,10.03,Inactive,Inactive
5863,CCN1C(=O)[C@@]2(CN(C)C3(c4cc(I)ccc4-n4c3nc3ccccc3c4=O)C2(C#N)C#N)c2ccccc21,0.1072,10.03,Inactive,Inactive
5864,CCCC1OCc2c(C[P+](c3ccccc3)(c3ccccc3)c3ccccc3)c(C[P+](c3ccccc3)(c3ccccc3)c3ccccc3)nc(C)c2O1,0.1072,10.03,Inactive,Inactive
5865,CC(C)C[C@@H]1NC(=O)[C@H](CCCN)NC(=O)[C@H](C(C)C)NC(=O)[C@@H]2CCCN2C(=O)/C(=C/c2ccccc2)NC(=O)[C@H](CC(C)C)NC(=O)[C@H](CCCN)NC(=O)[C@H](C(C)C)NC(=O)[C@@H]2CCCN2C(=O)/C(=C/c2ccccc2)NC1=O,0.1072,10.03,Inactive,Inactive
5866,S=c1[nH]c2c(c(=S)[nH]1)C(c1ccccc1)c1ccccc1O2,0.1072,10.03,Inactive,Inactive
5867,S=c1n(CN2CCCCC2)nc(Cc2ccccc2Nc2c(Cl)cccc2Cl)n1/N=C/c1ccccc1,0.1072,10.03,Inactive,Inactive
5868,CCN1C(=O)[C@@]2(CN(C)C3(c4cc(OC)ccc4-n4c3nc3ccccc3c4=O)C2(C#N)C#N)c2ccccc21,0.1072,10.03,Inactive,Inactive
5869,CCN1C(=O)[C@@]2(CN(C)C3(c4ccccc4-n4c3nc3ccccc3c4=O)C2(C#N)C#N)c2ccccc21,0.1072,10.03,Inactive,Inactive
5870,O=C(NCCCCNCCCNC(=O)C(=O)c1c[nH]c2cc(Br)ccc12)C(=O)c1c[nH]c2cc(Br)ccc12,0.1072,10.03,Inactive,Inactive
5871,O=S(=O)(c1cccs1)N(Cc1ccccc1)Cc1ccccc1,0.1072,10.03,Inactive,Inactive
5872,CC(C)Oc1ccc(CNC(=O)Oc2ccccc2)cc1,0.1072,10.03,Inactive,Inactive
5873,CCOC(=O)C1=C(Nc2ccc(OC)cc2)S/C(=C\c2cc(OC)c(OC)c(OC)c2)C1=O,0.1072,10.03,Inactive,Inactive
5874,O=C1CC(N2CCCCC2CCO)C(=O)N1c1ccccc1,0.1072,10.03,Inactive,Inactive
5875,CC1=C(C#N)CCC(=O)N1Cc1c(C)cc(C)cc1C,0.1072,10.03,Inactive,Inactive
5876,CCN1CCN(C(=O)Cc2coc3cc(C)cc(C)c23)CC1,0.1072,10.03,Inactive,Inactive
5877,CCN1CCN(S(=O)(=O)c2c(C)[nH]c(C)c2C(=O)N2CCCCC2)CC1,0.1072,10.03,Inactive,Inactive
5878,Brc1ccc2[nH]c(-c3cc4ccccc4n4nnnc34)nc2c1,0.1072,10.03,Inactive,Inactive
5879,CC(C)CNC(=O)c1cccc(NC(=O)C2CCCO2)c1,0.1072,10.03,Inactive,Inactive
5880,CC(NC(=O)COc1ccccc1)C(=O)OCC(=O)c1cc2ccccc2o1,0.1072,10.03,Inactive,Inactive
5881,CCCC(=O)Nc1cccn(Cc2cccc(OC)c2)c1=O,0.1072,10.03,Inactive,Inactive
5882,O=C1Nc2ccccc2C1C(C(=O)c1ccccc1)c1c(-c2ccccc2)[nH]c2ccccc12,0.1072,10.03,Inactive,Inactive
5883,CC1CCCCN1C(=O)c1ccccc1NC(=O)c1ccco1,0.1072,10.03,Inactive,Inactive
5884,CCC(=O)Nc1nonc1-c1nc2ccccc2n1CC(C)C,0.1072,10.03,Inactive,Inactive
5885,O=C(NC1CCCCCC1)C1CCN(S(=O)(=O)c2cnc[nH]2)CC1,0.1072,10.03,Inactive,Inactive
5886,O=C(NCC(=O)N1CCN(c2ccc(N3C[C@H](Cn4ccnn4)OC3=O)cc2F)CC1)c1cccs1,0.1072,10.03,Inactive,Inactive
5887,CC(C)=NOCC(=O)Nn1c(COc2ccccc2)nc2ccccc2c1=O,0.1072,10.03,Inactive,Inactive
5888,C/C(=N\NC(=O)C1CC1c1ccccc1)c1ccc(NC(=O)c2ccco2)cc1,0.1072,10.03,Inactive,Inactive
5889,C/C(=N\NC(=N)N)c1sc(-c2ccc(C#Cc3ccc(N)cc3)cc2)nc1C,0.1072,10.03,Inactive,Inactive
5890,CCC(Sc1nc2ccccc2c(=O)n1CC1CCCO1)C(=O)NCc1cccnc1,0.1072,10.03,Inactive,Inactive
5891,O=C(NCc1cccc(Cl)c1)c1cccc(C(F)(F)F)c1,0.1072,10.03,Inactive,Inactive
5892,O=C(NCc1ccc2c(c1)OCO2)c1ccc(-n2cnnn2)cc1,0.1072,10.03,Inactive,Inactive
5893,CCOC(=O)C1(C(C)=O)C(c2ccc(N(C)C)cc2)N1c1ccc(/N=N/c2cccc(C(=O)O)c2)cc1,0.1072,10.03,Inactive,Active
5894,CC(C)=N/N=C1\NC(=O)CS1,0.1072,10.03,Inactive,Inactive
5895,CCOC(=O)C(CC)Sc1ccc2nnc(-c3cccnc3)n2n1,0.1072,10.03,Inactive,Inactive
5896,CCC(CC)=N/N=C1\NC(=O)CS1,0.1072,10.03,Inactive,Inactive
5897,C#CC[n+]1ccc2c([nH]c3ccccc32)c1C(=O)/C=C/c1cc(OC)c(OC)c(OC)c1,0.1072,10.03,Inactive,Inactive
5898,CCOC(=O)C(Cc1ccc(OCc2cc(=O)oc3c2ccc2ccccc23)cc1)NC(=O)c1ccccc1,0.1072,10.03,Inactive,Inactive
5899,O=Cc1cn(-c2nc(-c3cc4ccccc4oc3=O)cs2)nc1-c1ccccc1,0.1072,10.03,Inactive,Inactive
5900,CCOC(=O)C1(C(C)=O)C(c2ccc(N(C)C)cc2)N1c1ccc(/N=N/c2ccc(Cl)cc2)cc1,0.1072,10.03,Inactive,Active
5901,O=C(NCC(=O)N(Cc1cccs1)C(C(=O)NC1CCCC1)c1cccnc1)c1ccco1,0.1072,10.03,Inactive,Inactive
5902,O=Cc1cn(-c2nc(-c3cc4cc(Cl)ccc4oc3=O)cs2)nc1-c1ccc(Cl)cc1,0.1072,10.03,Inactive,Inactive
5903,CCOC(=O)C1(C(C)=O)C(c2ccc(N(C)C)cc2)N1c1ccc(/N=N/c2ccc([N+](=O)[O-])cc2)cc1,0.1072,10.03,Inactive,Active
5904,O=C(NCCc1ccccc1)Oc1ccccc1C(=O)Nc1ccccc1,0.1072,10.03,Inactive,Inactive
5905,c1ccc(N=P(N2CCOCC2)(N2CCOCC2)N2CCOCC2)cc1,0.1072,10.03,Inactive,Inactive
5906,O=C(NCCc1ccccc1)Oc1ccc(Cl)cc1C(=O)Nc1ccc(F)cc1,0.1072,10.03,Inactive,Inactive
5907,CCC(=O)NC(=S)Nc1cccc(Cl)c1N1CCCC1,0.1072,10.03,Inactive,Inactive
5908,CC(C)c1ccc(NC(=S)NC(=O)c2cnn(C)c2)cc1,0.1072,10.03,Inactive,Inactive
5909,CCC(C)c1ccccc1NC(=S)NC(=O)c1cnn(C)c1,0.1072,10.03,Inactive,Inactive
5910,O=C(NCCc1c[nH]c2ccccc12)C(=O)NCC(c1ccco1)N1CCN(c2ccccc2)CC1,0.1072,10.03,Inactive,Inactive
5911,O=C(NC1CCCCC1)c1nn2c(C(F)(F)F)cc(-c3ccco3)nc2c1Br,0.1072,10.03,Inactive,Inactive
5912,O=C(NC1CCCCC1)Oc1ccc(Cl)cc1C(=O)Nc1ccc(Br)cc1,0.1072,10.03,Inactive,Inactive
5913,CC(C)(C)C(=O)C(C#N)=P(c1ccccc1)(c1ccccc1)c1ccccc1,0.1072,10.03,Inactive,Inactive
5914,CC1CCCN(c2ccc(C(=O)NCc3ccco3)cc2[N+](=O)[O-])C1,0.1072,10.03,Inactive,Inactive
5915,CCOC(=O)C1/C(=N\O)CC(C(C)(C)C)NC1C(C)(C)C,0.1072,10.03,Inactive,Inactive
5916,CC(C)CSc1ncnc2c1oc1nc3c(cc12)COC(C)(C)C3,0.1072,10.03,Inactive,Inactive
5917,CC1CCN(S(=O)(=O)c2cnc(Cl)c(Br)c2)CC1,0.1072,10.03,Inactive,Inactive
5918,CC1=CC2C(CC1)C(C)(C)OC21CC(=O)C=CC1=O,0.1072,10.03,Inactive,Inactive
5919,CC(C)(C)OC(=O)Nc1cccnc1C(=O)Nc1nccs1,0.1072,10.03,Inactive,Active
5920,O=S(=O)(Cc1nnc(-c2ccc(Cl)cc2)s1)Nc1ccc(Cl)cc1,0.1072,10.03,Inactive,Inactive
5921,CC(C)c1ccc(N(C(=O)C(F)(F)F)C(C(=O)NC2CCCCC2)c2ccncc2)cc1,0.1072,10.03,Inactive,Inactive
5922,CCNC(=S)Nc1nnc2c(Cl)nc3ccc(C)cc3n12,0.1072,10.03,Inactive,Inactive
5923,CCOC(=O)C1=C(C)Nc2nc3ccccc3n2C1c1cccs1,0.1072,10.03,Inactive,Inactive
5924,O=C1CCC(=O)N1c1ccc(S(=O)(=O)N2CCCC2)cc1,0.1072,10.03,Inactive,Inactive
5925,CCOC(=O)C1(C(C)=O)C(c2ccc(N(C)C)cc2)N1c1ccc(/N=N/c2cccc(OC)c2)cc1,0.1072,10.03,Inactive,Active
5926,CC(C)C[C@@H]1NC(=O)[C@H](CC(=O)O)NC(=O)[C@H](CC(N)=O)NC(=O)[C@@H](Cc2ccccc2)NC(=O)[C@H](Cc2ccccc2)NC(=O)[C@@H]2CCCN2C(=O)[C@@H](Cc2ccc(O)cc2)NC(=O)[C@H](CC(C)C)NC(=O)[C@H](CCCN)NC(=O)[C@H](C(C)C)NC1=O,0.1072,10.03,Inactive,Inactive
5927,CCOC(=O)/C(=N\Nc1ccccc1Cl)N1CCN(c2ccccc2OC)CC1,0.1072,10.03,Inactive,Inactive
5928,O=Cc1cn(-c2nc(-c3cc4cc(Br)cc(Br)c4oc3=O)cs2)nc1-c1ccccc1,0.1072,10.03,Inactive,Inactive
5929,CCOC(=O)C1(C(C)=O)C(c2ccc(N(C)C)cc2)N1c1ccc(/N=N/c2cccc(Cl)c2)cc1,0.1072,10.03,Inactive,Active
5930,CC1=C(O)C(C)(C2CCCC2)SC1=O,0.1072,10.03,Inactive,Inactive
5931,O=C(NCCCCCCCCCCCCNC(=O)C(=O)c1c[nH]c2cc(Br)ccc12)C(=O)c1c[nH]c2cc(Br)ccc12,0.1072,10.03,Inactive,Inactive
5932,CC(C)CNC(=O)c1cc2nc3c(c(C(F)(F)F)n2n1)CCc1ccccc1-3,0.1072,10.03,Inactive,Inactive
5933,CC(C)(C)c1ccc(-c2nc3cc(NC(=O)c4cc5ccccc5o4)ccc3o2)cc1,0.1072,10.03,Inactive,Inactive
5934,O=Cc1cn(-c2nc(-c3cc4cc(Br)ccc4oc3=O)cs2)nc1-c1ccc(Cl)cc1,0.1072,10.03,Inactive,Inactive
5935,CC(C)C[C@@H]1NC(=O)[C@H](C)NC(=O)[C@H](C(C)C)NC(=O)[C@@H]2CCCN2C(=O)/C(=C/c2cccnc2)NC(=O)[C@H](CC(C)C)NC(=O)[C@H](CCCN)NC(=O)[C@H](C(C)C)NC(=O)[C@@H]2CCCN2C(=O)/C(=C/c2cccnc2)NC1=O,0.1072,10.03,Inactive,Inactive
5936,c1ccc(CN2CCC(Nc3ncnc4c3Cc3ccccc3O4)CC2)cc1,0.1072,10.03,Inactive,Active
5937,CC(=O)C1=C(c2cccc([N+](=O)[O-])c2)N(C(C)=O)n2c(C)nnc2S1,0.1072,10.03,Inactive,Active
5938,O=C1C2=C(Nc3ccccc3SC2c2ccc(C(F)(F)F)cc2)c2ccccc21,0.1072,10.03,Inactive,Inactive
5939,O=c1cc(-c2ccc(F)cc2)nc2[nH]c3ccccc3n12,0.1072,10.03,Inactive,Inactive
5940,C=CCN(C1CCCCC1)S(=O)(=O)c1ccc2c(c1)oc(=O)n2C,0.1072,10.03,Inactive,Inactive
5941,C=CCN=C1NN=C(c2ccc(Cl)cc2)CS1,0.1072,10.03,Inactive,Active
5942,C=CCNC(=O)/C(C#N)=C/c1ccc(OS(=O)(=O)c2ccc(C)cc2)c(OC)c1,0.1072,10.03,Inactive,Inactive
5943,CCCn1c(SCC(=O)Nc2cccc(NC(C)=O)c2)nnc1C(C)C,0.1072,10.03,Inactive,Inactive
5944,CCCn1c(NC(=O)c2ccc3ccccc3n2)nc2ccccc21,0.1072,10.03,Inactive,Inactive
5945,O=c1cc(-c2ccc(C(F)(F)F)cc2)nc2[nH]c3ccccc3n12,0.1072,10.03,Inactive,Inactive
5946,O=C1CSC(=S)N1Cc1nnc(-c2ccccc2Br)o1,0.1072,10.03,Inactive,Inactive
5947,O=c1cc(-c2cccc(Cl)c2)nc2[nH]c3ccccc3n12,0.1072,10.03,Inactive,Inactive
5948,CCCCCC[n+]1cccc(-c2nc(-c3ccccc3)c3c(=O)[nH]c4ccccc4n23)c1,0.1072,10.03,Inactive,Inactive
5949,O=C(Nc1ccccc1[N+](=O)[O-])c1cccc(N2C(=O)CCC2=O)c1,0.1072,10.03,Inactive,Inactive
5950,O=C(Nc1cccnc1)NC12CC3CC(CC(C3)C1)C2,0.1072,10.03,Inactive,Inactive
5951,O=C(c1ccc2c(c1)OCCO2)C1CCN(C(=O)c2ccc(F)cc2)CC1,0.1072,10.03,Inactive,Inactive
5952,O=c1cc(-c2cccc(F)c2)nc2[nH]c3ccccc3n12,0.1072,10.03,Inactive,Inactive
5953,CC(C)Cc1nnc2c(C(=O)NC3c4ccccc4-c4ccccc43)cccn12,0.1072,10.03,Inactive,Active
5954,O=c1ccc(-c2ccccc2)nn1Cc1ccncc1,0.1072,10.03,Inactive,Active
5955,CCCCCCn1c(Cn2cnc3c(N4CCCCC4)ncnc32)nc2ccccc21,0.1072,10.03,Inactive,Inactive
5956,O=c1c2ccccc2nc(-c2c(F)cccc2F)n1Cc1cn(CCC(F)(F)C(F)(F)C(F)(F)C(F)(F)C(F)(F)C(F)(F)F)nn1,0.1072,10.03,Inactive,Inactive
5957,O=C(Nc1ccccc1)c1ccn(C(=O)c2ccccc2Cl)n1,0.1072,10.03,Inactive,Inactive
5958,O=C(Nc1ccccc1)c1cccnc1N1CCOCC1,0.1072,10.03,Inactive,Inactive
5959,C=CCCCCCCC1(C)SC(=O)C(C)=C1O,0.1072,10.03,Inactive,Inactive
5960,O=c1c2c3c(sc2nc2sc(Cc4ccccc4)nn12)CCCC3,0.1072,10.03,Inactive,Inactive
5961,C=CC(=O)Nc1nc(-c2ccc(OCc3c(Cl)cccc3Cl)cc2)c(C(=O)OCC)s1,0.1072,10.03,Inactive,Inactive
5962,O=C1CSC(=S)N1Cc1nnc(-c2cccc(Cl)c2)o1,0.1072,10.03,Inactive,Inactive
5963,CC1(C)O[C@@H]2C[C@H]3[C@@H]4C[C@H](F)C5=CC(=O)C=C[C@]5(C)[C@@]4(F)[C@@H](O)C[C@]3(C)[C@]2(C(=O)CO)O1,0.1072,10.03,Inactive,Inactive
5964,O=c1c2ccc(Cl)cc2nc(/C=C/c2ccc(Cl)cc2)n1-c1ccc(OCC2CO2)cc1,0.1072,10.03,Inactive,Inactive
5965,O=C(Nc1ccccc1)N1CCCN(Cc2ccc(F)cc2)C1,0.1072,10.03,Inactive,Inactive
5966,C=CCC1(C)SC(=O)C(C)=C1O,0.1072,10.03,Inactive,Inactive
5967,O=C1CC(SCCc2nc3ccccc3[nH]2)C(=O)N1c1ccc(F)c(Cl)c1,0.1072,10.03,Inactive,Inactive
5968,O=c1c2ccc(Cl)cc2nc(/C=C/c2ccccc2[N+](=O)[O-])n1-c1ccc(OCC2CO2)cc1,0.1072,10.03,Inactive,Inactive
5969,C=CCCC1(C)SC(=O)C(C)=C1O,0.1072,10.03,Inactive,Inactive
5970,O=c1c2ccc([N+](=O)[O-])cc2nc(/C=C/c2ccc(Cl)cc2)n1-c1ccc(OCC2CO2)cc1,0.1072,10.03,Inactive,Inactive
5971,O=C(Nc1ccccc1)c1ccc2nsnc2c1,0.1072,10.03,Inactive,Inactive
5972,CC1(C)CCC[C@]2(C)[C@H]3CC/C(=C\OS(=O)(=O)O)[C@H](CCC4=CCNC4=O)[C@@]3(C)CC[C@@H]12,0.1072,10.03,Inactive,Inactive
5973,O=C(Nc1ccccc1)c1cccc(-c2nnc(-c3ccccc3)o2)c1,0.1072,10.03,Inactive,Inactive
5974,C=CCCCCC1(C)SC(=O)C(C)=C1O,0.1072,10.03,Inactive,Inactive
5975,O=C1N(c2ccccc2)C(c2ccccc2)N2CCCN12,0.1072,10.03,Inactive,Inactive
5976,CC1(C)C=Cc2c(ccc3c2O[C@H]2c4ccc(O)cc4OC[C@@H]32)O1,0.1072,10.03,Inactive,Inactive
5977,CC(=O)Nc1ccc(S(=O)(=O)C/C(=N/NC(=O)c2ccccc2O)c2nccs2)cc1,0.1072,10.03,Inactive,Inactive
5978,CCCCSc1nnc(CS(=O)(=O)c2ccc(NC(C)=O)cc2)o1,0.1072,10.03,Inactive,Inactive
5979,CC(C)N=C1NN=C(c2ccc(F)cc2)CS1,0.1072,10.03,Inactive,Inactive
5980,CC(C)N(Cc1nc(-c2ccccc2)no1)C(=O)c1ccc(Cl)cc1,0.1072,10.03,Inactive,Inactive
5981,CC(=O)NC[C@H]1CN(c2ccc(N3CCN(C(=O)C4CC(c5ccc6c(c5)OCO6)=NO4)CC3)c(F)c2)C(=O)O1,0.1072,10.03,Inactive,Inactive
5982,O=C(c1ccc(-n2cccn2)cc1)N1CCN(c2ncccc2C(F)(F)F)CC1,0.1072,10.03,Inactive,Inactive
5983,CCCOc1ccc(CN(CCC#N)C(=S)NC(=O)c2ccccc2)cc1,0.1072,10.03,Inactive,Inactive
5984,CC(C)N(c1nccc(-n2cncn2)n1)C(C)C,0.1072,10.03,Inactive,Inactive
5985,CC(C)N1CSC(=S)N(Cc2ccccc2)C1,0.1072,10.03,Inactive,Active
5986,OC(COCc1cccs1)CN1CCN(c2ccccn2)CC1,0.1072,10.03,Inactive,Inactive
5987,CCCCc1nc(Cl)c(C2NC(=O)NC(C)=C2C(=O)OCC)n1S(=O)(=O)c1ccc(C(C)(C)C)cc1,0.1072,10.03,Inactive,Inactive
5988,CC(C)N1CCC(=O)N(c2ccccc2)C1=O,0.1072,10.03,Inactive,Inactive
5989,CCCN(CCC)CCCNS(=O)(=O)c1ccc2c(c1)oc(=O)n2C,0.1072,10.03,Inactive,Inactive
5990,CCCN(CCC)C(=O)CN(C)CC(O)Cn1c(=O)c2ccccc2n(C)c1=O,0.1072,10.03,Inactive,Inactive
5991,CCCCc1nc(Cl)c(C2NC(=O)NC(C)=C2C(=O)OCC)n1S(=O)(=O)c1ccccc1,0.1072,10.03,Inactive,Inactive
5992,CC(=O)N/N=C\c1ccccc1OC/C=C/c1ccccc1,0.1072,10.03,Inactive,Inactive
5993,CC(=O)C[C@H]1/C=C(\C)[C@@H](O)C[C@H]2C(C(C)C)=CC(=O)O[C@]2(C)CC[C@@H](C)C1=O,0.1072,10.03,Inactive,Inactive
5994,O=C(Nc1ncncn1)NC12CC3CC(CC(C3)C1)C2,0.1072,10.03,Inactive,Inactive
5995,O=C(O)CC1(CC(=O)N2CCN(C(c3ccccc3)c3ccccc3)CC2)CCCC1,0.1072,10.03,Inactive,Active
5996,O=C(Nc1nc(-c2ccc(Br)cc2)cs1)c1ccc2ccccc2c1,0.1072,10.03,Inactive,Inactive
5997,CCCc1ccccc1NC(=S)NC(=O)c1cnn(C)c1,0.1072,10.03,Inactive,Inactive
5998,CCCCCc1nnc(NC(=O)CS(=O)(=O)Cc2ccccc2)s1,0.1072,10.03,Inactive,Inactive
5999,CCCCCn1c(N2CCN(Cc3ccccc3)CC2)nc2c1c(=O)[nH]c(=O)n2C,0.1072,10.03,Inactive,Inactive
6000,CC(=O)Nc1ccc(C(=O)Nc2nc(-c3cc(C)n(Cc4ccccc4)c3C)cs2)cc1,0.1072,10.03,Inactive,Inactive
6001,O=C1N(Cc2cccc3ccccc23)c2ccccc2C12NN=C(c1ccccc1)S2,0.1072,10.03,Inactive,Inactive
6002,CCCCNC(=O)Oc1cccc(N2CCCC2=O)c1,0.1072,10.03,Inactive,Inactive
6003,O=C(Nc1nc(-c2ccccc2)cs1)c1ccc2ccccc2c1,0.1072,10.03,Inactive,Inactive
6004,C=C[C@]1(C)C=C2[C@@H](O)C[C@H]3C(C)(C)C(=O)CC[C@]3(C)[C@]2(O)C(=O)C1,0.1072,10.03,Inactive,Active
6005,C=C[C@]1(C)CCC2=C(CC[C@@H]3[C@](C)(OC(=O)CC(=O)OC)CCC[C@@]23C)C1,0.1072,10.03,Inactive,Inactive
6006,CC(C)Nc1cccc(Sc2ccc(C(=O)c3ccccc3C(=O)O)cc2[N+](=O)[O-])c1,0.1072,10.03,Inactive,Inactive
6007,CC(C)Cc1oc(C(=O)O)cc1CN1CCOCC1,0.1072,10.03,Inactive,Inactive
6008,OCCN(CCO)c1nccc(-n2cncn2)n1,0.1072,10.03,Inactive,Inactive
6009,CC(=O)NNC(=O)c1ccc(-n2cccc2)cc1,0.1072,10.03,Inactive,Inactive
6010,O=C1CSC(c2cc3ccccc3nc2Cl)N1c1ccccc1,0.1072,10.03,Inactive,Inactive
6011,O=C(Nc1ncccn1)NC12CC3CC(CC(C3)C1)C2,0.1072,10.03,Inactive,Inactive
6012,O=C(Nc1nccnn1)NC12CC3CC(CC(C3)C1)C2,0.1072,10.03,Inactive,Inactive
6013,O=c1c2c3c(sc2nc2sc(-c4ccc([N+](=O)[O-])cc4)nn12)CCCC3,0.1072,10.03,Inactive,Inactive
6014,CCCCCCOC(=O)Sc1nc2ccccc2o1,0.1072,10.03,Inactive,Inactive
6015,CC(C)C[C@@H]1NC(=O)[C@H](CCCN)NC(=O)[C@H](C(C)C)NC(=O)[C@@H]2CCCN2C(=O)[C@H](Cc2ccccc2)NC(=O)[C@H](CC(C)C)NC(=O)[C@H](CCCN)NC(=O)[C@H](C(C)C)NC(=O)[C@@H]2CCCN2C(=O)[C@H](Cc2ccc(N(Cc3ccccc3)Cc3ccccc3)cc2)NC1=O,0.1072,10.03,Inactive,Inactive
6016,CC(=O)c1c(N2CCN(C(=O)C3CCCO3)CC2)nc(=S)n(-c2ccccc2)c1C,0.1072,10.03,Inactive,Inactive
6017,S=C(NCc1ccc(Cl)cc1)NN1CCOCC1,0.1072,10.03,Inactive,Inactive
6018,C/C=C1\NC(=O)C(NC(=O)c2ccc(-c3nnn(CC(=O)N(C)C)n3)cc2)C(O)CNC(=O)C(C(O)CN)NC(=O)C(C(O)CN)NC(=O)[C@H](CCCNC(=N)N)NC(=O)[C@H](CC(C)C)NC(=O)[C@H](CCN)NC1=O,0.1072,10.03,Inactive,Inactive
6019,O=[N+]([O-])c1ccc(C2=NOC(c3ccc(N4CCOCC4)cc3)C2)o1,0.1072,10.03,Inactive,Inactive
6020,C1CCC(n2nnnc2CN2CCN(C3CCCC3)CC2)CC1,0.1072,10.03,Inactive,Inactive
6021,O=[N+]([O-])c1ccc(N2CCCC2)c(F)c1Br,0.1072,10.03,Inactive,Inactive
6022,C=C(C(O)/C=C/C(C)(O)COC(C)=O)[C@@H]1CC(=O)[C@@]2(C)[C@@H]1[C@@H]1[C@H](C)CC[C@@H]12,0.1072,10.03,Inactive,Inactive
6023,O=C(Nc1ccc(Cl)cc1)N1CCCN(Cc2ccc(F)cc2)C1,0.1072,10.03,Inactive,Inactive
6024,CC(=O)C1=C(c2ccccc2)N(C(C)=O)n2c(C)nnc2S1,0.1072,10.03,Inactive,Active
6025,C=C1CCC[C@H]2[C@](C)(CC3=C(O)C(=O)C=C(OC)C3=O)[C@@H](C)CC[C@]12C,0.1072,10.03,Inactive,Inactive
6026,O=C(O)c1c(-c2ccco2)sc2c(C3CC3)c(Cc3cccc4ccccc34)cc(=O)n12,0.1072,10.03,Inactive,Inactive
6027,CC1(c2ccc(Br)s2)CC(c2ccc(Br)s2)=Cc2ncnc(N)c21,0.1072,10.03,Inactive,Inactive
6028,CCCCCCCCCCCCO[C@@H]1O[C@@H](C)[C@H](O[C@@H]2O[C@@H](C)[C@H](OC(C)=O)[C@@H](O[C@@H]3O[C@@H](C)[C@H](O)[C@@H](OC(C)=O)[C@H]3OC(C)=O)[C@H]2O)[C@@H](O)[C@H]1O,0.1072,10.03,Inactive,Inactive
6029,CCCCCCCCCCCCO[C@@H]1O[C@@H](C)[C@H](O[C@@H]2O[C@@H](C)[C@H](OC(C)=O)[C@@H](O[C@@H]3O[C@@H](C)[C@H](OC(C)=O)[C@@H](O)[C@H]3OC(C)=O)[C@H]2O)[C@@H](O)[C@H]1O,0.1072,10.03,Inactive,Inactive
6030,O=C(Nc1ccc(Cl)cc1)N1CCN(Cc2ccccc2F)C1,0.1072,10.03,Inactive,Inactive
6031,C=C(CC(=O)C=C(C)C)[C@@H]1CC(=O)[C@@]2(C)[C@@H]1[C@@H]1[C@H](C)CC[C@@H]12,0.1072,10.03,Inactive,Inactive
6032,CCCCCCCCCCCCSc1nnc(CS(=O)(=O)c2ccc(NC(C)=O)cc2)o1,0.1072,10.03,Inactive,Inactive
6033,O=[N+]([O-])c1ccc(C2=NOC(c3ccc(N4CCOCC4)c(F)c3)C2)o1,0.1072,10.03,Inactive,Inactive
6034,S=C(NN=C1C2CC3CC(C2)CC1C3)Nc1ccccc1,0.1072,10.03,Inactive,Inactive
6035,O=[N+]([O-])c1ccc(/C(Cn2nnc3ccccc32)=N\Nc2nc(-c3ccc([N+](=O)[O-])cc3)cs2)cc1,0.1072,10.03,Inactive,Inactive
6036,O=[N+]([O-])c1ccc(/C(Cn2nnc3ccccc32)=N\Nc2nc(-c3cc(C(F)(F)F)cc(C(F)(F)F)c3)cs2)cc1,0.1072,10.03,Inactive,Inactive
6037,CCN(CCO)c1nccc(-n2cncn2)n1,0.1072,10.03,Inactive,Inactive
6038,CCCCC1OCc2c(C[P+](c3ccccc3)(c3ccccc3)c3ccccc3)c(C[P+](c3ccccc3)(c3ccccc3)c3ccccc3)nc(C)c2O1,0.1072,10.03,Inactive,Inactive
6039,C/C=C/C(C)=C/[C@@]1(C)SC(=O)C(C)=C1O,0.1072,10.03,Inactive,Active
6040,O=C(O)n1nnnc1NCCc1c[nH]c2ccccc12,0.1072,10.03,Inactive,Inactive
6041,CCCCCC1OCc2c(C[P+](c3ccccc3)(c3ccccc3)c3ccccc3)c(C[P+](c3ccccc3)(c3ccccc3)c3ccccc3)nc(C)c2O1,0.1072,10.03,Inactive,Inactive
6042,O=C1CCc2c(cccc2N2CCN(CC(O)CN3CCCCC3)CC2)N1,0.1072,10.03,Inactive,Inactive
6043,CC(C(=O)Nc1cccnc1)N1C(=O)C2C3C=CC(C3)C2C1=O,0.1072,10.03,Inactive,Inactive
6044,CCN(CC)c1ccc(NC(=O)COC(=O)C23CCC(=O)N2c2ccccc2S3)cc1,0.1072,10.03,Inactive,Inactive
6045,CC(=O)c1nnc2c(C#N)c(N3CCCCC3)nn2c1C,0.1072,10.03,Inactive,Inactive
6046,CCN(CC)c1ccc(C(=O)NC(=S)N2CCN(Cc3ccc4c(c3)OCO4)CC2)cc1,0.1072,10.03,Inactive,Inactive
6047,CCN(CC)S(=O)(=O)c1ccc(N2CCOCC2)c(C(=O)O)c1,0.1072,10.03,Inactive,Inactive
6048,O=[N+]([O-])c1ccc(-c2csc(N/N=C(/Cn3nnc4ccccc43)c3cc(C(F)(F)F)cc(C(F)(F)F)c3)n2)cc1,0.1072,10.03,Inactive,Inactive
6049,O=[N+]([O-])c1ccc(-c2csc(Nc3nc(Nc4ccc(Br)cc4)nc(Nc4ccc(Br)cc4)n3)n2)cc1,0.1072,10.03,Inactive,Inactive
6050,CCCCCCCC1OCc2c(C[P+](c3ccccc3)(c3ccccc3)c3ccccc3)c(C[P+](c3ccccc3)(c3ccccc3)c3ccccc3)nc(C)c2O1,0.1072,10.03,Inactive,Inactive
6051,S=C(Nc1ccccc1)Nc1ccccc1/N=C/c1ccc(Cl)cc1,0.1072,10.03,Inactive,Inactive
6052,O=C(Nc1ccc(Cl)cc1)Nc1ccc2ncnc(Sc3nnc(-c4cccnc4)o3)c2c1,0.1072,10.03,Inactive,Inactive
6053,O=[N+]([O-])c1ccccc1NCCNCC(O)COc1ccc(C(F)(F)F)cc1,0.1072,10.03,Inactive,Inactive
6054,CC(=O)Oc1ccc2ccccc2c1/C=N/N(C(C)=O)C(=O)CCn1c(C)nc2ccccc21,0.1072,10.03,Inactive,Inactive
6055,O=C(Nc1cccc(-c2nc3ccccc3[nH]2)c1)c1ccc(C(=O)Nc2cccc(-c3nc4ccccc4[nH]3)c2)cc1,0.1072,10.03,Inactive,Inactive
6056,CC(=O)Nc1cccc(Sc2ccc(C(=O)c3ccccc3C(=O)O)cc2[N+](=O)[O-])c1,0.1072,10.03,Inactive,Inactive
6057,CC1(C)SC2C(NC(=O)N/C=C/c3ccc4ccccc4c3)C(=O)N2[C@H]1C(=O)O,0.1072,10.03,Inactive,Inactive
6058,CC(=O)Nc1ccc2nc(NC(=O)CSc3nnc(-c4cc5ccccc5oc4=O)o3)sc2c1,0.1072,10.03,Inactive,Inactive
6059,CC(=O)Nc1ccc(S(=O)(=O)NNC(=O)NC23CC4CC(CC(C4)C2)C3)cc1,0.1072,10.03,Inactive,Inactive
6060,CC(=O)Nc1ccc(S(=O)(=O)NCc2nc3ccccc3c(=O)n2Nc2ccccc2)cc1,0.1072,10.03,Inactive,Inactive
6061,O=C(c1cccs1)N1CCC(N2CCN(c3ccccc3)CC2)CC1,0.1072,10.03,Inactive,Inactive
6062,Oc1cc(-c2ccccc2)nc2nc3ccccc3n12,0.1072,10.03,Inactive,Inactive
6063,O=C(Nc1cccc(C(F)(F)F)c1)N1CCCN(Cc2ccccc2F)C1,0.1072,10.03,Inactive,Inactive
6064,O=C(Nc1cccc(F)c1)N1CCCN(Cc2ccccc2F)C1,0.1072,10.03,Inactive,Inactive
6065,CCN(C(=O)c1ccco1)c1nc(-c2ccccc2)cs1,0.1072,10.03,Inactive,Inactive
6066,CCN(C(=O)c1cc2cccc(OC)c2oc1=O)C1CCCCC1,0.1072,10.03,Inactive,Inactive
6067,CCCCCCCNC(=O)C1(CC2CC(c3cccc(Br)c3)=NO2)CCNCC1,0.1072,10.03,Inactive,Active
6068,CC(=O)Nc1ccc(S(=O)(=O)NCc2nc3ccccc3c(=O)n2-c2ccccc2C)cc1,0.1072,10.03,Inactive,Inactive
6069,O=C(c1ccccc1)c1ccccc1C(=O)N1CCCC1,0.1072,10.03,Inactive,Inactive
6070,O=c1c(C=Nc2cccc(C(F)(F)F)c2)c[nH]n1-c1cccc(Cl)n1,0.1072,10.03,Inactive,Inactive
6071,CC(C)OC(=O)NC(C)N1C(=O)C2C3C=CC(C3)C2C1=O,0.1072,10.03,Inactive,Inactive
6072,CC(=O)Nc1sc(N/N=C/c2ccccc2)nc1-c1ccc(C)cc1,0.1072,10.03,Inactive,Inactive
6073,C=C/C(C)=C/[C@@]1(C)SC(=O)C(CC)=C1O,0.1072,10.03,Inactive,Active
6074,O=C(Nc1ccc2oc(-c3ccccc3Br)nc2c1)c1cc2ccccc2o1,0.1072,10.03,Inactive,Inactive
6075,CC(O)c1cccc(NC(=O)CC(c2ccccc2)c2ccccc2)c1,0.1072,10.03,Inactive,Inactive
6076,O=C(O)[C@@H]1CSc2c(-c3cn(CC4CC4)nn3)c(Cc3cccc4ccccc34)cc(=O)n21,0.1072,10.03,Inactive,Inactive
6077,CC(C)C[C@H](NC(=O)[C@H](CC(C)C)NC(=O)[C@@H](NC(=O)[C@H](CCCCN)NC(=O)[C@H](CC(C)C)NC(=O)[C@H](CCCNC(=N)N)NC(=O)[C@H](CCCCN)NC(=O)[C@H](Cc1ccc(-c2ccccc2)cc1)NC(=O)[C@H](CC(C)C)NC(=O)CN)[C@@H](C)O)C(N)=O,0.1072,10.03,Inactive,Inactive
6078,CC(=O)O[C@@H]1C[C@@H]2[C@@]3(C)CCCC(C)(C)[C@@H]3CC[C@@]2(C)[C@@H]2CC=C3CO[C@@H](O)[C@@H]3[C@@]12C,0.1072,10.03,Inactive,Inactive
6079,CC(=O)OC[C@H]1O[C@@H](O[C@@H]2[C@@H](O)[C@H](C)O[C@@H](Oc3ccc(O)cc3[C@@H]3CC(=O)c4c(O)cc(O)cc4O3)[C@@H]2OC(C)=O)[C@H](OC(C)=O)[C@@H](O)[C@@H]1O,0.1072,10.03,Inactive,Inactive
6080,CC(=O)OC[C@H]1O[C@@H](O[C@@H]2[C@@H](O)[C@H](C)O[C@@H](Oc3ccc(O)cc3[C@@H]3CC(=O)c4c(O)cc(O)cc4O3)[C@@H]2OC(C)=O)[C@H](O)[C@@H](O)[C@@H]1OC(C)=O,0.1072,10.03,Inactive,Inactive
6081,C=C/C(C)=C/[C@@]1(C)SC(=O)C(CCC)=C1O,0.1072,10.03,Inactive,Active
6082,CC(C)C[C@H](NC(=O)[C@H](CC(C)C)NC(=O)[C@@H](NC(=O)[C@H](CCCCN)NC(=O)[C@H](Cc1ccc(-c2ccccc2)cc1)NC(=O)[C@H](CCCNC(=N)N)NC(=O)[C@H](CCCCN)NC(=O)[C@H](CC(C)C)NC(=O)[C@H](CC(C)C)NC(=O)CN)[C@@H](C)O)C(N)=O,0.1072,10.03,Inactive,Inactive
6083,CC(=O)OC[C@H]1O[C@@H](NC(=S)N/N=C2/C(=O)N(CCc3ccccc3)c3ccccc32)[C@H](OC(C)=O)[C@@H](OC(C)=O)[C@@H]1OC(C)=O,0.1072,10.03,Inactive,Inactive
6084,C=C/C=C/C1(C)SC(=O)C(C)=C1O,0.1072,10.03,Inactive,Inactive
6085,C=C/C=C/[C@@]1(C)SC(=O)C(C)=C1O,0.1072,10.03,Inactive,Active
6086,O=C(Nc1ccc(N2CCOCC2)cc1)c1ccc2ncsc2c1,0.1072,10.03,Inactive,Active
6087,CCN(CC)C(=O)CN(C)CC(O)Cn1c(=O)c2ccccc2n(C)c1=O,0.1072,10.03,Inactive,Inactive
6088,CC(=O)OCC(=O)C1CCC2C3CC=C4CC(O)CCC4(C)C3CCC12C,0.1072,10.03,Inactive,Inactive
6089,C=C1CC(Cn2nc(C)c(=O)[nH]c2=O)(c2ccc(F)cc2)OC1=O,0.1072,10.03,Inactive,Inactive
6090,O=[N+]([O-])c1ccc2oc(C3=Nc4ccccc4SC(c4ccccc4F)C3)cc2c1,0.1072,10.03,Inactive,Active
6091,Cc1cc(OCCCCCCC[N+](C)(C)Cc2ccc(Br)o2)c(C(C)C)cc1Cl,0.1072,10.03,Inactive,Inactive
6092,CCOC(=O)C1CCN(C(=O)CCC(=O)NNc2nc3ccccc3c3nc(C)nn23)CC1,0.1072,10.03,Inactive,Active
6093,Cc1ccc(S(=O)(=O)N(C)C)cc1NC(=O)COc1ccccc1C(=O)Nc1ccccc1,0.1072,10.03,Inactive,Inactive
6094,COc1ccc(-c2cc(=O)n3c(n2)[nH]c2ccccc23)cc1,0.1072,10.03,Inactive,Inactive
6095,COc1ccc(-c2cc(=O)n(-c3cccc(Cl)c3)c(N3CCCC3)c2/N=N/c2ccccc2C)cc1,0.1072,10.03,Inactive,Inactive
6096,COc1ccc(-c2cc(=O)n(-c3cccc(Cl)c3)c(N3CCCC3)c2/N=N/c2ccc([N+](=O)[O-])cc2Cl)cc1,0.1072,10.03,Inactive,Inactive
6097,Cc1ccc2c(c1)cc(-c1nc3cc(Br)ccc3[nH]1)c1nnnn12,0.1072,10.03,Inactive,Inactive
6098,COc1cc2occ(-c3ccc4c(c3)OCO4)c(=O)c2c(OC)c1CC=C(C)C,0.1072,10.03,Inactive,Inactive
6099,Cc1ccc2c(c1)N(Cc1ccc([N+](=O)[O-])cc1)C=NS2(=O)=O,0.1072,10.03,Inactive,Inactive
6100,COc1cc2nc(N3CCC(Nc4ccc(C(=O)OC(C)(C)C)cc4)CC3)nc(Nc3ccc(C)cc3)c2cc1OC,0.1072,10.03,Inactive,Inactive
6101,COc1cc2c(cc1NC(=O)c1cccc([N+](=O)[O-])c1)oc1ccccc12,0.1072,10.03,Inactive,Inactive
6102,COc1cc(OC)cc(C(=O)N2CCN(C(=O)COc3ccc4ccccc4c3)CC2)c1,0.1072,10.03,Inactive,Inactive
6103,COc1cc(OC)c(C2CCN(C)CC2)cc1C(=O)/C=C/c1ccccn1,0.1072,10.03,Inactive,Inactive
6104,COc1cc(OC(C)=O)cc2c1C(=O)OC(C)CCCCCCC2,0.1072,10.03,Inactive,Inactive
6105,COc1cc(O)c2c(c1C)C(=O)OCCCCC(=S)N[C@H](c1nc(C)no1)CSC2,0.1072,10.03,Inactive,Inactive
6106,Cc1ccc2[nH]c(-c3cc4ccccc4n4nnnc34)nc2c1,0.1072,10.03,Inactive,Inactive
6107,COc1cc(O)c2c(c1-c1c(OC)cc(O)c3c1C(=O)C1=C(C[C@@H](O)[C@@](C)(O)[C@@H]1O)C3=O)C(=O)C1=C(C[C@@H](O)[C@@](C)(O)[C@@H]1O)C2=O,0.1072,10.03,Inactive,Inactive
6108,COc1cc(O)c2c(c1-c1c(OC)cc(O)c3c1C(=O)C1=C(C3=O)[C@@H](O)[C@H](O)[C@](C)(O)[C@H]1O)C(=O)C1=C(C2=O)[C@H](O)[C@@H](O)[C@@](C)(O)[C@@H]1O,0.1072,10.03,Inactive,Inactive
6109,COc1cc(NC(=O)CCC(=O)NCCCNCCCCNCCCNC(=O)CCC(=O)Nc2cc(OC)cc3cccnc23)c2ncccc2c1,0.1072,10.03,Inactive,Inactive
6110,COc1cc(NC(=O)CCC(=O)NCCCNCCCCCCNCCCNC(=O)CCC(=O)Nc2cc(OC)cc3cccnc23)c2ncccc2c1,0.1072,10.03,Inactive,Inactive
6111,COc1cc(Cc2cnc(/N=C3\C(=O)N(CN4CCN(c5ccccn5)CC4)c4ccc(Cl)cc43)nc2N)cc(OC)c1OC,0.1072,10.03,Inactive,Inactive
6112,COc1cc(Cc2cnc(/N=C3\C(=O)N(CN4CCN(Cc5ccccc5)CC4)c4ccc(Cl)cc43)nc2N)cc(OC)c1OC,0.1072,10.03,Inactive,Inactive
6113,COc1cc(Cc2cnc(/N=C3\C(=O)N(CN4CCN(C(=O)c5ccc(F)cc5)CC4)c4ccc(Cl)cc43)nc2N)cc(OC)c1OC,0.1072,10.03,Inactive,Inactive
6114,NCCCCCNC(=O)[C@H](Cc1c[nH]c2ccccc12)NC(=O)c1cc(C(=O)N[C@@H](Cc2c[nH]c3ccccc23)C(=O)NCCCCCN)cc(C(=O)N[C@@H](Cc2c[nH]c3ccccc23)C(=O)NCCCCCN)c1,0.1072,10.03,Inactive,Inactive
6115,COc1cc(CCCI)cc2cc(-c3ccc4c(c3)OCO4)oc12,0.1072,10.03,Inactive,Inactive
6116,COc1cc(CCCCl)cc2cc(-c3ccc4c(c3)OCO4)oc12,0.1072,10.03,Inactive,Inactive
6117,Cc1ccc(S(=O)(=O)NCCC(=O)Nc2ccc(Cl)c(Cl)c2)cc1C,0.1072,10.03,Inactive,Inactive
6118,COc1cc(CCCC#N)cc2cc(-c3ccc4c(c3)OCO4)oc12,0.1072,10.03,Inactive,Inactive
6119,COc1cc(CCCBr)cc2cc(-c3ccc4c(c3)OCO4)oc12,0.1072,10.03,Inactive,Inactive
6120,COc1cc(CC/C=N/OC(=O)CCl)cc2cc(-c3ccc4c(c3)OCO4)oc12,0.1072,10.03,Inactive,Inactive
6121,COc1cc(C(=O)Nc2nnc(CC(=O)N3CCOCC3)s2)cc(OC)c1OC,0.1072,10.03,Inactive,Inactive
6122,COc1cc(C(=O)Nc2ccc3c(c2)OCCO3)ccc1OC(C)C,0.1072,10.03,Inactive,Inactive
6123,Cc1[nH]c2ccccc2c1C(=O)C(=O)Nc1ccccc1,0.1072,10.03,Inactive,Inactive
6124,COc1ccc(-c2cc(C(=O)N3CCN(C(c4ccccc4)c4ccccc4)CC3)no2)cc1,0.1072,10.03,Inactive,Inactive
6125,COc1ccc(-c2ccc3c(=O)n(-c4cccc(Cl)c4)c(C)nc3c2)cc1,0.1072,10.03,Inactive,Inactive
6126,Cc1cccc(C)c1NC(=O)CCCSc1nnc(-c2ccco2)o1,0.1072,10.03,Inactive,Inactive
6127,Cc1cccc(NC(=O)/C(C#N)=C\c2cc(C)n(-c3ccc(C(=O)O)cc3)c2C)c1,0.1072,10.03,Inactive,Active
6128,N#Cc1ccsc1NC(=O)CSc1nncs1,0.1072,10.03,Inactive,Active
6129,N#Cc1sc2ncnc(N3CCN(C(=O)C4COc5ccccc5O4)CC3)c2c1-c1ccc(Cl)cc1,0.1072,10.03,Inactive,Inactive
6130,COc1ccc(C(=O)/C=C/c2ccccn2)c(OC)c1,0.1072,10.03,Inactive,Inactive
6131,Cc1cccc(N=C2NC(=O)CS2)c1,0.1072,10.03,Inactive,Inactive
6132,Cc1cccc(N2CCN(S(=O)(=O)c3ccc(Cl)nc3)CC2C)c1,0.1072,10.03,Inactive,Inactive
6133,COc1ccc(/C=N/c2ccccc2NC(=S)Nc2ccccc2)cc1,0.1072,10.03,Inactive,Inactive
6134,N=C(N)NCCC[C@@H]1NC(=O)CN(CC2CCCCC2)NC(=O)[C@H](Cc2c[nH]c3ccccc23)NC(=O)CN(Cc2ccc(F)cc2)NC(=O)[C@H](Cc2c[nH]c3ccccc23)NC(=O)CN(CCCCN)NC1=O,0.1072,10.03,Inactive,Inactive
6135,N=C(N)NCCC[C@H](NC(=O)CCCC(=O)Nc1cccc(CN(Cc2ccccn2)Cc2ccccn2)n1)C(=O)N[C@@H](Cc1c[nH]c2ccccc12)C(=O)N[C@@H](CCCNC(=N)N)C(=O)N[C@@H](Cc1c[nH]c2ccccc12)C(=O)OCc1ccccc1,0.1072,10.03,Inactive,Inactive
6136,N=C(N)NCCC[C@H](NC(=O)[C@@H](N)Cc1ccccc1)C(=O)Nc1ccc2ccccc2c1,0.1072,10.03,Inactive,Inactive
6137,N=C(N)NCCNC(=O)[C@H](Cc1c[nH]c2ccccc12)NC(=O)c1cc(C(=O)N[C@@H](Cc2c[nH]c3ccccc23)C(=O)NCCNC(=N)N)cc(C(=O)N[C@@H](Cc2c[nH]c3ccccc23)C(=O)NCCNC(=N)N)c1,0.1072,10.03,Inactive,Inactive
6138,COc1ccc(/C=N/NC(=O)Cn2c(=O)oc3ccc(C)cc32)cc1,0.1072,10.03,Inactive,Inactive
6139,COc1ccc(/C=C/C(=O)c2sc(-c3cccnc3)nc2C)cc1,0.1072,10.03,Inactive,Active
6140,COc1ccc(-n2c(NNC(C)=O)nc3sc4c(c3c2=O)CCCC4)cc1,0.1072,10.03,Inactive,Inactive
6141,COc1ccc(-c2ccc3nc(/C=C/c4ccccc4)n(-c4ccccc4)c(=O)c3c2)cc1,0.1072,10.03,Inactive,Inactive
6142,COc1ccc(-n2c(=O)c3ccccc3n(CC(=O)Nc3cc(C)on3)c2=O)cc1OC,0.1072,10.03,Inactive,Inactive
6143,COc1ccc(-c2nnc3c4ccccc4c(C)nn23)cc1,0.1072,10.03,Inactive,Inactive
6144,Cc1cccc(-n2c(CNS(=O)(=O)c3ccc(N)cc3)nc3ccccc3c2=O)c1,0.1072,10.03,Inactive,Inactive
6145,Cc1cccc(-c2nc3ccccc3c(=O)n2OC(=O)c2ccc(C)c(C)c2)c1,0.1072,10.03,Inactive,Inactive
6146,Cc1ccc2sc(-c3ccc(NC(=O)CCl)cc3)nc2c1,0.1072,10.03,Inactive,Inactive
6147,Cc1ccc2oc(=O)n(CC(=O)N/N=C/c3ccccc3)c2c1,0.1072,10.03,Inactive,Inactive
6148,Cc1ccc2oc(=O)n(CC(=O)N/N=C/c3ccc(Cl)cc3)c2c1,0.1072,10.03,Inactive,Inactive
6149,COc1ccc(-c2csc(NN=C3CCCCCCC3)n2)cc1,0.1072,10.03,Inactive,Inactive
6150,COc1ccc(-c2csc(NN=C3CCCCCCC3)n2)c(OC)c1,0.1072,10.03,Inactive,Inactive
6151,C[n+]1c2ccccc2c(Nc2ccc(F)cc2)c2oc3ccccc3c21,0.1072,10.03,Inactive,Inactive
6152,Cc1ccc2nc(Oc3ccc(C#N)cc3)c(C3C(C#N)=C(N)N(c4cccc(C(F)(F)F)c4)C4=C3C(=O)CC(C)(C)C4)cc2c1,0.1072,10.03,Inactive,Inactive
6153,Cc1ccc2nc(C)c(CN3CCN(c4ccc([N+](=O)[O-])cc4Cl)CC3)n2c1,0.1072,10.03,Inactive,Inactive
6154,Cc1ccc2cc(CN(Cc3ccco3)C(=O)c3ccccc3)c(=O)[nH]c2c1C,0.1072,10.03,Inactive,Inactive
6155,COc1cc(/C=N/N=c2\scc(C3=CC(=O)C=CC3=O)n2-c2ccccc2)ccc1O,0.1072,10.03,Inactive,Inactive
6156,COc1cc(/C=C2/S/C(=N\c3ccc(Cl)cc3)N(c3ccc(Cl)cc3)C2=O)ccc1OCC(=O)O,0.1072,10.03,Inactive,Inactive
6157,CCn1cc(-c2csc(N)n2)c(=O)c2cc(F)c(N3CCN(C/C(C)=N/OCc4ccc(Cl)cc4Cl)CC3)cc21,0.1072,10.03,Inactive,Inactive
6158,COc1cc(/C=C/C(=O)CC(=O)/C=C/c2ccc(OC(=O)[C@H](Cc3ccccc3)NC(=O)[C@@H](N)Cc3c[nH]c4ccccc34)c(OC)c2)ccc1OC(=O)[C@H](Cc1ccccc1)NC(=O)[C@@H](N)Cc1c[nH]c2ccccc12,0.1072,10.03,Inactive,Inactive
6159,COC(=O)Cn1cc(C#Cc2ccc(N3C[C@H](CO)OC3=O)cc2F)cn1,0.1072,10.03,Inactive,Inactive
6160,Cc1ccc(N(C(=O)c2snc(C(N)=O)c2N)C(C(=O)NC2CCCC2)c2ccc(C)o2)cc1,0.1072,10.03,Inactive,Inactive
6161,COC(=O)CNC(=O)COC(=O)/C=C/c1cccs1,0.1072,10.03,Inactive,Inactive
6162,COC(=O)C1=CN(C(C)C)C=C(C(=O)OC)C1c1cccc(OC)c1,0.1072,10.03,Inactive,Inactive
6163,COC(=O)C(Cc1ccccc1)NC(=O)c1nn(C)c(=O)c2ccccc12,0.1072,10.03,Inactive,Inactive
6164,CNc1nc(-c2ccccc2)cc(C(F)(F)F)c1C#N,0.1072,10.03,Inactive,Inactive
6165,Cc1ccc(N(C(=O)c2ccc[nH]2)C(C(=O)NC2CCCCC2)c2ccncc2)cc1,0.1072,10.03,Inactive,Inactive
6166,CNC(=O)NC(=O)COC(=O)c1ccc(-n2c(C)ccc2C)cc1,0.1072,10.03,Inactive,Inactive
6167,Nc1ccc(S(=O)(=O)NCc2nc3ccccc3c(=O)n2-c2cccc(Br)c2)cc1,0.1072,10.03,Inactive,Inactive
6168,Nc1ccc(S(=O)(=O)NCc2nc3ccccc3c(=O)n2-c2ccccc2F)cc1,0.1072,10.03,Inactive,Inactive
6169,Nc1ccc(S(=O)(=O)NCc2nc3ccccc3c(=O)n2Nc2ccccc2)cc1,0.1072,10.03,Inactive,Inactive
6170,Nc1ccc(Sc2ccc(C(=O)c3ccccc3C(=O)O)cc2[N+](=O)[O-])cc1,0.1072,10.03,Inactive,Inactive
6171,CN=C(c1ccccc1)N1CCN(c2ccc(OC)cc2)CC1,0.1072,10.03,Inactive,Inactive
6172,Nc1cccc(-c2cn(-c3cccc(C(c4ccc(-c5ccccc5)cc4)P(=O)(O)O)c3)nn2)c1,0.1072,10.03,Inactive,Inactive
6173,CN(Cc1nnc(-c2ccccc2)o1)C(=O)Nc1ccc(F)cc1,0.1072,10.03,Inactive,Inactive
6174,CN(CCO)c1nccc(-n2cncn2)n1,0.1072,10.03,Inactive,Inactive
6175,CN(CC(=O)NC(C)(C)C)CC(O)Cn1c(=O)c2ccccc2n(C)c1=O,0.1072,10.03,Inactive,Inactive
6176,Cc1ccc(N(C(=O)c2c(C)noc2C)C(C(=O)NC2CCCCC2)c2ccncc2)cc1,0.1072,10.03,Inactive,Inactive
6177,Cc1cc(/C=N/NC(N)=S)c(C)n1-c1ccc(Cl)c(Cl)c1,0.1072,10.03,Inactive,Inactive
6178,CN(C)S(=O)(=O)c1cccc(NC(=O)c2cnccn2)c1,0.1072,10.03,Inactive,Inactive
6179,Nc1nc(-c2ccc(N3CCOCC3)cc2)cs1,0.1072,10.03,Inactive,Inactive
6180,Nc1nc(-c2ccc(NC(=O)c3ccccc3)cc2)c(/N=N/c2ccccc2[N+](=O)[O-])s1,0.1072,10.03,Inactive,Active
6181,CN(C)/C=C/C(=O)c1cnc2n(c1=O)CCS2,0.1072,10.03,Inactive,Inactive
6182,CN(C(=O)c1cccc(NC(=O)Cc2ccc(NC(=O)C3CCN(S(=O)(=O)c4cccc([N+](=O)[O-])c4)CC3)cc2)c1)C1CCCC1,0.1072,10.03,Inactive,Inactive
6183,CN(C(=O)/C=C/c1ccccc1)C1CCS(=O)(=O)C1,0.1072,10.03,Inactive,Inactive
6184,CN(/N=C/c1cccs1)S(=O)(=O)c1ccccc1,0.1072,10.03,Inactive,Inactive
6185,CCn1nnnc1NCCc1c[nH]c2ccccc12,0.1072,10.03,Inactive,Inactive
6186,CCn1nc(C(=O)OC(C(=O)c2c[nH]c3ccccc23)c2ccccc2)c2ccccc2c1=O,0.1072,10.03,Inactive,Inactive
6187,Cc1ccc(CSc2ncnn2Cc2ccc(C)cc2)cc1,0.1072,10.03,Inactive,Inactive
6188,COC(=O)NC1c2ccccc2Oc2ccc(C)cc21,0.1072,10.03,Inactive,Inactive
6189,Cc1cc(/C=N/NC(N)=S)c(C)n1-c1ccc(Br)cc1,0.1072,10.03,Inactive,Inactive
6190,COC(=O)[C@@H](N)CCB1O[C@@]2(C)CCC3C[C@@]2(O1)C3(C)C,0.1072,10.03,Inactive,Inactive
6191,COCCn1c(COc2ccc(Cl)cc2)nnc1SCC(N)=O,0.1072,10.03,Inactive,Inactive
6192,COc1cc(-c2nc3cc(F)ccc3[nH]2)c2c(c1O)CN1CCc3cc4c(cc3C1C2)OCO4,0.1072,10.03,Inactive,Inactive
6193,Cc1c(NC(=O)OCc2ccccc2)c(=O)n(-c2ccccc2)n1C,0.1072,10.03,Inactive,Inactive
6194,Cc1c(NC(=S)N/C(=N/S(=O)(=O)c2ccccc2)c2ccccc2)c(=O)n(-c2ccccc2)n1C,0.1072,10.03,Inactive,Inactive
6195,COc1c(O)cc2oc3cc4c(c(O)c3c(=O)c2c1CCC(C)(C)O)CCC(C)(C)O4,0.1072,10.03,Inactive,Inactive
6196,Cc1c(NCc2nnc(Cc3ccccc3)o2)c(=O)n(-c2ccccc2)n1C,0.1072,10.03,Inactive,Inactive
6197,COc1c(Br)c(CCCO)cc2cc(-c3ccc4c(c3)OCO4)oc12,0.1072,10.03,Inactive,Inactive
6198,Cc1c(OCC(=O)NCCCN2CCCC2=O)ccc2c3c(c(=O)oc12)CCC3,0.1072,10.03,Inactive,Inactive
6199,Cc1ccc(Nc2c3ccccc3[n+](C)c3c2oc2ccccc23)cc1,0.1072,10.03,Inactive,Inactive
6200,CO[C@@H]1OCC2=CC[C@@H]3[C@](C)(CC[C@H]4[C@@]3(C)CC[C@H]3C(C)(C)CCC[C@@]34CO)[C@H]21,0.1072,10.03,Inactive,Inactive
6201,Cc1ccc(NS(=O)(=O)Cc2nnc(CS(=O)(=O)c3ccc(C)cc3)s2)cc1,0.1072,10.03,Inactive,Inactive
6202,CO[C@@H]1C/C=C\C=C\C[C@H](C)[C@@H](O)[C@H](C)[C@@H](O)[C@H](C)[C@H](O)CC(=O)O[C@H]([C@H](C)[C@H](O)/C=C(C)/C=C/C=C/C=C/C=C/C=C/C[C@H](O)/C(C)=C/CCC(=O)O)C[C@H](O)CCC1,0.1072,10.03,Inactive,Inactive
6203,Cc1ccc(NC2=CC(=O)CC(c3ccc(Cl)cc3)C2)cc1,0.1072,10.03,Inactive,Inactive
6204,COCc1cc(C)n(CC(=O)Nc2ccccc2OC)c(=O)c1C#N,0.1072,10.03,Inactive,Inactive
6205,COCCSc1ccccc1C(=O)NCC1CCCO1,0.1072,10.03,Inactive,Inactive
6206,Cc1cc(-n2cc(CNc3ccc4c(=O)n(-c5ccccc5)c(C)nc4c3)nn2)ccc1[N+](=O)[O-],0.1072,10.03,Inactive,Inactive
6207,Cc1ccc(NC(=S)NC(=O)c2cnn(C)c2)cc1,0.1072,10.03,Inactive,Inactive
6208,COCCCNC(=O)CCc1nc(-c2ccccc2Cl)no1,0.1072,10.03,Inactive,Inactive
6209,COC1CCCc2nc(Nc3ccc(Cl)cn3)sc21,0.1072,10.03,Inactive,Inactive
6210,COC1C=C(CCC/C(C)=C\CC/C(C)=C\CC[C@@H](C)/C=C2\OC(=O)C(C)=C2O)C(OC)O1,0.1072,10.03,Inactive,Inactive
6211,COC(CC(C)C(O)/C=C/C=C/CNC(=O)C(C)(C)C(O)/C(C)=C\C=C/C=C/C(C)=C(\C)[N+](=O)[O-])C1(O)C(C)C(=O)N(C)C12C(=O)OC2C,0.1072,10.03,Inactive,Inactive
6212,COC(=O)c1sccc1-n1cccc1C(=O)NCc1ccccc1,0.1072,10.03,Inactive,Inactive
6213,Cc1ccc(NC(=O)c2oc3cc4occ(C)c4cc3c2C)cc1,0.1072,10.03,Inactive,Inactive
6214,Cc1cc(-c2ccccc2)n2nc(-n3nc(C)cc3-c3ccccc3)cc2n1,0.1072,10.03,Inactive,Inactive
6215,COC(=O)c1ccc(C)c(-n2c(C)cc(C=O)c2C)c1,0.1072,10.03,Inactive,Inactive
6216,COC(=O)c1ccc(C(=O)N2CCC(NC(=O)c3cc(Br)c(Br)[nH]3)CC2)cc1,0.1072,10.03,Inactive,Inactive
6217,COC(=O)c1cc(NS(=O)(=O)c2ccc(C)c3ccccc23)ccc1N1CCOCC1,0.1072,10.03,Inactive,Inactive
6218,COC(=O)c1cc(C(=O)OC)cc(-n2c(C)cc(C(=O)CC#N)c2C)c1,0.1072,10.03,Inactive,Inactive
6219,COC(=O)c1c(OC)cc2cc3c(c(O)c2c1C)C(=O)O[C@@H]3[C@@]1(O)[C@H](O)C(OC)=CC(=O)[C@@H]1O,0.1072,10.03,Inactive,Inactive
6220,N#Cc1ccc(Nc2nc(Oc3ccnc4ccccc34)nc(N3CCN(c4ccccc4Cl)CC3)n2)cc1C(F)(F)F,0.1072,10.03,Inactive,Inactive
6221,COc1ccc(C(=O)CCN2CCc3cc(OC)c(OC)cc3C2)cc1,0.1072,10.03,Inactive,Active
6222,Cc1cccc(NC(=O)c2cc3n(n2)C(C(F)(F)F)CC(C2CC2)N3)c1C,0.1072,10.03,Inactive,Inactive
6223,Cc1cccc(NC(=S)N/N=C2\C(=O)Nc3c(Cl)cccc32)c1,0.1072,10.03,Inactive,Inactive
6224,Clc1ccccc1CN(CCn1cncn1)CCn1cncn1,0.1072,10.03,Inactive,Inactive
6225,COc1ccc(OCC(=O)N2CCN(S(=O)(=O)c3ccc(Cl)s3)CC2)cc1,0.1072,10.03,Inactive,Inactive
6226,COc1cccc(NC(=S)N/N=C2\C(=O)Nc3c(Cl)cccc32)c1,0.1072,10.03,Inactive,Inactive
6227,COc1cccc2cc(S(=O)(=O)c3ccccc3)c(=Nc3ccc4c(c3)OCCO4)oc12,0.1072,10.03,Inactive,Inactive
6228,COc1ccccc1C(=O)NC(=O)COc1ccc(Cl)cc1Cl,0.1072,10.03,Inactive,Inactive
6229,Cc1nc2ccccc2nc(C)c1=NOCc1cccc(F)c1,0.1072,10.03,Inactive,Inactive
6230,Cn1c(NC(=O)c2ccccc2)nc2ccccc21,0.1072,10.03,Inactive,Inactive
6231,Cn1c(NCc2cccs2)nc2ccccc21,0.1072,10.03,Inactive,Inactive
6232,Cc1nc2ccccc2cc1C(=O)Nc1ccccc1Cl,0.1072,10.03,Inactive,Inactive
6233,COc1ccccc1CNC(=O)CSc1nc(N)c(C#N)c(-c2cccs2)c1C#N,0.1072,10.03,Inactive,Inactive
6234,Cc1nc2cc(OCc3ccc4ccccc4n3)ccc2s1,0.1072,10.03,Inactive,Active
6235,Cc1nc2cc(C(=O)N3CCC4(CC3)OCCO4)ccc2n1-c1cccc(F)c1,0.1072,10.03,Inactive,Inactive
6236,COc1ccc(Nc2nc(-c3ccccc3)nc3ccccc23)cc1S(=O)(=O)N1CCOCC1,0.1072,10.03,Inactive,Inactive
6237,Cc1nc2c(-c3ccc(F)cc3)c(C)nn2c(C)c1CCC(=O)NCCN1CCOCC1,0.1072,10.03,Inactive,Inactive
6238,Cc1nc([N+](=O)[O-])c(N2CCN(Cc3ccccc3)CC2)n1Cc1ccccc1,0.1072,10.03,Inactive,Inactive
6239,Cn1cc(C(=O)NC(=S)Nc2ccc(C(C)(C)C)cc2)cn1,0.1072,10.03,Inactive,Inactive
6240,COc1ccc(NNC(=O)c2ccc(F)cn2)cc1,0.1072,10.03,Inactive,Inactive
6241,COc1ccccc1NC(=O)Nc1ccnn1C1CCCCC1,0.1072,10.03,Inactive,Inactive
6242,COc1ccc(NC(=S)N/N=C2\C(=O)Nc3c(Cl)cccc32)cc1,0.1072,10.03,Inactive,Inactive
6243,COc1ccc(NC(=O)c2cccs2)cc1,0.1072,10.03,Inactive,Inactive
6244,Cc1nc(N2CCN(Cc3ccccc3)CC2)nc2c1C(=O)CC(C)C2,0.1072,10.03,Inactive,Inactive
6245,Cn1ccnc1SCC(=O)Nc1sccc1C#N,0.1072,10.03,Inactive,Inactive
6246,COc1ccc(NC(=O)CSc2c3c(nc4ccccc24)CCCC3)c(OC)c1,0.1072,10.03,Inactive,Inactive
6247,Cn1cnnc1SCC(=O)Nc1cccc(C(=O)O)c1,0.1072,10.03,Inactive,Inactive
6248,Cn1nccc1C(=O)Nc1cccnc1,0.1072,10.03,Inactive,Active
6249,COc1ccccc1NCCC(=O)OCC(=O)NC1CCCCCC1,0.1072,10.03,Inactive,Inactive
6250,Cc1nc(-c2cccnc2)sc1C(=O)/C=C/c1ccccc1[N+](=O)[O-],0.1072,10.03,Inactive,Active
6251,Cc1nc(-c2cccnc2)sc1C(=O)/C=C/c1ccccc1,0.1072,10.03,Inactive,Inactive
6252,COc1ccc(N(C(=O)c2cccnc2)S(=O)(=O)c2ccc(F)cc2)cc1,0.1072,10.03,Inactive,Inactive
6253,COc1cccc(NC(=O)Cn2c3ccc(F)cc3c3nc4n(c(=O)c32)CCCS4)c1,0.1072,10.03,Inactive,Inactive
6254,COc1ccc(S(=O)(=O)N2CCN(C(=O)c3cnc(C)cn3)CC2)cc1,0.1072,10.03,Inactive,Inactive
6255,COc1ccc(SCC(=O)N2c3ccccc3Sc3ccccc32)cc1,0.1072,10.03,Inactive,Inactive
6256,Cc1nn(-c2ccccc2)c(Oc2ccc(Cl)cc2)c1/C=C1\SC(=S)N([C@@H](Cc2c[nH]c3ccccc23)C(=O)O)C1=O,0.1072,10.03,Inactive,Inactive
6257,Cc1nn(-c2ccccc2)c(Oc2ccccc2Cl)c1/C=C1\SC(=S)N([C@@H](Cc2c[nH]c3ccccc23)C(=O)O)C1=O,0.1072,10.03,Inactive,Inactive
6258,Cc1nn(Cc2ccc(C(=O)N3N=C(C(F)F)CC3(O)C(F)F)cc2)c(C)c1[N+](=O)[O-],0.1072,10.03,Inactive,Inactive
6259,Cc1nn(-c2ccccc2)c(Oc2ccccc2)c1/C=C1\SC(=S)N([C@@H](Cc2c[nH]c3ccccc23)C(=O)O)C1=O,0.1072,10.03,Inactive,Inactive
6260,COc1cccc(/C=N/n2cnnc2)c1OCc1ccccc1,0.1072,10.03,Inactive,Inactive
6261,Cc1nn(-c2ccccc2)c(Oc2cccc(Cl)c2)c1/C=C1\SC(=S)N([C@@H](Cc2c[nH]c3ccccc23)C(=O)O)C1=O,0.1072,10.03,Inactive,Inactive
6262,COc1cccc(-n2c(CC(=O)NN)csc2=NCc2ccco2)c1,0.1072,10.03,Inactive,Inactive
6263,COc1ccc2oc(N3CCOCC3)cc(=O)c2c1,0.1072,10.03,Inactive,Inactive
6264,COc1ccc2oc(C(=O)N3CCN(C(c4ccccc4)c4ccccc4)CC3)c(C)c2c1,0.1072,10.03,Inactive,Inactive
6265,Cc1nn(-c2ccccc2)c(Oc2cccc(C(F)(F)F)c2)c1/C=C1\SC(=S)N([C@@H](Cc2c[nH]c3ccccc23)C(=O)O)C1=O,0.1072,10.03,Inactive,Inactive
6266,Cc1noc(C)c1COC(=O)c1ccc2ccccc2n1,0.1072,10.03,Inactive,Inactive
6267,Cc1nn(-c2ccccc2)c(Oc2ccc(F)cc2)c1/C=C1\SC(=S)N([C@@H](Cc2c[nH]c3ccccc23)C(=O)O)C1=O,0.1072,10.03,Inactive,Inactive
6268,Cc1noc(C)c1COc1cccc(C(=O)OCCOc2ccc(F)cc2)c1,0.1072,10.03,Inactive,Inactive
6269,Cc1noc(C)c1CSc1nc2ccccc2nc1NS(=O)(=O)c1ccc(Cl)cc1,0.1072,10.03,Inactive,Inactive
6270,COc1ccc2nc(Oc3ccc(C#N)cc3)c(C3C(C#N)=C(N)N(c4cc(F)ccc4F)C4=C3C(=O)CC(C)(C)C4)cc2c1,0.1072,10.03,Inactive,Inactive
6271,COc1ccc2[nH]cc(Cc3c[nH]c4ccc(OC)cc34)c2c1,0.1072,10.03,Inactive,Inactive
6272,COc1ccc2nc(Nc3ccccc3)sc2c1,0.1072,10.03,Inactive,Inactive
6273,COc1ccc2cc3[n+](cc2c1OCC(O)Cn1nnnc1C)CCc1cc2c(cc1-3)OCO2,0.1072,10.03,Inactive,Inactive
6274,COc1ccc2cc1Oc1cc(ccc1OC)CCC(NC(=O)NCCc1ccccc1)CCCC2,0.1072,10.03,Inactive,Inactive
6275,Cc1occc1C(=O)N/N=C/C=C/c1ccccc1,0.1072,10.03,Inactive,Active
6276,COc1ccc2cc1Oc1cc(ccc1OC)CCC(NC(=O)NCCc1ccc(F)cc1)CCCC2,0.1072,10.03,Inactive,Inactive
6277,Cc1sc(NC(=O)c2ccc(Br)o2)c(C#N)c1C,0.1072,10.03,Inactive,Inactive
6278,Cc1nn(-c2ccccc2)c(Oc2ccc(Br)cc2)c1/C=C1\SC(=S)N([C@@H](Cc2c[nH]c3ccccc23)C(=O)O)C1=O,0.1072,10.03,Inactive,Inactive
6279,COc1cccc(C(=O)N2CCN(C(=O)COc3ccc4ccccc4c3)CC2)c1,0.1072,10.03,Inactive,Inactive
6280,COc1ccc2c(c1)OC1=C(C(=O)CCC1)C2C1=C(O)CCCC1=O,0.1072,10.03,Inactive,Inactive
6281,COc1cccc(C(=O)NCCS(=O)(=O)NCc2ccc(Cl)cc2)c1,0.1072,10.03,Inactive,Inactive
6282,Clc1ccc(C2Sc3ccccc3N=C3c4ccccc4CC32)cc1,0.1072,10.03,Inactive,Inactive
6283,Clc1ccc(CN(CCn2cncn2)CCn2cncn2)cc1,0.1072,10.03,Inactive,Inactive
6284,COc1cccc(C2=NOC(C(=O)N3CCN(c4ccccc4)CC3)C2)c1OC,0.1072,10.03,Inactive,Inactive
6285,FC(F)(F)c1ccc(/C=N/n2c(C3CCCCC3)n[nH]c2=S)cc1,0.1072,10.03,Inactive,Inactive
6286,FC(F)(F)c1ccc2nc(Nc3ccccc3)sc2c1,0.1072,10.03,Inactive,Inactive
6287,COc1ccccc1Sc1ccc(C(=O)c2ccccc2C(=O)O)cc1[N+](=O)[O-],0.1072,10.03,Inactive,Inactive
6288,Cc1ccccc1CS(=O)(=O)c1ncc(Cl)c(C(=O)Nc2ccc(F)cc2)n1,0.1072,10.03,Inactive,Inactive
6289,Cc1ccccc1NC1=C(Cl)C(=O)OC1NC(=O)c1ccccc1,0.1072,10.03,Inactive,Inactive
6290,Cc1ccccc1NC(=S)N/N=C1\C(=O)Nc2c(I)cccc21,0.1072,10.03,Inactive,Inactive
6291,C[C@@]1(CO)CCC[C@]2(C)[C@H]3C[C@@H](O)[C@]4(C)[C@H]5COC(=O)C5=CC[C@H]4[C@]3(C)CC[C@@H]12,0.1072,10.03,Inactive,Inactive
6292,COc1ccc(C2C(C#N)=C(N)OC3=C2C(=O)CCC3)cc1Cn1cc([N+](=O)[O-])cn1,0.1072,10.03,Inactive,Inactive
6293,N#CCO/N=C(/CS(=O)(=O)c1ccc(N)cc1)c1nccs1,0.1072,10.03,Inactive,Inactive
6294,N#CC[C@H](Cc1ccccc1)N1CCN(Cc2ccccc2)CCC1=O,0.1072,10.03,Inactive,Inactive
6295,Cc1ccccc1NC(=O)Cn1c(=O)n(Cc2ccccc2)c(=O)c2c(C)c(C)sc21,0.1072,10.03,Inactive,Inactive
6296,COc1ccc(C2=NN(CC(=O)NCc3ccco3)C(=O)CC2)cc1,0.1072,10.03,Inactive,Inactive
6297,Cc1ccccc1NC(=O)C1CCCN1/C=C/C(=O)C(F)(F)F,0.1072,10.03,Inactive,Inactive
6298,Cc1ccccc1NC(=O)C(C)N1C(=O)c2ccccc2C1=O,0.1072,10.03,Inactive,Inactive
6299,COc1ccc(C2(CNC(=O)Cc3ccc(OC)c(OC)c3)CCCC2)cc1,0.1072,10.03,Inactive,Inactive
6300,N#Cc1c(-c2ccccc2)nc(-c2ccccc2)nc1N1CCOCC1,0.1072,10.03,Inactive,Inactive
6301,Cc1ccccc1N1C(=O)CSC1c1cc2ccccc2nc1S,0.1072,10.03,Inactive,Inactive
6302,COc1ccc(C(=O)OCC[N+]2(C)CCOCC2)cc1,0.1072,10.03,Inactive,Inactive
6303,C[C@@H]1CC[C@]2(C)[C@H](CC[C@@H](O)[C@]2(C)O)[C@@]1(C)C[C@H](O)c1ccoc1,0.1072,10.03,Inactive,Inactive
6304,COc1ccc(C(=O)OCC(=O)NC2CC2)cc1[N+](=O)[O-],0.1072,10.03,Inactive,Inactive
6305,COc1ccc(C(=O)Nc2ccc(-c3nc4cc(C)cc(C)c4o3)cc2)cc1OC,0.1072,10.03,Inactive,Inactive
6306,COc1ccc(C(=O)Nc2cc(C)ccc2NC(=O)COc2ccccc2)cc1,0.1072,10.03,Inactive,Inactive
6307,COc1ccc(C(=O)N2CCCC(c3nc(-c4cccs4)no3)C2)cc1OC,0.1072,10.03,Inactive,Inactive
6308,N#Cc1cc(C#N)c(SCc2cc3c(cc2Br)OCO3)nc1N,0.1072,10.03,Inactive,Inactive
6309,Cc1ccccc1-n1c(CNS(=O)(=O)c2ccc(N)cc2)nc2ccccc2c1=O,0.1072,10.03,Inactive,Inactive
6310,Cc1ccccc1-c1nnc(CN2C(=O)CSC2=S)o1,0.1072,10.03,Inactive,Inactive
6311,Cc1cccc([N+](=O)[O-])c1Sc1ccc(C(=O)c2ccccc2C(=O)O)cc1[N+](=O)[O-],0.1072,10.03,Inactive,Inactive
6312,C[C@H]1CCC[C@H](C[C@H]2Cc3cc(O)cc(O)c3C(=O)O2)O1,0.1072,10.03,Inactive,Active
6313,Cc1cccc(NC2=C(Cl)C(=O)OC2NC(=O)c2ccccc2)c1,0.1072,10.03,Inactive,Inactive
6314,N#Cc1ccc(/C=C/c2nc3ncccc3c(=O)n2Cc2ccc(F)cc2)cc1,0.1072,10.03,Inactive,Inactive
6315,C[C@H]1[C@H](C)CC[C@]2(C)CC[C@]3(C)C(=C[C@@H](O)[C@H]4[C@@]3(C)[C@H](O)C[C@@]35OO[C@@H](CC(=O)C3(C)C)[C@]45C)[C@H]12,0.1072,10.03,Inactive,Inactive
6316,C[C@]1(C(=O)NCCCNCCCCCCCCCCCCNCCCNC(=O)[C@@]2(C)CCC[C@]3(C)c4cc(O)ccc4CC[C@@H]23)CCC[C@]2(C)c3cc(O)ccc3CC[C@@H]12,0.1072,10.03,Inactive,Inactive
6317,C[C@@H]1O[C@@H](O[C@H]2[C@H](O[C@H]3CC[C@]4(C)[C@H]5CC=C6[C@H]7CC(C)(C)CC[C@]7(C(=O)O[C@@H]7O[C@H](CO)[C@@H](O)[C@H](O)[C@H]7O)CC[C@@]6(C)[C@]5(C)CC[C@H]4C3(C)C)OC[C@H](O)[C@@H]2O)[C@H](O)[C@H](O[C@@H]2OC[C@@H](O)[C@H](O)[C@H]2O)[C@H]1O,0.1072,10.03,Inactive,Inactive
6318,C[C@@H]1CC[C@]2(C)[C@H](CC[C@@H](O)[C@]2(C)O)[C@@]1(C)CCc1ccoc1,0.1072,10.03,Inactive,Inactive
6319,Cc1n[nH]c(=S)n1CC(=O)N1c2ccccc2CCc2ccccc21,0.1072,10.03,Inactive,Inactive
6320,Fc1cccc(Nc2nc(-c3ccc(N4CCOCC4)cc3)cs2)c1,0.1072,10.03,Inactive,Inactive
6321,FC(F)Oc1ccc(NC(=S)NN2CCOCC2)cc1,0.1072,10.03,Inactive,Inactive
6322,CSCC(C)N1CCC(n2nccc2NC(=O)CCCc2ccccc2)CC1,0.1072,10.03,Inactive,Active
6323,Cc1csc(=O)n1CCC(=O)OCc1nnc(-c2ccccc2Cl)o1,0.1072,10.03,Inactive,Inactive
6324,Cc1cnc(NC(=O)CN2C(=O)C3CC=CCC3C2=O)s1,0.1072,10.03,Inactive,Inactive
6325,Fc1ccc(/C=N/n2c(C3CCCCC3)n[nH]c2=S)cc1,0.1072,10.03,Inactive,Inactive
6326,COc1ccc(CNc2nc(NN3C(=O)c4cccc5cccc(c45)C3=O)nc(N3CCOCC3)n2)cc1,0.1072,10.03,Inactive,Inactive
6327,COc1ccc(CNC(=O)c2cc(=O)c3c(C)cc(C)cc3o2)cc1,0.1072,10.03,Inactive,Inactive
6328,COc1ccc(CNC(=O)COC(=O)c2cc(S(=O)(=O)N3CCOCC3)ccc2O)cc1OC,0.1072,10.03,Inactive,Inactive
6329,COc1ccc(CNC(=O)CN2C(=O)NC(C)(c3ccc(Cl)cc3)C2=O)cc1,0.1072,10.03,Inactive,Inactive
6330,COc1ccc(CNC(=O)C2(c3ccc(Cl)cc3)CC2)cc1,0.1072,10.03,Inactive,Inactive
6331,COc1ccc(CN2CCN(C(=O)c3c(C)nn(Cc4ccccc4)c3C)CC2)cc1F,0.1072,10.03,Inactive,Inactive
6332,CSc1ccccc1C(=O)OCC(=O)NC1CC1,0.1072,10.03,Inactive,Inactive
6333,COc1ccc(CCn2c(Br)nc3c2c(=O)[nH]c(=O)n3C)cc1,0.1072,10.03,Inactive,Inactive
6334,COc1ccc(CCNc2nc3ccc(C)cc3n3cnnc23)cc1OC,0.1072,10.03,Inactive,Inactive
6335,C[C@@H]1CCC[C@@H]2O[C@H]2/C=C/[C@H](O)C[C@@H](O)C/C=C\C=C\[C@@H](O)C/C=C/C=C\C(=O)O1,0.1072,10.03,Inactive,Inactive
6336,COc1ccc(CCNC(=O)c2cnccn2)cc1,0.1072,10.03,Inactive,Inactive
6337,Fc1ccccc1Cn1cc(COCc2c(-c3ccccc3)nc3sc4ccccc4n23)nn1,0.1072,10.03,Inactive,Inactive
6338,COc1ccc(CCNC(=O)Cn2c(=O)n(CC3CCCO3)c(=O)c3ccccc32)cc1OC,0.1072,10.03,Inactive,Inactive
6339,COc1ccc(CC(=O)Nc2sc3c(c2C(N)=O)CCCC3)cc1,0.1072,10.03,Inactive,Inactive
6340,COc1ccc(C2c3cc(OC)c(OC)cc3CCN2S(C)(=O)=O)cc1OC,0.1072,10.03,Inactive,Inactive
6341,COc1ccc(C2SCC(=O)N2n2c(Cc3ccccc3Nc3c(Cl)cccc3Cl)n[nH]c2=S)cc1OC,0.1072,10.03,Inactive,Inactive
6342,COc1ccc(C2CC(=O)C(C=NCCCO)=C(O)C2)cc1,0.1072,10.03,Inactive,Active
6343,C[C@@H](O)[C@@H]1NC(=O)[C@H]2NC(=O)[C@H](CC(N)=O)NC(=O)[C@@H](N)Cc3c[nH]c4c(cccc34)O[C@@H]2c2c[nH]c3cc(ccc23)[C@H](CCCN)[C@@H](C(=O)N[C@@H](CCCNC(=N)N)C(=O)N[C@@H](Cc2c[nH]c3ccccc23)C(=O)O)NC1=O,0.1072,10.03,Inactive,Active
6344,C[C@@H](O)[C@@H]1NC(=O)[C@H]2NC(=O)[C@H](CC(N)=O)NC(=O)[C@@H](N)Cc3c[nH]c4c(cccc34)O[C@@H]2c2c[nH]c3cc(ccc23)[C@H](CCCNC(=N)N)[C@@H](C(=O)N[C@@H](CCCNC(=N)N)C(=O)N[C@@H](Cc2c[nH]c3ccccc23)C(=O)O)NC1=O,0.1072,10.03,Inactive,Active
6345,COc1ccc(C2CC(=O)C(C)C(c3ccc(OC)cc3)N2C(=O)CN2CCOCC2)cc1,0.1072,10.03,Inactive,Inactive
6346,N#CCCN(C(=O)COC(=O)c1ccc(CNS(=O)(=O)c2ccc(F)c(Cl)c2)cc1)c1ccc(F)cc1,0.1072,10.03,Inactive,Inactive
6347,COc1ccc(C2C(C#N)=C(N)OC3=C2C(=O)CCC3)cc1Cn1nc(C)c([N+](=O)[O-])c1C,0.1072,10.03,Inactive,Inactive
6348,Cc1ccsc1/C=N/NC(=O)Cn1cnc2ccccc21,0.1072,10.03,Inactive,Inactive
6349,Cc1ccc(CNc2nc(NN3C(=O)c4cccc5cccc(c45)C3=O)nc(N3CCOCC3)n2)cc1,0.1072,10.03,Inactive,Inactive
6350,COc1cc(NC(=O)C2CCCC2)c(C(=O)OCC(=O)N2CC(C)CC(C)C2)cc1OC,0.1072,10.03,Inactive,Inactive
6351,CCn1cc(-c2csc(N)n2)c(=O)c2cc(F)c(N3CCN(C/C(=N/OC)c4ccc(OC)cc4)CC3)cc21,0.1072,10.03,Inactive,Inactive
6352,O=C(Cn1nnc(-c2ccc(N3CCOCC3)cc2)n1)OC1CCCCC1,0.1072,10.03,Inactive,Inactive
6353,Cc1ccc(-c2c(C(=O)NNC(=S)NCC3CCCO3)csc2C)cc1,0.1072,10.03,Inactive,Inactive
6354,O=C(Cn1cncn1)c1ccc(F)c(F)c1,0.1072,10.03,Inactive,Inactive
6355,Cc1ccc(-c2nn(-c3ccccc3)cc2-c2nnc(-c3ccccc3)o2)cc1,0.1072,10.03,Inactive,Inactive
6356,O=C(Cc1ccc(NC(=O)C2CCN(C(=O)c3ccccc3)CC2)cc1)Nc1cccc(C(=O)N2CCCCC2)c1,0.1072,10.03,Inactive,Inactive
6357,CCn1c2ccccc2c2nnc(N3CCN(c4ccccc4)CC3)nc21,0.1072,10.03,Inactive,Inactive
6358,O=C(COC(=O)CNC(=O)c1cccs1)Nc1ccc(C(F)(F)F)cc1[N+](=O)[O-],0.1072,10.03,Inactive,Inactive
6359,CCOC(=O)c1cc(O)c(OCc2cc(=O)oc3c2ccc2ccccc23)c(O)c1,0.1072,10.03,Inactive,Inactive
6360,Cc1cc(F)ccc1S(=O)(=O)NCC1CC2CCC1C2,0.1072,10.03,Inactive,Inactive
6361,O=C(Cn1cncn1)c1ccc(F)cc1,0.1072,10.03,Inactive,Inactive
6362,O=C(Cn1cncn1)c1ccc(F)cc1F,0.1072,10.03,Inactive,Inactive
6363,O=C(CN1C(=O)NC2(CCc3ccccc32)C1=O)c1ccc(Cl)cc1,0.1072,10.03,Inactive,Inactive
6364,O=C(CSc1nnc(-c2cc3ccccc3oc2=O)o1)Nc1nc2ccc(F)cc2s1,0.1072,10.03,Inactive,Inactive
6365,O=C(COC(=O)c1ccccc1SCC(=O)N1CCCC1)Nc1ccccc1OC(F)F,0.1072,10.03,Inactive,Inactive
6366,CCOC(=O)c1ccc(-n2c(C)ccc2C)cc1,0.1072,10.03,Inactive,Inactive
6367,O=C(CSc1nnc(-c2cc3ccccc3oc2=O)o1)Nc1nc2ccc(Cl)cc2s1,0.1072,10.03,Inactive,Inactive
6368,CCOc1ccc(CN(C)C(C)c2nnc(-c3ccc(C)cc3)o2)cc1,0.1072,10.03,Inactive,Inactive
6369,O=C(Cc1c(F)cccc1Cl)NCC1CCCO1,0.1072,10.03,Inactive,Inactive
6370,O=C(CSc1nc2ccccc2o1)Nc1ccc(N2CCOCC2)c(Cl)c1,0.1072,10.03,Inactive,Inactive
6371,Cc1cc(C)c(S(=O)(=O)N2CCCCC2)cc1N(C)S(=O)(=O)c1ccc(Cl)cc1,0.1072,10.03,Inactive,Inactive
6372,O=C(/C=C/c1ccncc1)c1ccc(Nc2nc3ccccc3o2)cc1,0.1072,10.03,Inactive,Inactive
6373,Cc1cc(=O)oc2cc(NC(=O)CC3(CC(=O)O)CCCC3)ccc12,0.1072,10.03,Inactive,Inactive
6374,Cc1ccc(C)c(OCC(=O)Nc2ccc(S(=O)(=O)Nc3ccccn3)cc2)c1C,0.1072,10.03,Inactive,Inactive
6375,CC[C@@]12CCCN3CC[C@@H](c4ccccc4NC(=O)CC1)[C@]32O,0.1072,10.03,Inactive,Inactive
6376,Nc1nc2ccc(COc3ccccc3)cc2s1,0.1072,10.03,Inactive,Inactive
6377,Cc1ccc(-n2ncc3c(N4CCN(c5ccccc5)CC4)ncnc32)c(C)c1,0.1072,10.03,Inactive,Inactive
6378,O=C(Cn1cncn1)c1ccc(Cl)cc1,0.1072,10.03,Inactive,Inactive
6379,CCS(=O)(=O)N1CCN(C2CCC(c3ccccc3)CC2)CC1,0.1072,10.03,Inactive,Inactive
6380,CCOc1ccccc1NC(=O)CSc1nc(=O)n(Cc2ccccn2)c2c1CCC2,0.1072,10.03,Inactive,Inactive
6381,Cc1ccc(C)c(SCC(=O)Nc2ccc(S(=O)(=O)Nc3ncccn3)cc2)c1,0.1072,10.03,Inactive,Inactive
6382,O=C(/C=C/c1ccc(Cl)cc1)c1nc2ccccc2[nH]1,0.1072,10.03,Inactive,Inactive
6383,O=C(/C=C/c1ccc(F)cc1)c1nc2ccccc2[nH]1,0.1072,10.03,Inactive,Inactive
6384,O=C(CSc1nnc(-c2ccc3ncccc3c2)n1-c1cccc2ccccc12)Nc1nc2ccc(Cl)cc2s1,0.1072,10.03,Inactive,Inactive
6385,CCOC(=O)c1c(NC(=O)C2CCCO2)sc(C(=O)OC(C)(C)C)c1C,0.1072,10.03,Inactive,Inactive
6386,CCOC(=O)c1sc(NC(=O)c2cc(-c3ccc(Cl)cc3)n(-c3ccc(F)cc3)n2)nc1C,0.1072,10.03,Inactive,Inactive
6387,Cc1ccc(/N=N/c2sc(N)nc2-c2ccc(NC(=O)c3ccccc3)cc2)cc1,0.1072,10.03,Inactive,Active
6388,Cc1ccc(C(=O)C2=C(O)C(=O)N(Cc3ccco3)C2c2cccc(Br)c2)o1,0.1072,10.03,Inactive,Inactive
6389,Cc1ccc(-c2nn(-c3nc(-c4cc5ccccc5oc4=O)cs3)cc2C=O)cc1,0.1072,10.03,Inactive,Inactive
6390,Cc1ccc(C)n1-c1[nH]nc(N2CCOCC2)c1C#N,0.1072,10.03,Inactive,Inactive
6391,Cc1ccc(C)c(-c2nnc(NC(=O)Cc3ccccc3)o2)c1,0.1072,10.03,Inactive,Inactive
6392,Cc1ccc(C)n1-c1ccc(C(=O)NN)cc1,0.1072,10.03,Inactive,Inactive
6393,CCOc1ccc(NC(=O)CN(C)C(=O)c2ccccc2CCc2ccccc2)cc1OCC,0.1072,10.03,Inactive,Inactive
6394,CCOC(=O)c1sc(=S)n(CC)c1NC(=O)C1CC1,0.1072,10.03,Inactive,Inactive
6395,CCOc1ccc2c(c1)sc1nc(-c3ccccc3)c(COCc3cn(Cc4ccccc4F)nn3)n12,0.1072,10.03,Inactive,Inactive
6396,Cc1ccc(/C=N/NC(=O)Cn2c(=O)oc3ccc(C)cc32)cc1,0.1072,10.03,Inactive,Inactive
6397,Nc1nnc(Sc2ccc(Cl)cc2[N+](=O)[O-])s1,0.1072,10.03,Inactive,Inactive
6398,Cc1ccc(C(=O)COC(=O)CNC(=O)c2ccccc2)s1,0.1072,10.03,Inactive,Inactive
6399,Cc1ccc(/C=N/NC(=O)Cc2cccn2C)cc1,0.1072,10.03,Inactive,Inactive
6400,O=C(/C=C/c1ccccc1[N+](=O)[O-])c1cc2c(ccc3ccccc32)oc1=O,0.1072,10.03,Inactive,Inactive
6401,CCOC(=O)c1nc2nc(-c3cccs3)cc(C(F)(F)F)n2n1,0.1072,10.03,Inactive,Inactive
6402,CCOC(=O)c1cc(CC)sc1NC(=O)C(C)C,0.1072,10.03,Inactive,Inactive
6403,O=C(COC(=O)/C=C/c1ccccc1Cl)NC1CC1,0.1072,10.03,Inactive,Inactive
6404,O=C(C(Cl)Cl)N1CCN(c2nccc(-n3cncn3)n2)CC1,0.1072,10.03,Inactive,Inactive
6405,CCOC(=O)N1CCN(CCCCN2C(=O)N(CC(=O)O)C(=O)C2(c2ccccc2)c2ccccc2)CC1,0.1072,10.03,Inactive,Inactive
6406,O=C(CCN1C(=O)c2ccccc2S1(=O)=O)Nc1ccc2c(c1)OCCO2,0.1072,10.03,Inactive,Inactive
6407,Cc1ccc(CNC(=O)c2ccc(N3CCSc4ncccc43)s2)o1,0.1072,10.03,Inactive,Inactive
6408,Cc1ccc(CN2CCCN(C(=O)Nc3ccc(Cl)cc3)C2)cc1,0.1072,10.03,Inactive,Inactive
6409,Cc1cc(SCC(N)=O)nc(SCC(=O)c2ccccc2)n1,0.1072,10.03,Inactive,Inactive
6410,O=C(CC(c1ccccc1)c1ccco1)Nc1nccs1,0.1072,10.03,Inactive,Inactive
6411,CCc1ccccc1NC(=S)NC(=O)c1cnn(C)c1,0.1072,10.03,Inactive,Inactive
6412,CCc1nnc(NC(=O)COC(=O)c2cc(OC)cc(OC)c2)s1,0.1072,10.03,Inactive,Inactive
6413,CCc1noc(C)c1C(=O)N1CCN(S(=O)(=O)c2ccc(C(C)=O)cc2)CC1,0.1072,10.03,Inactive,Inactive
6414,Cc1cc(SC(NC(=O)c2ccc(F)cc2)C(Cl)(Cl)Cl)ncn1,0.1072,10.03,Inactive,Inactive
6415,O=C(COc1ccc(Cl)cc1)N1CCN(Cc2ccc3c(c2)OCO3)CC1,0.1072,10.03,Inactive,Inactive
6416,O=C(COc1ccc(Nc2ccccc2)cc1)OCC(=O)N1CCCCC1,0.1072,10.03,Inactive,Inactive
6417,CCOCCCNC(=O)CN1CCN(Cc2ccccc2C)C1=O,0.1072,10.03,Inactive,Inactive
6418,CCOC(=O)CNc1nc2ccccc2n2c(C)nnc12,0.1072,10.03,Inactive,Inactive
6419,Cc1cc2c([nH]c3ccccc32)c2c1OC(C)(C)C=C2,0.1072,10.03,Inactive,Inactive
6420,O=C(CCc1ccc(F)cc1)OC[C@H]1O[C@@H](Oc2c(-c3ccc(O)c(O)c3)oc3cc(O)cc(O)c3c2=O)[C@H](O)[C@@H](O)[C@H]1O,0.1072,10.03,Inactive,Inactive
6421,CCOCCOC(=O)c1ccc(-n2cncn2)nc1,0.1072,10.03,Inactive,Inactive
6422,CCc1oc(OC)c(Cc2c(O)c(C(=O)[C@@H](C)CC)c3c(c2OC)C=CC(C)(C)O3)c(=O)c1C,0.1072,10.03,Inactive,Inactive
6423,Cc1cc(O)c2c(c1)C(=O)c1c(cc(C)c([C@H]3C[C@@H](O)C4=C(C(=O)C5=C(C4=O)[C@@H](O)CC[C@@H]5O)[C@H]3O)c1O)C2=O,0.1072,10.03,Inactive,Inactive
6424,O=C(CSCc1ccccc1)N/N=C/c1ccccc1OCc1ccccc1,0.1072,10.03,Inactive,Inactive
6425,O=C(COc1ccccc1Cl)NC(=S)Nc1ccc(CN2CCOCC2)cc1,0.1072,10.03,Inactive,Inactive
6426,O=C(CCn1c(=S)[nH]c2ccccc2c1=O)NCCc1ccc(Cl)cc1,0.1072,10.03,Inactive,Inactive
6427,CCOC(=O)C1CCN(C(=O)c2cc3c(=O)n4ccccc4nc3n2C)CC1,0.1072,10.03,Inactive,Inactive
6428,O=C(COc1ccc2ccccc2c1)N1CCN(C(=O)c2ccc([N+](=O)[O-])cc2)CC1,0.1072,10.03,Inactive,Inactive
6429,CCOC(=O)c1cnc(SCC(=O)N2CCCCC2)nc1N,0.1072,10.03,Inactive,Inactive
6430,O=C(CCCc1ccc(F)cc1)OC[C@H]1O[C@@H](Oc2c(-c3ccc(O)c(O)c3)oc3cc(O)cc(O)c3c2=O)[C@H](OC(=O)CCCc2ccc(F)cc2)[C@@H](O)[C@H]1O,0.1072,10.03,Inactive,Inactive
6431,O=C(/C=C/c1ccc(Cl)cc1)c1cc2c(ccc3ccccc32)oc1=O,0.1072,10.03,Inactive,Inactive
6432,CCOC(=O)c1cn(CC(=O)N2CCN(C(=O)OC(C)(C)C)CC2)c2cc(F)c(F)cc2c1=O,0.1072,10.03,Inactive,Inactive
6433,O=C(CCCCc1ccc(F)cc1)OC[C@H]1O[C@@H](Oc2c(-c3ccc(O)c(O)c3)oc3cc(O)cc(O)c3c2=O)[C@H](OC(=O)CCCCc2ccc(F)cc2)[C@@H](O)[C@H]1O,0.1072,10.03,Inactive,Inactive
6434,CCOC(=O)N1CCN(C(=O)C2CCN(C(=O)c3ccccc3C)CC2)CC1,0.1072,10.03,Inactive,Inactive
6435,Cc1cc2cc3c(C)cc(=O)oc3c(C)c2o1,0.1072,10.03,Inactive,Inactive
6436,CCc1ccc2c(CN3CCN(S(=O)(=O)c4ccc5c(c4)OCCO5)CC3)cc(=O)oc2c1,0.1072,10.03,Inactive,Inactive
6437,O=C(COc1ccc(Cl)cc1)N1CCN(C/C=C/c2ccccc2)CC1,0.1072,10.03,Inactive,Inactive
6438,CCc1ccc2oc(C(=O)N3CCN(c4ccc(OC)cc4)CC3)cc(=O)c2c1,0.1072,10.03,Inactive,Inactive
6439,CCOC(=O)N1CCC(N2C(=O)c3ccccc3C2Nc2cc(C(=O)OC)cc(C(=O)OC)c2)CC1,0.1072,10.03,Inactive,Active
6440,O=C(CSc1nnc(Cn2nnc3ccccc32)o1)Nc1ccc([N+](=O)[O-])cc1,0.1072,10.03,Inactive,Inactive
6441,Cc1cc(C)nc(SCNC(=O)c2ccc(F)cc2)n1,0.1072,10.03,Inactive,Inactive
6442,CCOC(=O)N1CCN(C(=O)c2ccc(-n3c(=S)[nH]c4ccccc4c3=O)cc2)CC1,0.1072,10.03,Inactive,Inactive
6443,Cc1cc(NC(=O)CSc2nc3c(C)c(C)ccc3cc2C)no1,0.1072,10.03,Inactive,Inactive
6444,CCOC(=O)c1cccc(NC(=O)c2cccs2)c1,0.1072,10.03,Inactive,Inactive
6445,O=C(CN1C(=O)CCC1=O)NCc1ccc2c(c1)OCO2,0.1072,10.03,Inactive,Inactive
6446,Cc1cc(C)c2cc(C#N)c(N3CCCN(S(=O)(=O)c4ccccc4)CC3)nc2c1,0.1072,10.03,Inactive,Inactive
6447,O=C(CSc1nc2ccccc2o1)Nc1ccc(Cl)cc1,0.1072,10.03,Inactive,Inactive
6448,CCOc1ccc(C(C)NC(=O)c2cccnc2OCC)cc1OCC,0.1072,10.03,Inactive,Inactive
6449,CCOC(=O)c1ccc(N2CCN(c3ccc(F)cc3)CC2)c(NC(=O)Nc2cccc(OC)c2)c1,0.1015,9.53,Inactive,Inactive
6450,Cc1ccc(S(=O)(=O)NC(=O)Nc2ccccc2C(=O)/C=C/c2c3ccccc3cc3ccccc23)cc1,0.1015,9.53,Inactive,Inactive
6451,O=C(O)c1cccnc1SCC(=O)N1CCCCCC1,0.1015,9.53,Inactive,Inactive
6452,COc1ccc(-c2csc3ncnc(N4CCN(S(=O)(=O)c5ccccc5C#N)CC4)c23)cc1,0.1015,9.53,Inactive,Inactive
6453,COc1ccc(N(CC(=O)Nc2cccc(N(C)S(C)(=O)=O)c2)S(=O)(=O)c2ccc(F)cc2)cc1,0.1015,9.53,Inactive,Inactive
6454,C=CCCCC1(C)SC(=O)C(C)=C1O,0.1015,9.53,Inactive,Inactive
6455,CCOc1ccc(C(=O)N(C)Cc2ccc(OC)cc2OC)cc1,0.1015,9.53,Inactive,Inactive
6456,O=C(O)c1ccc(CN2C(=O)S/C(=C\c3ccc(/C=C/C(=O)c4ccc5ccccc5c4)cc3)C2=O)cc1,0.1015,9.53,Inactive,Inactive
6457,Cc1ccc2occ(/C=C/C(=O)c3ccccc3O)c(=O)c2c1,0.1015,9.53,Inactive,Inactive
6458,O=C(/C=C/c1ccccc1)c1ccc(NC2=NCCCS2)cc1,0.1015,9.53,Inactive,Active
6459,Cc1ccc(-c2nc(C#N)c(NCCN3CCCCC3)o2)cc1,0.1015,9.53,Inactive,Inactive
6460,O=C(OC1CCCc2nc(Nc3ccc(C(F)(F)F)cc3)sc21)n1ccnc1,0.1015,9.53,Inactive,Inactive
6461,CCC/C(C)=N\N=C1/NC(=O)CS1,0.1015,9.53,Inactive,Inactive
6462,CC1=CC(C)(C)n2c(O)c(C3=NC(=S)NC3=O)c3cc(OC(=O)c4cccc5ccccc45)cc1c32,0.1015,9.53,Inactive,Inactive
6463,O=C(Nc1ccc2oc(-c3ccccc3)nc2c1)c1cc2ccccc2o1,0.1015,9.53,Inactive,Inactive
6464,Fc1cccc(NCc2cn3ccccc3n2)c1,0.1015,9.53,Inactive,Inactive
6465,O=C(Nc1ccc(C(F)(F)F)cc1)c1ccc2ncsc2c1,0.1015,9.53,Inactive,Inactive
6466,CC(=O)N1c2ccc(S(=O)(=O)N3CCCC(C(=O)Nc4cccc(Cl)c4)C3)cc2CC1C,0.1015,9.53,Inactive,Inactive
6467,CCOC(=O)C(C)Sc1ccc2nnc(-c3ccc(F)cc3)n2n1,0.1015,9.53,Inactive,Inactive
6468,Cn1nnnc1SCC(=O)c1cccs1,0.1015,9.53,Inactive,Inactive
6469,O=[N+]([O-])c1ccc(C2=NOC(c3ccc(N4CCN(Cc5ccncc5)CC4)cc3)C2)o1,0.1015,9.53,Inactive,Inactive
6470,Cn1cccc1C(=O)OCc1csc(-c2ccccc2)n1,0.1015,9.53,Inactive,Inactive
6471,CC(C)OC(=O)C(C(=O)C(C)(C)C)=P(c1ccccc1)(c1ccccc1)c1ccccc1,0.1015,9.53,Inactive,Inactive
6472,Cc1ccccc1NC(=S)NC(=O)c1cnn(C)c1,0.1015,9.53,Inactive,Inactive
6473,Clc1ccc(Nc2nc3ccccc3s2)cc1,0.1015,9.53,Inactive,Inactive
6474,C[C@]1(C(=O)NCCCNCCCCCCCCNCCCNC(=O)[C@@]2(C)CCC[C@]3(C)c4cc(O)ccc4CC[C@@H]23)CCC[C@]2(C)c3cc(O)ccc3CC[C@@H]12,0.1015,9.53,Inactive,Inactive
6475,O=C(NC1CCCCC1)Oc1ccc(Cl)cc1C(=O)Nc1ccc(Cl)cc1,0.1015,9.53,Inactive,Inactive
6476,COc1ccc(C2C(C#N)=C(N)OC3=C2C(=O)CC(C)(C)C3)cc1Cn1cc([N+](=O)[O-])cn1,0.1015,9.53,Inactive,Inactive
6477,COCCN(Cc1ccccc1)C(=O)c1cnn(-c2ccccc2)n1,0.1015,9.53,Inactive,Inactive
6478,O=C(Nc1ccccc1Cl)N1CCCN(Cc2ccccc2F)C1,0.1015,9.53,Inactive,Inactive
6479,Cc1cc(N2CCCC2=O)cc(C)c1S(=O)(=O)NCCOc1ccc(C(C)(C)C)cc1,0.1015,9.53,Inactive,Inactive
6480,CCOc1ccccc1NC(=O)C1(S(=O)(=O)c2ccc(Cl)cc2)CC1,0.1015,9.53,Inactive,Inactive
6481,CCCCN(C)CCCNC(=O)c1ccc(N2CCCC2=O)cc1,0.1015,9.53,Inactive,Inactive
6482,Cc1cc(NC(=O)c2cc(C(C)(C)C)oc2C)no1,0.1015,9.53,Inactive,Inactive
6483,Cc1ccccc1-n1c2c(c(=O)[nH]c1=S)CN(Cc1ccco1)CN2,0.1015,9.53,Inactive,Inactive
6484,CCc1ccc2oc(C(=O)N3CCN(c4ccccc4OC)CC3)cc(=O)c2c1,0.1015,9.53,Inactive,Inactive
6485,O=S(=O)(Nc1ccc(-c2nc3ccccc3o2)cc1)c1ccc(F)c(C(F)(F)F)c1,0.1015,9.53,Inactive,Inactive
6486,COc1ccc2cc1Oc1cc(ccc1OC)CCC(OC(=O)Cc1ccccc1)CCCC2,0.1015,9.53,Inactive,Inactive
6487,COC(=O)c1cccc(C(=O)N2CCCC(CCC(=O)N(C)CCc3ccccn3)C2)c1,0.1015,9.53,Inactive,Inactive
6488,CCSc1nnc(-c2cccnc2)n1-c1ccc(Cl)c(C)c1,0.1015,9.53,Inactive,Inactive
6489,COc1ccc(C2C(C)C(=O)C(C)C(c3ccc(OC)cc3)N2C(=O)Cn2ccnc2)cc1,0.1015,9.53,Inactive,Inactive
6490,O=Cc1cn(-c2nc(-c3cc4cc(Cl)ccc4oc3=O)cs2)nc1-c1ccccc1,0.1015,9.53,Inactive,Inactive
6491,CO[C@@H]1OCC2=CC[C@H]3[C@]4(C)CC[C@H]5C(C)(C)CCC[C@]5(C)[C@H]4C[C@@H](O)[C@]3(C)[C@H]21,0.1015,9.53,Inactive,Inactive
6492,Cc1ccc(NC(=O)CSc2nnc(CNC(=O)c3ccco3)o2)cc1Cl,0.1015,9.53,Inactive,Inactive
6493,O=C(CSc1nnc(-c2ccc3ncccc3c2)n1-c1cccc2ccccc12)Nc1nc2ccc(F)cc2s1,0.1015,9.53,Inactive,Inactive
6494,O=S(=O)(Nc1ccc(-c2nc3ccccc3o2)cc1)c1cccc(Cl)c1,0.1015,9.53,Inactive,Inactive
6495,O=c1cc(N2CCCCC2)c(-c2ccccc2)nn1Cc1ccc(Cl)cc1,0.1015,9.53,Inactive,Inactive
6496,CC(C)=NNC(=O)c1ccc(-n2c(C)ccc2C)cc1,0.1015,9.53,Inactive,Inactive
6497,CCn1nc(NC(=O)NC2C3CC4CC(C3)CC2C4)cc1C,0.1015,9.53,Inactive,Inactive
6498,Cc1nc2ccccc2n1CCC(=O)N/N=C/c1cccc2ccccc12,0.1015,9.53,Inactive,Inactive
6499,Cc1ccc(-c2nnc(Nc3ccccc3)o2)cc1,0.1015,9.53,Inactive,Inactive
6500,O=C(NC1CCCCC1)c1ccc(S(=O)(=O)NCc2cccnc2)cc1,0.1015,9.53,Inactive,Inactive
6501,CC(=O)Nc1ccc(S(=O)(=O)C/C(=N/OCC#N)c2nccs2)cc1,0.1015,9.53,Inactive,Inactive
6502,COc1ccc(C(=O)C2CCCN(Cc3cnc(N4CCOCC4)s3)C2)c(OC)c1,0.1015,9.53,Inactive,Inactive
6503,CN(C)N1C(=O)CC(Nc2ccc(F)cc2)C1=O,0.1015,9.53,Inactive,Inactive
6504,CC1(C)O[C@@H]2C[C@H]3[C@@H]4CCC5=CC(=O)C=C[C@]5(C)[C@@]4(F)[C@@H](O)C[C@]3(C)[C@]2(C(=O)CO)O1,0.1015,9.53,Inactive,Inactive
6505,Cc1ccc(NC(=O)c2cccc(S(=O)(=O)NCc3ccccc3)c2)nc1,0.1015,9.53,Inactive,Inactive
6506,Cc1ccccc1NC(=S)N/N=C1\C(=O)Nc2c(Cl)cccc21,0.0845,8.02,Inactive,Inactive
6507,CSCCC(NC(=O)c1cccc(S(=O)(=O)N2CCOCC2)c1)C(=O)Nc1ccc(F)cc1,0.0845,8.02,Inactive,Inactive
6508,COc1ccc(COc2cc(-c3cccc(OC)c3)nc3ccc(NC(=O)c4cccnc4)cc23)cc1,0.0845,8.02,Inactive,Inactive
6509,C/C(=N/NC(=O)c1ccc(C(C)(C)C)cc1)c1ccccn1,0.0845,8.02,Inactive,Inactive
6510,Cc1cn(C[C@H]2CN(c3ccc(N4CCN(C(=O)C5CCCC5)CC4)c(F)c3)C(=O)O2)nn1,0.0845,8.02,Inactive,Inactive
6511,CCNC(=O)C(Sc1ccccc1)c1ccccc1,0.0845,8.02,Inactive,Inactive
6512,O=C1C2=C(Nc3ccccc3SC2c2ccc(Cl)cc2)c2ccccc21,0.0845,8.02,Inactive,Inactive
6513,Cc1ccccc1NC(=O)N1CCCN(Cc2ccccc2F)C1,0.0845,8.02,Inactive,Inactive
6514,O=C1CS/C(=N/N=C\c2cccc3ccccc23)N1,0.0845,8.02,Inactive,Inactive
6515,O=C(CSCc1ccccc1)Nc1cccc(C(=O)Nc2ccc(C(=O)O)cc2)c1,0.0845,8.02,Inactive,Inactive
6516,CC(NC(=O)c1cccc(Br)c1)c1ccccc1,0.0845,8.02,Inactive,Inactive
6517,O=C(CSCc1ccccc1)Nc1ccc2c(c1)OCO2,0.0845,8.02,Inactive,Inactive
6518,c1ccc(-c2cnc(CSc3ncnc4sccc34)o2)cc1,0.0845,8.02,Inactive,Inactive
6519,O=C1CS/C(=N/N=C\c2ccco2)N1,0.0845,8.02,Inactive,Inactive
6520,Cc1ccc(-c2csc(=S)n2CC(=O)OCC(=O)NCc2ccco2)cc1,0.0845,8.02,Inactive,Inactive
6521,CS(=O)(=O)N(CCc1ccccc1)CC(=O)Nc1ccc2c(c1)OCO2,0.0845,8.02,Inactive,Inactive
6522,O=C(COc1ccccc1)N(Cc1ccco1)C1CCS(=O)(=O)C1,0.0845,8.02,Inactive,Inactive
6523,CC(=O)OC[C@H]1O[C@@H](O[C@@H]2[C@@H](O)[C@H](C)O[C@@H](Oc3ccc(O)cc3[C@@H]3CC(=O)c4c(O)cc(O)cc4O3)[C@@H]2OC(C)=O)[C@H](O)[C@@H](O)[C@@H]1O,0.0845,8.02,Inactive,Inactive
6524,CC(SCc1ccccc1)C(=O)NCc1ccccn1,0.0845,8.02,Inactive,Inactive
6525,COc1ccc(Cl)cc1S(=O)(=O)Nc1ccc(-c2nc3ccccc3o2)cc1,0.0845,8.02,Inactive,Inactive
6526,O=C(CSc1nc2ccccc2o1)Nc1ccc(N2CCOCC2)cc1,0.0845,8.02,Inactive,Inactive
6527,O=c1c2c3c(sc2nc2sc(-c4cc(Cl)cc(Cl)c4)nn12)CCCC3,0.0845,8.02,Inactive,Inactive
6528,O=C(CSc1nnc(-c2cc3ccccc3oc2=O)o1)Nc1nc2ccc([N+](=O)[O-])cc2s1,0.0845,8.02,Inactive,Inactive
6529,Cc1cn(C[C@H]2CN(c3ccc(N4CCN(C(=O)C5CCCCC5)CC4)c(F)c3)C(=O)O2)nn1,0.0845,8.02,Inactive,Inactive
6530,O=C(CSc1nnc(-c2ccc3ncccc3c2)n1-c1cccc2ccccc12)Nc1nc2ccc(I)cc2s1,0.0845,8.02,Inactive,Inactive
6531,CSc1ncc(C2NC(=O)NC(C)=C2C(=O)Nc2ccccn2)n1Nc1ccccc1,0.0845,8.02,Inactive,Inactive
6532,O=C1CC(N2CCC(c3nc4ccccc4o3)CC2)C(=O)N1c1ccc(F)cc1,0.0845,8.02,Inactive,Inactive
6533,COc1ccc(CCNC(=O)C(=O)NCCCN2CCOCC2)cc1,0.0845,8.02,Inactive,Inactive
6534,CCO/N=C(/CS(=O)(=O)c1ccc(NC(C)=O)cc1)c1nccs1,0.0845,8.02,Inactive,Inactive
6535,COc1ccc(CCNC(=O)CSCC(=O)Nc2ccccc2)cc1OC,0.0845,8.02,Inactive,Inactive
6536,COc1ccc(CCNC(=O)CSc2nc3c(c(=O)n(C)c(=O)n3C)n2C)cc1OC,0.0845,8.02,Inactive,Inactive
6537,O=C(CSc1nnc(-c2ccc3ncccc3c2)n1-c1cccc2ccccc12)Nc1nc2ccc(Br)cc2s1,0.0845,8.02,Inactive,Inactive
6538,O=C(CSc1nnc(-c2cccnc2)o1)OC1CCCCC1,0.0845,8.02,Inactive,Inactive
6539,CC(=O)OC[C@H]1O[C@@H](O[C@@H]2[C@@H](O)[C@H](C)O[C@@H](Oc3ccc(O)cc3[C@@H]3CC(=O)c4c(O)cc(O)cc4O3)[C@@H]2OC(C)=O)[C@H](O)[C@@H](OC(C)=O)[C@@H]1O,0.0845,8.02,Inactive,Inactive
6540,O=C(NCc1ccco1)c1ccccc1Br,0.0845,8.02,Inactive,Inactive
6541,COc1ccc(C2C(C#N)=C(N)Oc3ccc4ccccc4c32)cc1,0.0845,8.02,Inactive,Inactive
6542,O=C(NCc1ccco1)C1CCCN1S(=O)(=O)c1ccccc1C(F)(F)F,0.0845,8.02,Inactive,Inactive
6543,CCOC(=O)/C=C\Sc1cccs1,0.0845,8.02,Inactive,Inactive
6544,O=C(CSc1nnc(CNC(=O)c2ccco2)o1)Nc1ccc(F)cc1F,0.0845,8.02,Inactive,Inactive
6545,O=C(CSc1nnc(-c2cc3ccccc3oc2=O)o1)Nc1nc2ccc(I)cc2s1,0.0845,8.02,Inactive,Inactive
6546,O=C(NCc1ccccn1)c1ccc(Cl)c(S(=O)(=O)N2CCOCC2)c1,0.0845,8.02,Inactive,Inactive
6547,O=C(NN=C1CCCCCC1)c1snnc1C(F)(F)F,0.0845,8.02,Inactive,Inactive
6548,CCOC(=O)/C=C\Oc1ccsc1C(=O)OC,0.0845,8.02,Inactive,Inactive
6549,Cc1ccc(-c2nn(-c3nc(-c4cc5cc(Br)ccc5oc4=O)cs3)cc2C=O)cc1,0.0845,8.02,Inactive,Inactive
6550,Cc1ccnc(SCC(=O)c2ccc(Br)cc2)n1,0.0845,8.02,Inactive,Active
6551,Cc1ccc(-c2nn(-c3nc(-c4cc5cc(Br)cc(Br)c5oc4=O)cs3)cc2C=O)cc1,0.0845,8.02,Inactive,Inactive
6552,C[C@@H]1CCC/C=C/CCC(=O)C[C@@H](O)C/C=C\C=C\[C@@H](O[C@H]2O[C@@H](CO)[C@H](O)[C@@H](O)[C@@H]2O)C/C=C/C=C\C(=O)O1,0.0845,8.02,Inactive,Inactive
6553,O=C(CSc1nnc(-c2cc3ccccc3oc2=O)o1)Nc1nc2ccc(Br)cc2s1,0.0845,8.02,Inactive,Inactive
6554,Cc1cc(C)nc(SCC(=O)NCc2ccco2)n1,0.0845,8.02,Inactive,Inactive
6555,CSCc1cc(N2CCOCC2)nc(SCc2ccc(Cl)cc2Cl)n1,0.0845,8.02,Inactive,Inactive
6556,CCOC(=O)C1CCN(C(=O)CCc2c(C)nc3cc(-c4ccc(OC)cc4OC)nn3c2C)CC1,0.0845,8.02,Inactive,Inactive
6557,O=C(CSc1nnc(-c2cc3ccccc3oc2=O)o1)Nc1nc2ccccc2s1,0.0845,8.02,Inactive,Inactive
6558,Cn1cc(C(=O)NC(=S)Nc2ccccc2C(C)(C)C)cn1,0.0845,8.02,Inactive,Inactive
6559,c1ccc(COc2nsnc2N2CCOCC2)cc1,0.0845,8.02,Inactive,Inactive
6560,O=S(=O)(Nc1ccc(-c2nc3ccccc3o2)cc1)c1ccccc1Cl,0.0845,8.02,Inactive,Inactive
6561,O=C1c2ccccc2C(=O)N1CN1C(=O)CS/C1=N\N=C\c1cccnc1,0.0845,8.02,Inactive,Inactive
6562,O=C1c2ccccc2C(=O)N1CN1C(=O)CS/C1=N\N=C\c1cccc2ccccc12,0.0845,8.02,Inactive,Inactive
6563,Cc1cc2cc3c(cc2nc1SCC(=O)N1CCCC1)OCCO3,0.0845,8.02,Inactive,Inactive
6564,COc1cccc(C(C)NC(=O)c2c(F)cccc2Cl)c1,0.0845,8.02,Inactive,Inactive
6565,CC(C)(C)OC(=O)N(Cc1ccccc1)CC(OS(=O)(=O)c1c(Cl)cccc1Cl)c1ccccc1,0.0845,8.02,Inactive,Inactive
6566,COc1cccc(CN2CCN(C(=O)COc3ccc4ccccc4c3)CC2)c1,0.0845,8.02,Inactive,Inactive
6567,COc1ccc(S(=O)(=O)N2CCN(C(=O)c3c(C)nn(-c4ccccc4)c3Cl)CC2)cc1,0.0845,8.02,Inactive,Inactive
6568,Clc1cccc(-c2nnc(SC/C=C/c3ccccc3)n2Cc2ccco2)c1,0.0845,8.02,Inactive,Inactive
6569,O=C1c2cc3ccccc3cc2C(=O)N1CCCCCn1c(C2CCNCC2)nc2cc(Cl)c(Cl)cc21,0.0845,8.02,Inactive,Inactive
6570,COc1cccc(NC(=O)N2CCCN(Cc3ccccc3F)C2)c1,0.0845,8.02,Inactive,Inactive
6571,CC(C)(C)N(Cc1ccccc1)C(=O)c1cc2ccccc2o1,0.0845,8.02,Inactive,Inactive
6572,COc1cccc(NC(=O)c2ccccc2OCc2c(C)noc2C)c1,0.0845,8.02,Inactive,Inactive
6573,Clc1ccccc1C(c1ccccc1)(c1ccccc1)n1ccnc1,0.0845,8.02,Inactive,Inactive
6574,CC(C)CC(COCc1ccc(Cl)cc1)N1CCN(C(=O)c2ccc(C(F)(F)F)cc2)CCC1=O,0.0845,8.02,Inactive,Inactive
6575,O=C(Cn1cnc2ccccc21)OCC(=O)N1CCc2ccccc2C1,0.0845,8.02,Inactive,Inactive
6576,Cc1cc(Cl)ccc1OCC(=O)NC(=S)Nc1ccccc1N1CCOCC1,0.0845,8.02,Inactive,Inactive
6577,COc1ccc(OCC(=O)N2CCN(C/C=C/c3ccccc3)CC2)cc1,0.0845,8.02,Inactive,Inactive
6578,CC(C)CNC(=O)COC(=O)CCC(=O)c1cccs1,0.0845,8.02,Inactive,Inactive
6579,COc1ccc(OC)c(N(CC(=O)NCc2ccccn2)S(C)(=O)=O)c1,0.0845,8.02,Inactive,Active
6580,COc1ccc(OC)c(C(=O)N2CCC(C(=O)c3ccc(F)cc3)CC2)c1,0.0845,8.02,Inactive,Inactive
6581,O=C(Cn1cc(CC(O)c2ccc(S(=O)(=O)c3ccccc3)cc2)nn1)c1ccc(S(=O)(=O)c2ccccc2)cc1,0.0845,8.02,Inactive,Inactive
6582,COc1ccccc1C(=O)NC(=O)CSc1nnc(C)s1,0.0845,8.02,Inactive,Inactive
6583,COc1ccccc1C(=O)Nc1ccnn1C1CCN(Cc2cnn(C)c2)CC1,0.0845,8.02,Inactive,Inactive
6584,CC(C)(C)OC(=O)N(Cc1ccccc1)CC(OS(=O)(=O)c1ccc(F)cc1)c1ccccc1,0.0845,8.02,Inactive,Inactive
6585,ClCCSc1nnc(-c2cccnc2)o1,0.0845,8.02,Inactive,Inactive
6586,O=C1CSC(=S)N1Cc1nnc(-c2cccc(Br)c2)o1,0.0845,8.02,Inactive,Inactive
6587,COc1ccc2cc1Oc1cc(ccc1OC)CCC(NC(=O)/C=C/c1ccc(F)cc1)CCCC2,0.0845,8.02,Inactive,Inactive
6588,O=S(=O)(Cc1ccccc1)Cc1nnc(-c2ccccc2)s1,0.0845,8.02,Inactive,Inactive
6589,O=S(=O)(Cc1ccc(Cl)cc1)Cc1nnc(-c2ccccc2Cl)s1,0.0845,8.02,Inactive,Inactive
6590,O=S(=O)(Cc1ccc(Cl)cc1)Cc1nnc(-c2ccccc2)s1,0.0845,8.02,Inactive,Inactive
6591,O=S(=O)(Cc1nnc(CS(=O)(=O)c2ccccc2)s1)Nc1ccccc1,0.0845,8.02,Inactive,Inactive
6592,CC(C)(C)c1cc(N/C(=N\S(=O)(=O)c2ccccc2)c2ccccc2)no1,0.0845,8.02,Inactive,Inactive
6593,O=C(N1CCN(c2ccccc2F)CC1)C12CC3CC(CC(C3)C1)C2,0.0845,8.02,Inactive,Inactive
6594,CC(C)(C)OC(=O)c1ccc(NC2CCN(Cc3ccccc3)CC2)cc1,0.0845,8.02,Inactive,Inactive
6595,CC(C)(C)c1ccc(C2CC2C(=O)N/N=C\c2cc3ccccc3nc2Cl)cc1,0.0845,8.02,Inactive,Inactive
6596,CC(C)(C)n1nc2c(c1NC(=O)/C=C\c1ccccc1)CS(=O)C2,0.0845,8.02,Inactive,Inactive
6597,Cc1cc(S(=O)(=O)N2CCOCC2)ccc1OCC(=O)Nc1ccc(F)cc1F,0.0845,8.02,Inactive,Inactive
6598,CC(C)(C)OC(=O)N(Cc1ccccc1)CC(OS(=O)(=O)c1ccc2ccccc2c1)c1ccccc1,0.0845,8.02,Inactive,Inactive
6599,COc1cccc(-c2cc(C(=O)N3CCN(C(c4ccccc4)c4ccccc4)CC3)no2)c1,0.0845,8.02,Inactive,Inactive
6600,Cc1cc([N+](=O)[O-])ccc1NC(=S)NC(=O)Cc1ccccc1,0.0845,8.02,Inactive,Inactive
6601,c1ccc2oc(N3CCCCC3)nc2c1,0.0845,8.02,Inactive,Inactive
6602,Cc1cc(NC(=O)c2ccco2)ccc1-n1cnnn1,0.0845,8.02,Inactive,Inactive
6603,C#CCSc1nnc(CS(=O)(=O)c2ccc(NC(C)=O)cc2)o1,0.0845,8.02,Inactive,Inactive
6604,CCOC(=O)Cc1csc(N/N=C2\CC(c3ccccc3)N(C)C(c3ccccc3)C2C)n1,0.0845,8.02,Inactive,Inactive
6605,CC(C)=C/C(C)=N\N=C1/NC(=O)CS1,0.0845,8.02,Inactive,Inactive
6606,COc1ccc2nc(NC(=O)CSc3nnc(-c4cc5ccccc5oc4=O)o3)sc2c1,0.0845,8.02,Inactive,Inactive
6607,O=C(NC1CCCCC1)Oc1ccc(Cl)cc1C(=O)Nc1ccc(F)cc1,0.0845,8.02,Inactive,Inactive
6608,CC(C)=CCc1c(OCCCCC(=O)NCc2cc(=O)c(O)cn2C)cc(/C=C/c2ccc(F)cc2)c(C(=O)O)c1O,0.0845,8.02,Inactive,Inactive
6609,O=C(NC1CCCCC1)Oc1ccccc1C(=O)Nc1ccccc1,0.0845,8.02,Inactive,Inactive
6610,CC(C)=CCc1c(OCCCCCC(=O)NCc2cc(=O)c(O)cn2C)cc(/C=C/c2ccc(F)cc2)c(C(=O)O)c1O,0.0845,8.02,Inactive,Inactive
6611,O=C(Cn1cc(C(F)(F)F)cc(Cl)c1=O)Nc1cc(S(=O)(=O)N2CCOCC2)ccc1Cl,0.0845,8.02,Inactive,Inactive
6612,CCOC(=O)c1c(-c2ccc(C)o2)csc1NC(=O)CSc1nncs1,0.0845,8.02,Inactive,Inactive
6613,COc1ccc(OC)c(/C=C/c2nnc(Nc3ccc(C)cc3)s2)c1,0.0845,8.02,Inactive,Inactive
6614,Cc1nc2ccccc2n1CCC(=O)N/N=C/c1ccccc1F,0.0845,8.02,Inactive,Inactive
6615,CC(C)C[C@H](NC(=O)[C@H](CC(C)C)NC(=O)[C@H](Cc1ccc(OP(=O)(O)O)cc1)NC(=O)[C@H](CCCCN)NC(=O)[C@H](CC(C)C)NC(=O)[C@H](CCCNC(=N)N)NC(=O)[C@H](CCCCN)NC(=O)[C@H](Cc1c[nH]c2ccccc12)NC(=O)[C@H](CC(C)C)NC(=O)CN)C(N)=O,0.0845,8.02,Inactive,Inactive
6616,COc1ccc(NC(=O)c2sccc2SCC#N)cc1,0.0845,8.02,Inactive,Inactive
6617,COc1ccc(NC(=O)c2ccc3ncsc3c2)cc1,0.0845,8.02,Inactive,Inactive
6618,Cc1nc(SCC(=O)c2ccc(Cl)c(Cl)c2)n(Nc2ccccc2)c1C,0.0845,8.02,Inactive,Inactive
6619,CC(C)Cc1nnc(NC(=O)CCC(=O)N2CC(C)CC(C)C2)s1,0.0845,8.02,Inactive,Inactive
6620,Cc1nc(SCC(=O)c2ccc(Cl)c(Cl)c2)n(Nc2ccc(Cl)cc2)c1C,0.0845,8.02,Inactive,Inactive
6621,Cc1nc(N2CCN(Cc3ccccc3)CC2)c(C#N)c2c1COC(C)(C)C2,0.0845,8.02,Inactive,Active
6622,CCOC(=O)c1ccc(NC(=O)NC2CC3CCC(C2)N3Cc2nnnn2Cc2ccco2)cc1,0.0845,8.02,Inactive,Inactive
6623,COc1ccccc1NC(=S)N/N=C1\C(=O)Nc2c(I)cccc21,0.0845,8.02,Inactive,Inactive
6624,CCOC(=O)c1ccc(OS(=O)(=O)c2ccccc2)c(OC)c1,0.0845,8.02,Inactive,Inactive
6625,COc1ccc(N2CCN(C(=O)c3ccc4c(c3)CC(c3ccccc3)OC4=O)CC2)cc1,0.0845,8.02,Inactive,Inactive
6626,COc1ccc(N2CCN(C(=O)c3cc(=O)c4cc(Cl)ccc4o3)CC2)cc1,0.0845,8.02,Inactive,Inactive
6627,Cc1nc(C[P+](c2ccc(F)cc2)(c2ccc(F)cc2)c2ccc(F)cc2)c(C[P+](c2ccc(F)cc2)(c2ccc(F)cc2)c2ccc(F)cc2)c2c1OC(C)(C)OC2,0.0845,8.02,Inactive,Inactive
6628,Cc1cc(Cl)c(S(=O)(=O)N2CCCCCC2)cc1OCC(N)=O,0.0845,8.02,Inactive,Inactive
6629,COc1ccccc1Nc1nc(-c2c(C)nc3ncccn23)cs1,0.0845,8.02,Inactive,Inactive
6630,CC(=O)O[C@@H]1OC(=O)C2=CC[C@@H]3[C@](C)(CC[C@H]4[C@@]3(C)CC[C@H]3C(C)(C)CCC[C@@]34CO)[C@H]21,0.0845,8.02,Inactive,Inactive
6631,c1ccc(Nc2ccc(-n3ccnc3)nn2)cc1,0.0845,8.02,Inactive,Inactive
6632,CC(C)NC(=O)C1CC(=O)N(c2ccc(F)c(Cl)c2)C1,0.0845,8.02,Inactive,Inactive
6633,CC(=O)O[C@@H]1C[C@@H]2[C@@]3(C)CCCC(C)(C)[C@@H]3CC[C@@]2(C)[C@@H]2CC=C3C(=O)O[C@@H](O)[C@@H]3[C@@]12C,0.0845,8.02,Inactive,Inactive
6634,CC(=O)OC[C@]12CCCC(C)(C)[C@@H]1CC[C@]1(C)[C@@H]2C[C@@H](O)[C@]2(C)[C@@H]3C(=CC[C@@H]12)CO[C@H]3O,0.0845,8.02,Inactive,Inactive
6635,c1ccc(N2CCN(c3nc4ccccc4o3)CC2)nc1,0.0845,8.02,Inactive,Inactive
6636,CC(=O)OC[C@H]1O[C@@H](Sc2nc3sc4c(c3c(=S)[nH]2)CCCCC4)[C@@H](OC(C)=O)[C@@H]1OC(C)=O,0.0845,8.02,Inactive,Inactive
6637,CC(=O)OC[C@H]1O[C@@H](O[C@@H]2[C@@H](O)[C@H](C)O[C@@H](Oc3ccc(O)cc3[C@@H]3CC(=O)c4c(O)cc(O)cc4O3)[C@@H]2OC(C)=O)[C@H](OC(C)=O)[C@@H](OC(C)=O)[C@@H]1O,0.0845,8.02,Inactive,Inactive
6638,N#Cc1c(-c2ccc(Br)cc2)[nH]c(=S)n2c(=S)[nH]nc12,0.0845,8.02,Inactive,Inactive
6639,COc1ccc(NS(=O)(=O)c2cccc(NC(=O)c3ccccn3)c2)cc1,0.0845,8.02,Inactive,Inactive
6640,O=C(NCCCNCCCCCCCCCCCCNCCCNC(=O)C(=O)c1c[nH]c2cc(Br)ccc12)C(=O)c1c[nH]c2cc(Br)ccc12,0.0845,8.02,Inactive,Inactive
6641,COc1ccccc1N1CCN(C(=O)c2ccc([N+](=O)[O-])s2)CC1,0.0845,8.02,Inactive,Inactive
6642,Cc1nc2ccccc2n1CCC(=O)N/N=C/c1ccc(F)c2ccccc12,0.0845,8.02,Inactive,Inactive
6643,O=C(NCC1CCCO1)c1ccc(CS(=O)(=O)Cc2ccc(F)cc2)o1,0.0845,8.02,Inactive,Inactive
6644,C/C(=N/N=C1\NC(=O)CS1)c1ccco1,0.0845,8.02,Inactive,Inactive
6645,Cc1ccc(-[n+]2noc([O-])c2CN2CCN(C)C(c3ccccc3)C2)cc1,0.0845,8.02,Inactive,Inactive
6646,Cn1c(SCC(=O)NC2CC2)nnc1-c1cccs1,0.0845,8.02,Inactive,Inactive
6647,Cn1c(SCCN2CCCC2)nnc1C1CCCN1C(=O)NC1CCCCC1,0.0845,8.02,Inactive,Inactive
6648,Cn1c(SCCN2CCCC2)nnc1C1CCN(S(=O)(=O)c2ccc(F)cc2)CC1,0.0845,8.02,Inactive,Inactive
6649,CC(C(=O)NN=C(c1ccccc1)c1ccccc1)N1CCOCC1,0.0845,8.02,Inactive,Inactive
6650,O=[N+]([O-])c1cc(C(F)(F)F)ccc1NCCNC(=S)Nc1ccc(Cl)cc1,0.0845,8.02,Inactive,Inactive
6651,Cc1nc2cc(NCc3cn(-c4ccc(F)c(Cl)c4)nn3)ccc2c(=O)n1-c1ccccc1,0.0845,8.02,Inactive,Inactive
6652,COc1ccccc1N1CCN(S(=O)(=O)c2ccc3c(c2)NC(=O)C(C)C(=O)N3)CC1,0.0845,8.02,Inactive,Inactive
6653,CC(C)C[C@@H]1NC(=O)[C@H](CCCN)NC(=O)[C@H](C(C)C)NC(=O)[C@H](Cc2ccc(O)cc2)NC(=O)[C@H](CCC(N)=O)NC(=O)[C@H](CC(N)=O)NC(=O)[C@@H](Cc2ccccc2)NC(=O)[C@H](Cc2ccccc2)NC(=O)[C@@H]2CCCN2C(=O)[C@@H](Cc2ccccc2)NC1=O,0.0845,8.02,Inactive,Inactive
6654,O=[N+]([O-])c1ccc(-c2nnc(NC34CC5CC(CC(C5)C3)C4)s2)cc1,0.0845,8.02,Inactive,Active
6655,CCOC(=O)C1(C(C)=O)C(c2ccc(N(C)C)cc2)N1c1ccc(/N=N/c2cccc([N+](=O)[O-])c2)cc1,0.0845,8.02,Inactive,Active
6656,COc1ccc(Nc2nnc(SCC3CCCO3)s2)cc1,0.0845,8.02,Inactive,Inactive
6657,COc1ccccc1NC(=O)Cn1nc(-c2ccncc2)nc1SCC(=O)NC1CCCC1,0.0845,8.02,Inactive,Inactive
6658,O=C(Cc1cccs1)Nc1nc2c(s1)CCCC2,0.0845,8.02,Inactive,Inactive
6659,O=[N+]([O-])c1ccc(/C(Cn2nnc3ccccc32)=N\Nc2nc(-c3ccc(Cl)cc3)cs2)cc1,0.0845,8.02,Inactive,Inactive
6660,CC(C)C[C@@H]1NC(=O)[C@H](CCCN)NC(=O)[C@H](C(C)C)NC(=O)[C@H](Cc2ccc(O)cc2)NC(=O)[C@H](CCC(N)=O)NC(=O)[C@H](CC(N)=O)NC(=O)[C@@H](Cc2ccccc2)NC(=O)[C@H](Cc2c(F)c(F)c(F)c(F)c2F)NC(=O)[C@@H]2CCCN2C(=O)[C@@H](Cc2ccccc2)NC1=O,0.0845,8.02,Inactive,Inactive
6661,O=C1NC2=C(C(=O)CCC2)C(c2cc3ccccc3[nH]c2=S)N1,0.0845,8.02,Inactive,Inactive
6662,COc1ccccc1NC(=O)N1CCCN(Cc2ccccc2F)C1,0.0845,8.02,Inactive,Inactive
6663,COc1ccc(Nc2nc(-c3cccc([N+](=O)[O-])c3)nc3ccccc23)cc1,0.0845,8.02,Inactive,Inactive
6664,COc1ccc(C)cc1NC(=S)NN1CCOCC1,0.0845,8.02,Inactive,Inactive
6665,Cc1cccc(NC(=S)NC(=O)c2cnn(C)c2)c1,0.0845,8.02,Inactive,Inactive
6666,N#Cc1c(-c2ccc(F)cc2)[nH]c(=S)n2c(=S)[nH]nc12,0.0845,8.02,Inactive,Inactive
6667,Cc1ccc(Nc2nc(N)nc(CSc3nncn3C)n2)cc1,0.0845,8.02,Inactive,Inactive
6668,COc1cc(/C=N/N=c2\scc(C3=CC(=O)C=CC3=O)n2-c2ccc(Cl)cc2)ccc1O,0.0845,8.02,Inactive,Inactive
6669,COc1cc(/C=C/C(=O)c2cccc(Nc3nc4ccccc4o3)c2)cc(OC)c1OC,0.0845,8.02,Inactive,Inactive
6670,COc1cc(-c2nc3ccccc3[nH]2)c2c(c1O)CN1CCc3cc4c(cc3C1C2)OCO4,0.0845,8.02,Inactive,Inactive
6671,COc1cc(-c2nc3cc(Cl)ccc3[nH]2)c2c(c1O)CN1CCc3cc4c(cc3C1C2)OCO4,0.0845,8.02,Inactive,Inactive
6672,CCCCC/C(C)=N\N=C1/NC(=O)CS1,0.0845,8.02,Inactive,Inactive
6673,C=CCC/C(C)=N\N=C1/NC(=O)CS1,0.0845,8.02,Inactive,Inactive
6674,COc1cc(-c2[nH]c(=S)n3c(=S)[nH]nc3c2C#N)cc(OC)c1OC,0.0845,8.02,Inactive,Inactive
6675,NNC(=O)c1ccc(-n2cccc2)cc1,0.0845,8.02,Inactive,Inactive
6676,CCOc1ccc(OCc2ccc(C(=O)N3CCc4ccccc4C3)o2)cc1,0.0845,8.02,Inactive,Inactive
6677,CCCCCC/C(C)=N\N=C1/NC(=O)CS1,0.0845,8.02,Inactive,Inactive
6678,O=C(Nc1cccc(F)c1)c1ccc2ncsc2c1,0.0845,8.02,Inactive,Inactive
6679,O=C(/C=C/C=C/c1ccc2c(c1)OCO2)N1CCCCC1,0.0845,8.02,Inactive,Inactive
6680,S=C(SCc1nnc(-c2ccc(Cl)cc2)o1)N1CCCC1,0.0845,8.02,Inactive,Inactive
6681,CCN(C(=O)CSc1nnnn1-c1cc(C)ccc1OC)C1CCS(=O)(=O)C1,0.0845,8.02,Inactive,Inactive
6682,Nn1c(SCC(=O)c2ccc(Cl)cc2)nc2sc3c(c2c1=O)CCCC3,0.0845,8.02,Inactive,Inactive
6683,CCCCCCCC/C=C\CCCCCCC(=O)OCCCc1cc(OC)c2oc(-c3ccc4c(c3)OCO4)cc2c1,0.0845,8.02,Inactive,Inactive
6684,Nn1c(SCC(=O)NC2CCCc3ccccc32)nnc1C1CC1,0.0845,8.02,Inactive,Inactive
6685,CCOc1ccc2nc(NC(=O)CSc3nnc(-c4cc5ccccc5oc4=O)o3)sc2c1,0.0845,8.02,Inactive,Inactive
6686,CCOc1ccc2nc(NC(=O)CSc3nnc(-c4ccc5ncccc5c4)n3-c3cccc4ccccc34)sc2c1,0.0845,8.02,Inactive,Inactive
6687,CCOc1cccc(CN2CCCC(C(=O)Nc3cccc(-n4cccn4)c3)C2)c1,0.0845,8.02,Inactive,Inactive
6688,Cc1ccc(C)n1NC(=O)c1ccc(-n2c(C)ccc2C)cc1,0.0845,8.02,Inactive,Inactive
6689,CCOc1ccccc1N(CC(=O)Nc1ccc(OC)c(OC)c1)S(=O)(=O)c1ccccc1,0.0845,8.02,Inactive,Inactive
6690,Oc1cc(O)c2c(c1)O[C@H](c1ccc(O)c(O)c1)[C@@H](OCc1cc(F)c(F)c(F)c1)C2,0.0845,8.02,Inactive,Inactive
6691,COCCCNC(=O)C1CCC(=O)N1Cc1ccccc1Cl,0.0845,8.02,Inactive,Inactive
6692,Cc1ccc(C)c(N2CCN(C(=O)Cn3cccc3)CC2)c1,0.0845,8.02,Inactive,Inactive
6693,COc1cc(Br)c2cc3[n+](c(-c4ccccc4)c2c1OC)CCc1cc2c(cc1-3)OCO2,0.0845,8.02,Inactive,Inactive
6694,CCOc1ccc(NC(=O)c2ccc(F)c(S(=O)(=O)N3CCN(c4ccccn4)CC3)c2)cc1,0.0845,8.02,Inactive,Inactive
6695,NCC[C@@H]1NC(=O)CCNC(=O)c2cc(NC(=O)Cn3cnc4c(O)nc(N)nc43)ccc2OC[C@@H](Cc2ccc(O)cc2)NC1=O,0.0845,8.02,Inactive,Inactive
6696,COc1cc(O)c2c(c1C)C(=O)CCCCC/C(S)=N/[C@H](c1nc(NC(C)=O)no1)CSC2,0.0845,8.02,Inactive,Inactive
6697,COc1cc(O)c2c(c1Br)C(=O)OCCCCC(=S)N[C@H](c1nc(C)no1)CSC2,0.0845,8.02,Inactive,Inactive
6698,O=C(Nc1ccc(S(=O)(=O)Nc2nccs2)cc1)c1cc(-c2ccccc2)nc2ccccc12,0.0845,8.02,Inactive,Inactive
6699,C=CCc1cccc(Oc2ccc(C(=O)CC)cc2)c1OCCC[N+](C)(C)CC(=O)N1CCOCC1,0.0845,8.02,Inactive,Inactive
6700,COc1cc(O)c(C(=O)/C=C/c2ccc(OCc3cn(-c4ccc(F)cc4Cl)nn3)c(OCc3cn(-c4ccc(F)cc4Cl)nn3)c2)c(OC)c1,0.0845,8.02,Inactive,Inactive
6701,CCC(Oc1ccccc1)C(=O)Nc1ccccn1,0.0845,8.02,Inactive,Inactive
6702,C=CCSc1nnc(CS(=O)(=O)c2ccc(NC(C)=O)cc2)o1,0.0845,8.02,Inactive,Inactive
6703,Cc1ccc(S(=O)(=O)Nc2cc(C(=O)Nc3cc(C)cc(C)c3)ccc2Cl)cc1,0.0845,8.02,Inactive,Inactive
6704,C=CCOc1ccc(/C=N/NC(=O)CN(c2cc(Cl)ccc2OC)S(=O)(=O)c2ccc(C)c([N+](=O)[O-])c2)cc1,0.0845,8.02,Inactive,Inactive
6705,O=C(c1ccco1)c1cn(CC(=O)N2CCCc3ccccc32)c2ccccc12,0.0845,8.02,Inactive,Inactive
6706,Cc1c(C#N)c(NC(=O)CSc2cc(C)c3ccccc3n2)n(Cc2ccco2)c1C,0.0845,8.02,Inactive,Inactive
6707,Cc1ccc(C(C(=O)NCc2ccco2)N(CCc2ccccc2)C(=O)Cn2nnc3ccccc32)o1,0.0845,8.02,Inactive,Inactive
6708,O=C(Nc1ccc2c(c1)OCCO2)c1cc(-c2ccccc2)nc2ccccc12,0.0845,8.02,Inactive,Inactive
6709,CCOc1ccc(CNC(=O)C(=O)c2cn(CC(=O)N3CCOCC3)c3ccccc23)cc1OC,0.0845,8.02,Inactive,Inactive
6710,C=CCO/N=C(/CS(=O)(=O)c1ccc(NC(C)=O)cc1)c1nccs1,0.0845,8.02,Inactive,Inactive
6711,O=C(Nc1ccc2ccccc2c1)c1nn(C23CC4CC(CC(C4)C2)C3)cc1Br,0.0845,8.02,Inactive,Inactive
6712,Cc1cc(C(=O)COC(=O)CNC(=O)c2ccco2)c(C)n1Cc1ccco1,0.0845,8.02,Inactive,Inactive
6713,C=CCNC(=O)CSc1nc(-c2ccco2)cc(C(F)(F)F)n1,0.0845,8.02,Inactive,Inactive
6714,CCC1CCCCN1C(=O)CSc1nnc(-c2ccc3c(c2)OCCO3)o1,0.0845,8.02,Inactive,Inactive
6715,CCOc1ccc(N(CC(=O)NCC2CCCO2)S(=O)(=O)c2ccc(Cl)cc2)cc1,0.0845,8.02,Inactive,Inactive
6716,CCCC(=O)Nc1nc(-c2ccc(OCc3c(Cl)cccc3Cl)cc2)c(C(=O)OCC)s1,0.0845,8.02,Inactive,Inactive
6717,Cc1ccc(S(=O)(=O)N2CCOCC2)cc1NC(=O)Cn1cc(C(F)(F)F)cc(Cl)c1=O,0.0845,8.02,Inactive,Inactive
6718,Cc1ccc(S(=O)(=O)N2CCOCC2)cc1NC(=O)COC(=O)CNC(=O)c1ccc(Cl)cc1Cl,0.0845,8.02,Inactive,Inactive
6719,S=C1C=C(N2CCCCC2)CC(c2ccc(Cl)cc2)S1,0.0845,8.02,Inactive,Inactive
6720,CCCCCCCCCCCCn1c(-c2cc(OC)c(O)c3c2CC2c4cc5c(cc4CCN2C3)OCO5)nc2ccccc21,0.0845,8.02,Inactive,Inactive
6721,O=C(Nc1ccc(F)cc1)c1ccc2ncsc2c1,0.0845,8.02,Inactive,Inactive
6722,C=C(C)[C@H]1[C@H](OC(C)=O)C[C@H](C)[C@@]12CC=C(C)[C@@H](OC(=O)CCCCCCC/C=C\C/C=C\CCCCC)C2,0.0845,8.02,Inactive,Active
6723,O=C(Nc1nc(-c2ccccc2)cs1)c1cccc2ccccc12,0.0845,8.02,Inactive,Inactive
6724,CCCCCNC(=O)[C@@]1(C)CCC[C@]2(C)c3cc(OC(=O)CCCNCCCCCCCCCCCCNCCCNC(=O)Oc4ccc5c(c4)[C@@]4(C)CCC[C@](C)(C(=O)NCCCCC)[C@@H]4CC5)ccc3CC[C@@H]12,0.0845,8.02,Inactive,Inactive
6725,CCCCCNC(=O)[C@@]1(C)CCC[C@]2(C)c3cc(OC(=O)CCCNCCCCCCCCNCCCNC(=O)Oc4ccc5c(c4)[C@@]4(C)CCC[C@](C)(C(=O)NCCCCC)[C@@H]4CC5)ccc3CC[C@@H]12,0.0845,8.02,Inactive,Inactive
6726,CCc1cccc2c(C(=O)CSc3nnc(-c4ccncc4)n3C)c[nH]c12,0.0845,8.02,Inactive,Inactive
6727,CN1C[C@](C#N)(C(=O)c2c[nH]c3ccccc23)[C@]2(C(=O)Nc3ccccc32)C12C(=O)c1cccc3cccc2c13,0.0845,8.02,Inactive,Inactive
6728,CCCCNC(=O)CCSc1nnc(-c2cccnc2)o1,0.0845,8.02,Inactive,Inactive
6729,CCCCNC(=O)CSc1nnc(-c2cccnc2)o1,0.0845,8.02,Inactive,Inactive
6730,CN1CCN(C(=O)CSc2nnc(-c3cccnc3SCc3ccccc3)o2)CC1,0.0845,8.02,Inactive,Inactive
6731,CN1C(C(=O)NCCc2cccs2)CC2Cn3c(nc4cc(Cl)c(Cl)cc43)C21,0.0845,8.02,Inactive,Inactive
6732,Nc1cccc(-c2cn(-c3cccc(C(c4ccc(-c5ccc(Br)cc5)cc4)P(=O)(O)O)c3)nn2)c1,0.0845,8.02,Inactive,Inactive
6733,CCc1ccccc1NC(=S)N(Cc1cccnc1)Cc1ccco1,0.0845,8.02,Inactive,Inactive
6734,CN(Cc1ccccc1)S(=O)(=O)c1ccc(NC(=S)NC(=O)C2CCCCC2)cc1,0.0845,8.02,Inactive,Inactive
6735,COC(=O)c1ccccc1NC(=S)NC(=O)c1ccc2c(c1)OCO2,0.0845,8.02,Inactive,Inactive
6736,CCc1oc(=O)c(Cc2c(O)c(C(=O)[C@@H](C)CC)c3c(c2O)C2OC2C(C)(C)O3)c(O)c1C,0.0845,8.02,Inactive,Inactive
6737,CCCCc1nc(Cl)c(C2NC(=O)NC(C)=C2C(=O)OCC)n1S(=O)(=O)c1ccc(F)cc1,0.0845,8.02,Inactive,Inactive
6738,CN(C)S(=O)(=O)Oc1ccsc1C(=O)Nc1ccccc1Cl,0.0845,8.02,Inactive,Inactive
6739,CN(C)S(=O)(=O)N1CCN(CC(O)COc2ccc3cc(Br)ccc3c2)CC1,0.0845,8.02,Inactive,Inactive
6740,Cc1ccc(CNC(=O)c2cccc(S(C)(=O)=O)c2)cc1,0.0845,8.02,Inactive,Inactive
6741,CCCS(=O)(=O)N1CCN(Cc2ccc(OC)c(OCC)c2)CC1,0.0845,8.02,Inactive,Inactive
6742,C/C=C1\NC(=O)C(NC(=O)CCc2nnc(-c3ccc(OC)cc3)[nH]2)C(O)CNC(=O)C(C(O)CN)NC(=O)C(C(O)CN)NC(=O)[C@H](CCCNC(=N)N)NC(=O)[C@H](CC(C)C)NC(=O)[C@H](CCN)NC1=O,0.0845,8.02,Inactive,Inactive
6743,Cc1ccc(CSc2nnc(-c3ccccn3)n2N)cc1,0.0845,8.02,Inactive,Inactive
6744,C/C=C1\NC(=O)C(NC(=O)C[C@@H](CCCCCCCCCCC)OC(=O)CCCCCCCCC)C(O)CNC(=O)C(C(O)CN)NC(=O)C(C(O)CN)NC(=O)[C@H](CCCNC(=N)N)NC[C@H](CC(C)C)NC(=O)[C@H](CCN)NC1=O,0.0845,8.02,Inactive,Inactive
6745,C/C=C1\NC(=O)C(NC(=O)C[C@H](O)CCCCCCCCCCC)C(O)CNC(=O)C(C(O)CN)NC(=O)C(C(O)CN)NC(=O)[C@H](CCCNC(=N)N)NC[C@H](CC(C)C)NC(=O)[C@H](CCN)NC1=O,0.0845,8.02,Inactive,Inactive
6746,C/C=C1\NC(=O)C(NC(=O)c2ccc(Oc3ccc(C)cc3)cc2)C(O)CNC(=O)C(C(O)CN)NC(=O)C(C(O)CN)NC(=O)[C@H](CCCNC(=N)N)NC[C@H](CC(C)C)NC(=O)[C@H](CCN)NC1=O,0.0845,8.02,Inactive,Inactive
6747,Cc1ccc(CCC(=O)OC[C@H]2O[C@@H](Oc3c(-c4ccc(O)c(O)c4)oc4cc(O)cc(O)c4c3=O)[C@H](O)[C@@H](O)[C@H]2O)cc1,0.0845,8.02,Inactive,Inactive
6748,CCc1ccc(-c2nc3cc(NC(=O)c4cc5ccccc5o4)ccc3o2)cc1,0.0845,8.02,Inactive,Inactive
6749,CC[C@H]1OC(=O)C[C@@H](O)[C@H](C)[C@@H](OC2OC(C)C(OC(C)=O)C(=O)C2OC(C)=O)[C@@H](CC(OC)OC)C[C@@H](C)C(=O)/C=C/C(C)=C/[C@@H]1COC1OC(C)C(O)C(OC)C1OC,0.0845,8.02,Inactive,Inactive
6750,COC(=O)C1=C(C)NC(=O)NC1c1cnc(SC)n1Nc1ccccc1,0.0845,8.02,Inactive,Inactive
6751,Cc1ccc(NC(=O)c2sccc2C)cc1[N+](=O)[O-],0.0845,8.02,Inactive,Inactive
6752,Cc1ccc(NC(=O)c2cc3ccccc3o2)cc1Cl,0.0845,8.02,Inactive,Inactive
6753,Cc1cc(=O)oc2cc(OCC(O)Cn3nnnc3C)ccc12,0.0845,8.02,Inactive,Active
6754,COC(=O)c1ccc(CN2C(=O)S/C(=C\c3ccc(/C=C/C(=O)c4ccc5ccccc5c4)cc3)C2=O)cc1,0.0845,8.02,Inactive,Inactive
6755,C/C=C1\NC(=O)C(NC(=O)CC(O)CCCCCCCCCCC)C(O)CNC(=O)C(C(O)CN)NC(=O)C(C(O)CN)NC(=O)[C@H](CCCNC(=N)N)NC[C@H](CC(C)C)NC(=O)[C@H](CCN)NC1=O,0.0845,8.02,Inactive,Inactive
6756,Cc1ccc(C2Sc3ccccc3N=C3c4ccccc4CC32)cc1,0.0845,8.02,Inactive,Inactive
6757,Nc1nc2ccc(OCc3ccccc3)cc2s1,0.0845,8.02,Inactive,Inactive
6758,COC(=O)c1cc(C(=O)OC)cc(-n2c(C)cc(C=O)c2C)c1,0.0845,8.02,Inactive,Active
6759,CCCCCCCCO/N=C(/CS(=O)(=O)c1ccc(NC(C)=O)cc1)c1nccs1,0.0845,8.02,Inactive,Inactive
6760,CCCCCCCCn1c(-c2cc(OC)c(O)c3c2CC2c4cc5c(cc4CCN2C3)OCO5)nc2ccccc21,0.0845,8.02,Inactive,Inactive
6761,Nc1nc2ccc(OCc3ccc(Cl)cc3)cc2s1,0.0845,8.02,Inactive,Inactive
6762,Cc1ccc(NC(=O)N2CCCN(Cc3ccccc3F)C2)cc1,0.0845,8.02,Inactive,Inactive
6763,COC(=O)[C@@]1(C)CCC[C@]2(C)c3cc(OC(=O)CCCNCCCCCCCCCCCCNCCCNC(=O)Oc4ccc5c(c4)[C@@]4(C)CCC[C@](C)(C(=O)OC)[C@@H]4CC5)ccc3CC[C@@H]12,0.0845,8.02,Inactive,Inactive
6764,Cc1cc(-n2cc(CNc3ccc4c(=O)n(-c5ccccc5)c(C)nc4c3)nn2)cc(C)c1C,0.0845,8.02,Inactive,Inactive
6765,O=C(Nc1ccccc1[N+](=O)[O-])c1cc2ccccc2nc1Cl,0.0845,8.02,Inactive,Inactive
6766,Cc1ccc(N2CCN(C(=O)c3cccs3)CC2)cc1C,0.0845,8.02,Inactive,Inactive
6767,C/C=C1\NC(=O)C(NC(=O)CC23CC4CC(CC(C4)C2)C3)C(O)CNC(=O)C(C(O)CN)NC(=O)C(C(O)CN)NC(=O)[C@H](CCCNC(=N)N)NC[C@H](CC(C)C)NC(=O)[C@H](CCN)NC1=O,0.0845,8.02,Inactive,Inactive
6768,CCCCCCO/N=C(/CS(=O)(=O)c1ccc(NC(C)=O)cc1)c1nccs1,0.0845,8.02,Inactive,Inactive
6769,COC(=O)CSc1nnc(CNc2ccc(Cl)cc2)n1-c1ccccc1,0.0845,8.02,Inactive,Inactive
6770,O=C(Nc1ccnn1C1CCN(CC2CC=CCC2)CC1)c1ccccc1,0.0845,8.02,Inactive,Active
6771,COC(=O)CSc1nc(SCc2ccccc2Cl)nc2c1CCCC2,0.0845,8.02,Inactive,Inactive
6772,CC[C@H]1OC(=O)C[C@@H](O)[C@H](C)[C@@H](OC2OC(C)C(O)C(=O)C2O)[C@@H](CC(OC)OC)C[C@@H](C)C(=O)/C=C/C(C)=C/[C@@H]1COC1OC(C)C(O)C(OC)C1OC,0.0845,8.02,Inactive,Inactive
6773,CC[C@H]1OC(=O)C[C@@H](O)[C@H](C)[C@@H](OC2OC(C)C(O)C(=O)C2O)[C@@H](CC=O)C[C@@H](C)C(=O)/C=C/C(C)=C/[C@@H]1COC1OC(C)C(O)C(OC)C1OC,0.0845,8.02,Inactive,Inactive
6774,CCOc1ccc(C2Nc3ccccc3C(CC)(CC)O2)cc1,0.0845,8.02,Inactive,Inactive
6775,Cc1ccc(C(=O)Nc2ccc3c(c2)ncn3C)cc1,0.0845,8.02,Inactive,Inactive
6776,COc1cc2c(cc1NC(=O)C(C)N1CCN(S(=O)(=O)c3ccc(C)c(C)c3)CC1)oc1ccccc12,0.0845,8.02,Inactive,Inactive
6777,COc1ccc(/C=N/N=c2\scc(C3=CC(=O)C=CC3=O)n2-c2ccc(Cl)cc2)cc1,0.0845,8.02,Inactive,Inactive
6778,N#Cc1ccc2nc(NC(=O)CSc3nnc(-c4cc5ccccc5oc4=O)o3)sc2c1,0.0845,8.02,Inactive,Inactive
6779,COc1ccc(C(=O)C2CCCN(Cc3cccn3-c3nccs3)C2)cc1OC,0.0845,8.02,Inactive,Inactive
6780,O=C(CN1CCN(Cc2cccc(C(F)(F)F)c2)CC1)NCC(=O)Nc1ccc(F)c(F)c1F,0.0845,8.02,Inactive,Inactive
6781,O=c1oc2ccccc2cc1-c1nnc(Sc2nc(Oc3cccc4cccnc34)nc(N3CCC(Cc4ccccc4)CC3)n2)o1,0.0845,8.02,Inactive,Inactive
6782,COc1ccc(Br)c(C(=O)NNc2nc(-c3ccnc(Cl)c3)cs2)c1,0.0845,8.02,Inactive,Inactive
6783,O=C(OCc1cc(=O)n2c(n1)sc1ccccc12)c1ccc2c(=O)n3c(nc2c1)CCC3,0.0845,8.02,Inactive,Inactive
6784,CC(=O)NC[C@H]1CN(c2ccc(N3CCN(C(=O)CO)CC3)c(F)c2)C(=O)O1,0.0845,8.02,Inactive,Inactive
6785,COc1ccc(/C=N/n2c(Cc3ccccc3Nc3c(Cl)cccc3Cl)nn(CN3CCCCC3)c2=S)cc1OC,0.0845,8.02,Inactive,Inactive
6786,COc1ccc(/C=N/n2c(Cc3ccccc3Nc3c(Cl)cccc3Cl)nn(CN3CCCCC3)c2=S)cc1,0.0845,8.02,Inactive,Inactive
6787,Cc1cccc(N/C(=N\S(=O)(=O)c2ccccc2)C(F)(F)F)c1,0.0845,8.02,Inactive,Inactive
6788,Cc1cccc(N(Cc2ccccc2)C(=O)COc2ccc(-c3nnco3)cc2)c1,0.0845,8.02,Inactive,Inactive
6789,O=C(OC1CCCc2nc(Nc3ccc(Cl)cc3)sc21)n1ccnc1,0.0845,8.02,Inactive,Inactive
6790,O=C(Nc1cc(F)ccc1F)c1cccc(-n2cnnn2)c1,0.0845,8.02,Inactive,Inactive
6791,N=C(N)NCCC[C@@H]1NC(=O)[C@H](CCCNC(=N)N)NC(=O)[C@H](Cc2c[nH]c3ccccc23)NC(=O)[C@H](Cc2c[nH]c3ccccc23)NC(=O)[C@H](Cc2c[nH]c3ccccc23)NC(=O)[C@H](CCCNC(=N)N)NC1=O,0.0845,8.02,Inactive,Inactive
6792,CC12C[C@@]34C=CC(=O)[C@@](C)(CCC(=O)Nc5c(O)ccc(C(=O)O)c5O)C3[C@H](CC1C4)O2,0.0845,8.02,Inactive,Inactive
6793,Cc1cccc(N(C(=O)c2ccc[nH]2)C(C(=O)NC2CCCCC2)c2ccncc2)c1C,0.0845,8.02,Inactive,Inactive
6794,Cc1cccc(N(C(=O)c2c(C)noc2C)C(C(=O)NC2CCCCC2)c2ccncc2)c1C,0.0845,8.02,Inactive,Inactive
6795,Cc1ccc(C(=O)CSC2=C(C#N)C(c3ccco3)CC(=O)N2)c(C)c1,0.0845,8.02,Inactive,Inactive
6796,N=C(N)NCCC[C@H](NC(=O)[C@@H](N)CCCNC(=N)N)C(=O)NCCCC[C@H](NC(=O)[C@H](CCCNC(=N)N)NC(=O)[C@@H](N)CCCNC(=N)N)C(=O)N[C@@H](Cc1c[nH]c2ccccc12)C(=O)N[C@@H](Cc1c[nH]c2ccccc12)C(=O)N[C@@H](Cc1c[nH]c2ccccc12)C(N)=O,0.0845,8.02,Inactive,Inactive
6797,CC1=C(C(=O)Nc2ccccn2)C(c2cccs2)NC(=O)N1,0.0845,8.02,Inactive,Inactive
6798,CC(=O)N1CCN(c2nccc(-n3cncn3)n2)CC1,0.0845,8.02,Inactive,Inactive
6799,Cc1cccc(C)c1NC(=O)CSc1nnc(NC(=O)CN2CCOCC2)s1,0.0845,8.02,Inactive,Inactive
6800,CCN(CC)S(=O)(=O)c1cc(NC(=O)C2=COCCO2)ccc1Cl,0.0845,8.02,Inactive,Inactive
6801,Cc1cccc(NC(=O)/C(C#N)=C/c2ccc(Sc3ccccc3)o2)c1C,0.0845,8.02,Inactive,Inactive
6802,CC1(C)OC2CC3C4CC(F)C5=CC(=O)C=CC5(C)C4(F)C(O)CC3(C)C2(C(=O)CO)O1,0.0845,8.02,Inactive,Inactive
6803,N#Cc1ccc(Nc2nc(Oc3ccnc4ccccc34)nc(N3CCN(c4ncccn4)CC3)n2)cc1C(F)(F)F,0.0845,8.02,Inactive,Inactive
6804,COc1ccc(C(=O)NC2(C(F)(F)F)C(=O)N(Cc3ccco3)C3=C2C(=O)CC(C)(C)C3)cc1OC,0.0845,8.02,Inactive,Inactive
6805,O=C(c1ccco1)N1CCc2ccccc21,0.0845,8.02,Inactive,Inactive
6806,O=c1c2ccccc2nc(-c2ccccc2)n1Cc1cn(CCC(F)(F)C(F)(F)C(F)(F)C(F)(F)C(F)(F)C(F)(F)F)nn1,0.0845,8.02,Inactive,Inactive
6807,CC/C(C)=N\N=C1/NC(=O)CS1,0.0845,8.02,Inactive,Inactive
6808,COc1ccc(C(CNC(=O)c2cc(S(=O)(=O)Nc3cccc(C)c3)ccc2C)N2CCCC2)cc1,0.0845,8.02,Inactive,Inactive
6809,O=C(COc1ccc(S(=O)(=O)NCc2ccccc2)cc1)NCC1CCCO1,0.0845,8.02,Inactive,Inactive
6810,O=C(NNc1ccccc1)c1ccoc1,0.0845,8.02,Inactive,Inactive
6811,N#Cc1c(N2CCN(C(=O)c3ccccc3)CC2)nc(-c2ccccc2)c2c1CCCC2,0.0845,8.02,Inactive,Inactive
6812,Cc1ccccc1C(=O)N1CCN=C1SCc1ccc([N+](=O)[O-])cc1,0.0845,8.02,Inactive,Inactive
6813,C/C(=N\N=C1/SCC(=O)N1Cc1cccc(Cl)c1)c1ccccn1,0.0845,8.02,Inactive,Inactive
6814,CCN1CCN(C(=O)c2ccc(Cl)c(S(=O)(=O)N3CCOCC3)c2)CC1,0.0845,8.02,Inactive,Inactive
6815,Cc1ccccc1C(=O)N(C)Cc1ccccc1,0.0845,8.02,Inactive,Inactive
6816,N#Cc1ccc(Nc2nc(Oc3ccnc4ccccc34)nc(N3CCN(c4ccccc4)CC3)n2)cc1C(F)(F)F,0.0845,8.02,Inactive,Inactive
6817,O=C(COc1ccc(Br)cc1)N(Cc1ccco1)C1CCS(=O)(=O)C1,0.0845,8.02,Inactive,Inactive
6818,CC(=O)Nc1ccc(S(=O)(=O)Cc2nnc(SCC#N)o2)cc1,0.0845,8.02,Inactive,Inactive
6819,Cc1ccc(-n2c(C)cc(/C=N/NC(N)=S)c2C)cc1,0.0845,8.02,Inactive,Inactive
6820,O=C(c1ccc(CN2CCOCC2)cc1)N1CCCCC1,0.0845,8.02,Inactive,Inactive
6821,Cc1cccc(OCCSc2nnc(-c3ccoc3C)n2C)c1,0.0845,8.02,Inactive,Inactive
6822,Cc1cccc(OCC(=O)NC2CCCC2)c1,0.0845,8.02,Inactive,Active
6823,Cc1cc(C)n(C(=O)COC(Cn2nnnc2Cc2ccccc2)c2ccc(Cl)cc2)n1,0.0845,8.02,Inactive,Inactive
6824,CC1(C)CC(=O)C2=C(C1)OC(/N=C/N1CCCC1)=C(C#N)C2c1ccccc1,0.0845,8.02,Inactive,Inactive
6825,Cc1cc(C)cc(CC(Cc2nc3ccccc3[nH]2)c2nc3ccccc3[nH]2)c1,0.0845,8.02,Inactive,Inactive
6826,Cc1cccc(NC(=O)CSc2nc3c([nH]c4ccccc43)c(=O)n2C)c1,0.0845,8.02,Inactive,Inactive
6827,O=C(Nc1ccc(Br)cc1)c1ccc2ncsc2c1,0.0845,8.02,Inactive,Inactive
6828,O=S(=O)(Cc1ccccc1)Cc1nnc(-c2ccccc2Cl)s1,0.0845,8.02,Inactive,Inactive
6829,COc1ccc(-c2csc(=Nc3ccccc3)n2N2CCOCC2)cc1,0.0845,8.02,Inactive,Inactive
6830,COc1ccc(-c2cc(C#N)nc(N3CCN(c4ccccc4)CC3)n2)cc1,0.0845,8.02,Inactive,Inactive
6831,O=C(Nc1ccc(Cl)cc1)c1ccc2ncsc2c1,0.0845,8.02,Inactive,Inactive
6832,O=C(CN(C(=O)CCC(=O)Nc1nccs1)c1ccccc1F)NCc1ccccc1,0.0845,8.02,Inactive,Inactive
6833,COc1ccc(-c2csc(N/N=C3/C=CC(C)(C)CC3)n2)cc1,0.0845,8.02,Inactive,Inactive
6834,COc1ccc(-c2csc(N/N=C(\C)C3CCCCC3)n2)cc1,0.0845,8.02,Inactive,Inactive
6835,O=C(CCl)N1CCN(c2nccc(-n3cncn3)n2)CC1,0.0845,8.02,Inactive,Inactive
6836,COc1ccc(-c2cc(=O)n(-c3cccc(Cl)c3)c(N3CCCC3)c2/N=N/c2ccccc2Cl)cc1,0.0845,8.02,Inactive,Inactive
6837,CCOc1ccc(-n2c(S)nnc2CSc2nnc(-c3ccccc3)n2-c2ccccc2)cc1,0.0845,8.02,Inactive,Inactive
6838,CC1CCCN(S(=O)(=O)Cc2ccc(Cl)cc2)C1,0.0845,8.02,Inactive,Inactive
6839,Cc1ccc(C(=O)Cn2nnc(-c3ccccc3-n3cnnn3)n2)cc1,0.0845,8.02,Inactive,Inactive
6840,O=C(CN1C(=O)COc2ccccc21)Nc1ccc(F)cc1,0.0845,8.02,Inactive,Inactive
6841,COc1ccc(-c2csc(/C(C#N)=C(\O)CSc3nccn3C)n2)cc1OC,0.0845,8.02,Inactive,Active
6842,Cc1ccc2cccc(Oc3ncnc4scc(-c5ccccc5)c34)c2n1,0.0845,8.02,Inactive,Inactive
6843,CCOc1ccc(-c2nnc(SCc3nnc(-c4ccccc4)o3)n2-c2ccccc2F)cc1,0.0845,8.02,Inactive,Inactive
6844,COc1ccc(-c2cc(N3CCCC3)n(-c3cccc(Cl)c3)c(=O)c2Cn2cncn2)cc1,0.0845,8.02,Inactive,Inactive
6845,CC1CCc2sc(C(=O)Nc3nnc(SCc4ccc(F)cc4)s3)cc2C1,0.0845,8.02,Inactive,Inactive
6846,CC1COc2c(N3CCN(C)CC3)c(F)cc3c2N1CC(C(=O)NCCC(=O)Nc1ccc2c(c1)C(=O)NCCC(=O)N[C@@H](CCN)C(=O)N[C@H](Cc1ccc(O)cc1)CO2)C3=O,0.0845,8.02,Inactive,Inactive
6847,CC1C(c2ccccc2)OC(c2ccccc2)CC12NNC(=S)N2,0.0845,8.02,Inactive,Inactive
6848,Cc1cc(C)c2nc(SCC(=O)NCCN3C(=O)CSC3=O)cc(C)c2c1,0.0845,8.02,Inactive,Inactive
6849,CC1Cc2ccccc2N1C(=O)c1ccc(N2CCCCC2)c([N+](=O)[O-])c1,0.0845,8.02,Inactive,Inactive
6850,Cc1ccc(C(=O)Cn2cncn2)cc1,0.0845,8.02,Inactive,Inactive
6851,CC(=O)CC1(O)C(=O)N(CCn2cncn2)c2ccccc21,0.0845,8.02,Inactive,Inactive
6852,CCN(CC)CCn1c(NCc2ccc(C)o2)nc2ccccc21,0.0845,8.02,Inactive,Inactive
6853,Cc1cccc(C)c1NC(=O)CCCSc1nnc(-c2ccc(Cl)cc2)n1-c1ccccc1,0.0845,8.02,Inactive,Inactive
6854,C[N+](C)(CCCCCCCOc1c(Br)cc(Br)cc1Br)Cc1ccc([N+](=O)[O-])o1,0.0845,8.02,Inactive,Inactive
6855,O=C(CN1C(=O)COc2ccccc21)NCCN1CCN(Cc2ccccc2)CC1,0.0845,8.02,Inactive,Inactive
6856,CC(=O)COC(=O)C1CC(=O)N(c2ccc(C)c(C)c2)C1,0.0845,8.02,Inactive,Inactive
6857,CCN(CC)C(=O)c1cccc(NC(=O)c2ccc3c(=O)n4c(nc3c2)CCC4)c1,0.0845,8.02,Inactive,Inactive
6858,CCOc1ccc(C(=O)NCc2cccs2)cc1,0.0845,8.02,Inactive,Inactive
6859,CC(=O)N(C1=NN(C(C)=O)C2(S1)C1CCCC2C(c2ccccc2Cl)NC1c1ccccc1Cl)c1ccccc1,0.0845,8.02,Inactive,Inactive
6860,CC1C(=O)CC(c2ccccc2)N(C(=O)CN2CCOCC2)C1c1ccccc1,0.0845,8.02,Inactive,Inactive
6861,COc1cc2oc(=O)cc(CN3CCN(C(C)=O)CC3)c2cc1Cl,0.0845,8.02,Inactive,Active
6862,[C-]#[N+]c1ccc(C(=O)NCc2ccccc2)cc1,0.0845,8.02,Inactive,Inactive
6863,C=CCn1c(NS(=O)(=O)c2ccccc2)c(S(=O)(=O)c2ccc(C)cc2)c2nc3ccccc3nc21,0.0845,8.02,Inactive,Active
6864,C/C(=N\N=C1/SCC(=O)N1Cc1cccc(F)c1)c1ccccn1,0.0768,7.32,Inactive,Inactive
6865,O=S(=O)(Cc1ccccc1Cl)N1CCN(Cc2ccc3c(c2)OCO3)CC1,0.0768,7.32,Inactive,Inactive
6866,Cc1ccc(C(=O)NC(C)CCc2ccccc2)cc1S(=O)(=O)N1CCOCC1,0.0768,7.32,Inactive,Inactive
6867,C/C=C1\NC(=O)C(NC(=O)c2ccc(Oc3cccc(C)c3)cc2)C(O)CNC(=O)C(C(O)CN)NC(=O)C(C(O)CN)NC(=O)[C@H](CCCNC(=N)N)NC[C@H](CC(C)C)NC(=O)[C@H](CCN)NC1=O,0.0768,7.32,Inactive,Inactive
6868,C[C@@]1(CCC(=O)Nc2c(O)ccc(C(=O)O)c2O)[C@H](O)CC[C@]23C[C@H]4C[C@H](O[C@@]4(C)C2)[C@H]31,0.0768,7.32,Inactive,Inactive
6869,O=c1c2ccccc2nc2n(/N=C/c3ccccc3)c(Cc3ccccc3Nc3c(Cl)cccc3Cl)nn12,0.0768,7.32,Inactive,Inactive
6870,Cc1ccccc1-n1c(SCc2c(C)noc2C)nnc1-c1cccnc1,0.0768,7.32,Inactive,Active
6871,C/C=C1\NC(=O)C(NC(=O)CCCCc2ccc(F)cc2)C(O)CNC(=O)C(C(O)CN)NC(=O)C(C(O)CN)NC(=O)[C@H](CCCNC(=N)N)NC[C@H](CC(C)C)NC(=O)[C@H](CCN)NC1=O,0.0768,7.32,Inactive,Inactive
6872,Cc1ccc(CNC(=O)c2cc(=O)c3cc(C)ccc3o2)cc1,0.0768,7.32,Inactive,Inactive
6873,Cc1cc(=O)oc2c3c(ccc12)OC[C@H]1[C@@H]3c2c(-c3ccccc3)nn(-c3ccccc3)c2OC1(C)C,0.0768,7.32,Inactive,Inactive
6874,Cc1ccc(Sc2ccc(C(=O)c3ccccc3C(=O)O)cc2[N+](=O)[O-])c(C)c1,0.0768,7.32,Inactive,Inactive
6875,Cc1nc(C[P+](c2ccccc2)(c2ccccc2)c2ccccc2)c(C[P+](c2ccccc2)(c2ccccc2)c2ccccc2)c2c1OC(C)OC2,0.0768,7.32,Inactive,Inactive
6876,O=S(=O)(NCCCCCn1c(C2CCNCC2)nc2cc(Cl)c(Cl)cc21)c1ccccc1,0.0768,7.32,Inactive,Inactive
6877,Cc1ccc2c(c1)nnn2C1CCN(C(=O)c2ccccc2F)CC1,0.0768,7.32,Inactive,Inactive
6878,C/C(=N/N=C1\SCC(=O)N1Cc1ccc(Cl)cc1)c1ccccn1,0.0768,7.32,Inactive,Inactive
6879,CC(C)(C)OC(=O)c1ccc(NC2CCN(S(=O)(=O)c3cccc4ccccc34)CC2)cc1,0.0768,7.32,Inactive,Inactive
6880,Cc1ccc(-c2cc3nc(-c4ccc(Br)cc4)cc(N)n3n2)cc1,0.0768,7.32,Inactive,Inactive
6881,Cc1ccc(CNC(=O)CCS(=O)(=O)c2ccc3c(c2)CC(C)N3C(=O)C2CC2)cc1,0.0768,7.32,Inactive,Inactive
6882,C/C(=N/N=C1\NC(=O)CS1)c1ccc2c(c1)OCCO2,0.0768,7.32,Inactive,Inactive
6883,O=S(=O)(Nc1ccc(-c2nc3ccccc3o2)cc1)c1ccc(Cl)cc1,0.0768,7.32,Inactive,Inactive
6884,Cc1ccc(CN2C(=O)CCC2C(=O)NC(C)C)cc1,0.0768,7.32,Inactive,Inactive
6885,C/C(=N/N=C1\NC(=O)CS1)C1CCCCC1,0.0768,7.32,Inactive,Inactive
6886,COc1ccccc1C(=O)N1CCCN(C(=O)c2ccccc2OC)CC1,0.0768,7.32,Inactive,Inactive
6887,C[C@]1(CCC(=O)Nc2c(O)ccc(C(=O)O)c2O)[C@@H]2[C@@H]3C[C@@H]4C[C@@]2(CC[C@@H]1O)C[C@]4(C)O3,0.0768,7.32,Inactive,Inactive
6888,COc1ccccc1C(=O)NCC(=O)NCCSc1ccc(Br)cc1,0.0768,7.32,Inactive,Inactive
6889,COc1cccc(CNC(=O)c2ccc(CS(=O)Cc3ccc(C)cc3)o2)c1,0.0768,7.32,Inactive,Inactive
6890,Cc1nc(SCC(=O)c2ccccc2)n(Nc2ccccc2)c1C,0.0768,7.32,Inactive,Inactive
6891,c1ccc(-c2nnc(SCCC3OCCCO3)o2)cc1,0.0768,7.32,Inactive,Inactive
6892,C/C(=N/N=C1\SCC(=O)N1Cc1ccccc1[N+](=O)[O-])c1ccccn1,0.0768,7.32,Inactive,Inactive
6893,Cc1cc(-c2csc(NC(=O)c3ccccc3C(F)(F)F)n2)c(C)n1Cc1ccccc1,0.0768,7.32,Inactive,Inactive
6894,Cc1cccc(N2C(=O)CSC2c2cc3ccccc3nc2S)c1,0.0768,7.32,Inactive,Inactive
6895,Cc1ccc(/S(C)=N/S(=O)(=O)c2ccc(C)cc2)cc1,0.0768,7.32,Inactive,Inactive
6896,C/C(=N/N=C1\SCC(=O)N1Cc1ccc(N)cc1)c1ccccn1,0.0768,7.32,Inactive,Inactive
6897,COc1cccc(C(=O)NC(=S)N2CCN(c3ccc(C(F)(F)F)cc3[N+](=O)[O-])CC2)c1,0.0768,7.32,Inactive,Inactive
6898,O=S(=O)(Nc1ccc(-c2nc3ccccc3o2)cc1)c1ccccc1C(F)(F)F,0.0768,7.32,Inactive,Inactive
6899,CSc1nnc(NC(=O)CCc2ccccc2)s1,0.0768,7.32,Inactive,Inactive
6900,Cc1ccc(S(=O)(=O)N2CCC(=O)N(C(CO)C(C)C)CC2)cc1,0.0768,7.32,Inactive,Inactive
6901,Cc1ccc(S(=O)(=O)N2CCN(c3ncnc4sccc34)CC2)cc1C,0.0768,7.32,Inactive,Inactive
6902,O=S(=O)(Nc1ccc(-c2nc3ccccc3o2)cc1)c1cccc(F)c1,0.0768,7.32,Inactive,Inactive
6903,Cc1ccc(N2C(=O)CSC2c2cc3ccccc3nc2S)cc1,0.0768,7.32,Inactive,Inactive
6904,CC(=O)c1ccc(N2CCN(C(=O)C3CCN(S(=O)(=O)c4ccc5c(c4)CC(C)N5C(=O)C4CC4)CC3)CC2)cc1,0.0768,7.32,Inactive,Inactive
6905,Cc1ccc2nc(NC(=O)CSc3nnc(-c4ccc5ncccc5c4)n3-c3cccc4ccccc34)sc2c1,0.0768,7.32,Inactive,Inactive
6906,Cc1ccc(N(C(=O)c2sc(C)nc2C)C(C(=O)NC2CCCCC2)c2cccnc2)cc1,0.0768,7.32,Inactive,Inactive
6907,Cc1ccc(/C=C/C(=O)N2CCCN(C(=O)/C=C/c3ccc(C)cc3)CC2)cc1,0.0768,7.32,Inactive,Inactive
6908,C[C@@H]1C(=O)CC[C@H]2[C@@]1(C)CC[C@H]1C(=O)O[C@H](c3ccoc3)C[C@]21C,0.0768,7.32,Inactive,Inactive
6909,CC(=O)N[C@@H](CCCNC(=N)N)C(=O)N[C@@H](Cc1ccccc1)C(=O)N[C@@H](Cc1c[nH]c2ccccc12)C(=O)N[C@@H](Cc1c[nH]c2ccccc12)C(=O)N[C@@H](Cc1ccccc1)C(=O)N[C@@H](CCCNC(=N)N)C(=O)N[C@@H](CCCNC(=N)N)C(=O)N[C@@H](CCCNC(=N)N)C(N)=O,0.0768,7.32,Inactive,Inactive
6910,Oc1cc(O)c2c(c1)O[C@H](c1ccc(O)c(O)c1)[C@@H](OCc1ccccc1)C2,0.0768,7.32,Inactive,Inactive
6911,COc1ccc(CNC(=O)c2ccc(N(C)S(C)(=O)=O)cc2)cc1,0.0768,7.32,Inactive,Inactive
6912,COc1ccc(C(=O)CSc2nc(C)c(C)n2Nc2ccc(OO)cc2)cc1,0.0768,7.32,Inactive,Inactive
6913,CCOC(=O)C1=C(C)NC(=O)NC1c1cnc(SC)n1Nc1ccccc1,0.0768,7.32,Inactive,Inactive
6914,N#Cc1ccc(Nc2nc(Oc3ncnc4ccccc34)nc(N3CCN(c4ccccn4)CC3)n2)cc1C(F)(F)F,0.0768,7.32,Inactive,Inactive
6915,COc1ccc(C(=O)C2CCN(C(=O)c3ccc(F)cc3)CC2)cc1,0.0768,7.32,Inactive,Inactive
6916,COc1ccc(/C=N/n2c(Cc3ccccc3Nc3c(Cl)cccc3Cl)nn3c(=O)c4ccccc4nc23)cc1OC,0.0768,7.32,Inactive,Inactive
6917,COc1ccc(/C=N/n2c(Cc3ccccc3Nc3c(Cl)cccc3Cl)nn3c(=O)c4ccccc4nc23)cc1,0.0768,7.32,Inactive,Inactive
6918,CC1/C(=N\OCc2ccccc2)CC(c2ccccc2)OC1c1ccccc1,0.0768,7.32,Inactive,Inactive
6919,O=C(OC1CCCc2nc(Nc3ccc(F)cc3)sc21)n1ccnc1,0.0768,7.32,Inactive,Inactive
6920,N=C(N)NCCC[C@H](NC(=O)CCCC(=O)Nc1cccc(CN(Cc2ccccc2)Cc2ccccc2)c1)C(=O)N[C@@H](Cc1c[nH]c2ccccc12)C(=O)N[C@@H](CCCNC(=N)N)C(=O)N[C@@H](Cc1c[nH]c2ccccc12)C(=O)OCc1ccccc1,0.0768,7.32,Inactive,Inactive
6921,O=C(CSc1nnc(-c2ccc3ncccc3c2)n1-c1cccc2ccccc12)Nc1nc2ccccc2s1,0.0768,7.32,Inactive,Inactive
6922,N=C(N)NCCC[C@H](NC(=O)[C@H](CCCNC(=N)N)NC(=O)[C@H](CCCNC(=N)N)NC(=O)[C@@H](N)CCCNC(=N)N)C(=O)N[C@@H](CCCCN)C(=O)N[C@@H](Cc1c[nH]c2ccccc12)C(=O)N[C@@H](Cc1c[nH]c2ccccc12)C(=O)N[C@@H](Cc1c[nH]c2ccccc12)C(N)=O,0.0768,7.32,Inactive,Inactive
6923,COc1ccc(-c2noc(CN(C)C(=O)c3ccc4c(c3)OCO4)n2)cc1OC,0.0768,7.32,Inactive,Inactive
6924,O=C(CSC1=NCCS1)Nc1nc2c(s1)CCCC2,0.0768,7.32,Inactive,Inactive
6925,COc1ccc(-c2nn(-c3ccccc3)cc2/C=C/c2oc3c4c(ccc3c2C(=O)c2ccc(Br)cc2)OCC=C4)cc1,0.0768,7.32,Inactive,Active
6926,CC1CCCC(C)N1C(=O)Cn1c(SCC(=O)Nc2ccc3c(c2)OCO3)nc2ccccc21,0.0768,7.32,Inactive,Inactive
6927,CC1CCN(S(=O)(=O)c2cc(C(=O)N3CCN(c4ncccn4)CC3)ccc2Br)CC1,0.0768,7.32,Inactive,Inactive
6928,CCC(=O)N1CCc2cc(Br)cc(S(=O)(=O)CC(=O)OC)c21,0.0768,7.32,Inactive,Inactive
6929,CCC(=O)Nc1ccc(N2CCOCC2)c(S(=O)(=O)Nc2ccc(OC)cc2)c1,0.0768,7.32,Inactive,Inactive
6930,NC(N)=NCCC[C@H]1COc2ccc(NC(=O)CCCNC(=O)c3ccc4nc(O)c(O)nc4c3)cc2C(=O)NC[C@@H](N)C(=O)N[C@@H](Cc2ccc(N)cc2)C(=O)N1,0.0768,7.32,Inactive,Inactive
6931,O=C(CSc1nnc(Cn2nnc3ccccc32)o1)Nc1ccc(Br)cc1,0.0768,7.32,Inactive,Inactive
6932,O=C(CSc1nnc(Cn2nnc3ccccc32)o1)Nc1ccc(Cl)c(Cl)c1,0.0768,7.32,Inactive,Inactive
6933,O=C(c1ccc(F)cc1)N1CCC(C(=O)N2CCN(S(=O)(=O)c3cccc([N+](=O)[O-])c3)CC2)CC1,0.0768,7.32,Inactive,Inactive
6934,FC(F)(F)c1cc(/C(Cn2nnc3ccccc32)=N\Nc2nc(-c3ccc(Cl)cc3)cs2)cc(C(F)(F)F)c1,0.0768,7.32,Inactive,Inactive
6935,COc1ccc(NC(=O)CSc2nnc(Cn3nnc4ccccc43)o2)cc1,0.0768,7.32,Inactive,Inactive
6936,COc1ccc(NC(=O)CN2CCN(S(=O)(=O)c3cccs3)CC2)cc1Cl,0.0768,7.32,Inactive,Inactive
6937,COc1ccc(N2CCN(C(c3cccs3)C(C)NC(=O)C(=O)N3CCCC3)CC2)cc1,0.0768,7.32,Inactive,Inactive
6938,COc1ccc(N2CCN(C(=O)c3cc(=O)c4cc(C)cc(C)c4o3)CC2)cc1,0.0768,7.32,Inactive,Inactive
6939,Cn1nnnc1SCC(=O)N1c2ccccc2Sc2ccccc21,0.0768,7.32,Inactive,Inactive
6940,COc1ccc(N2CCN(C(=O)c3cc(=O)c4cc(C)c(C)cc4o3)CC2)cc1,0.0768,7.32,Inactive,Inactive
6941,O=C1CSC(=S)N1Cc1nnc(-c2ccccc2)o1,0.0768,7.32,Inactive,Inactive
6942,O=C1CS/C(=N\N=C\c2cccnc2)N1Cc1cccc2ccccc12,0.0768,7.32,Inactive,Inactive
6943,COc1ccc(C(=O)CSc2nnc(-c3cnccn3)n2Cc2ccco2)cc1,0.0768,7.32,Inactive,Inactive
6944,O=C(Cn1c(C2CCNCC2)nc2cc(Cl)c(Cl)cc21)N/N=C/c1ccc[nH]1,0.0768,7.32,Inactive,Inactive
6945,Fc1ccc(-c2csc(N/N=C(/Cn3nnc4ccccc43)c3ccc(Br)cc3)n2)cc1,0.0768,7.32,Inactive,Inactive
6946,COc1ccc(C2c3ccc4ccccc4c3OC3NC(=S)N=C(N)C32)cc1,0.0768,7.32,Inactive,Inactive
6947,O=C1CC(N2CCN(c3ccc(S(=O)(=O)N4CCOCC4)cc3)CC2)C(=O)N1Cc1ccccc1,0.0768,7.32,Inactive,Inactive
6948,COc1ccc(C(CNC(=O)c2cc(C)oc2C)N2CCOCC2)cc1,0.0768,7.32,Inactive,Inactive
6949,CC1(C(=O)OCC(=O)Nc2ccc(S(=O)(=O)N3CCOCC3)cc2)CC1(Cl)Cl,0.0768,7.32,Inactive,Inactive
6950,COc1ccc(C(=O)N2CCCC2=O)cc1,0.0768,7.32,Inactive,Inactive
6951,CCN1CCN(C(=O)c2ccccc2N(C)S(=O)(=O)c2ccc(C)cc2)CC1,0.0768,7.32,Inactive,Inactive
6952,COc1cc(O)c2c(c1)C(=O)c1cc(C)c(O)c(-c3c(OC)cc4c(c3O)C(=O)C3=C(C4=O)[C@@H](O)[C@](C)(O)[C@H](O)[C@H]3O)c1C2=O,0.0768,7.32,Inactive,Inactive
6953,COc1cc(O)c(C(=O)/C=C/c2ccc(OCc3cn(-c4ccccc4Cl)nn3)c(OCc3cn(-c4ccccc4Cl)nn3)c2)c(OC)c1,0.0768,7.32,Inactive,Inactive
6954,CCCn1c(-c2cc(OC)c(O)c3c2CC2c4cc5c(cc4CCN2C3)OCO5)nc2ccccc21,0.0768,7.32,Inactive,Inactive
6955,CCOC(=O)c1nccnc1C(=O)Nc1cccc(C(F)(F)F)c1,0.0768,7.32,Inactive,Inactive
6956,CCCNC(=O)CCSc1nnc(-c2cccnc2)o1,0.0768,7.32,Inactive,Inactive
6957,CCCNC(=O)CSc1nnc(-c2cccnc2)o1,0.0768,7.32,Inactive,Inactive
6958,CCn1c(CNC(=O)c2ccccc2F)nnc1SCC(=O)NC1CCCCC1C,0.0768,7.32,Inactive,Inactive
6959,O=C(CNC(=O)c1ccc(F)cc1)c1ccccc1,0.0768,7.32,Inactive,Inactive
6960,O=C(Nc1nnc(C2CCC2)o1)NC1C2CC3CC(C2)CC1C3,0.0768,7.32,Inactive,Inactive
6961,O=C(Nc1ncc([N+](=O)[O-])s1)c1ccc(-n2cc(CSc3nc4ccccc4s3)nn2)cc1O,0.0768,7.32,Inactive,Inactive
6962,CCSc1nnc(NC(=O)Cc2cccc(OC)c2)s1,0.0768,7.32,Inactive,Inactive
6963,CCn1cc(CN(C)S(=O)(=O)c2cccc([N+](=O)[O-])c2)cn1,0.0768,7.32,Inactive,Inactive
6964,CCSc1nnc(COc2ccccc2)n1CC,0.0768,7.32,Inactive,Inactive
6965,CCOC(=O)c1sc(SC)nc1NS(=O)(=O)c1cc(C(F)(F)F)cc(C(F)(F)F)c1,0.0768,7.32,Inactive,Inactive
6966,CCOc1ccccc1CN1CCN(S(C)(=O)=O)CC1,0.0768,7.32,Inactive,Inactive
6967,CCOC1CCCc2nc(Nc3ccc(Cl)cn3)sc21,0.0768,7.32,Inactive,Inactive
6968,O=C(Nc1cccc(Br)c1)c1cc2ccccc2o1,0.0768,7.32,Inactive,Active
6969,CCN(CC)C(=O)CN(C)S(=O)(=O)c1cccc2nsnc12,0.0768,7.32,Inactive,Inactive
6970,O=C(CCCCl)N1CCN(c2nccc(-n3cncn3)n2)CC1,0.0768,7.32,Inactive,Inactive
6971,O=C(CNC(=O)c1ccccc1F)c1ccc(Br)cc1,0.0768,7.32,Inactive,Inactive
6972,CCCN(CCC)C(=O)NC1CC(=O)N(c2ccc(OC)cc2)C1,0.0768,7.32,Inactive,Inactive
6973,O=C(COC(=O)c1ccccc1)Nc1ccccc1Sc1ccccc1,0.0768,7.32,Inactive,Inactive
6974,COC(=O)c1ccc(NC2CCN(Cc3ccccc3)CC2)cc1,0.0768,7.32,Inactive,Inactive
6975,CCC/C(C)=N\N=C1\SCC(=O)N1C(=O)c1ccccc1,0.0768,7.32,Inactive,Inactive
6976,CCC1C(c2ccccc2)OC(c2ccccc2)CC12NNC(=S)N2,0.0768,7.32,Inactive,Inactive
6977,CCCC/C(C)=N\N=C1/NC(=O)CS1,0.0768,7.32,Inactive,Inactive
6978,CCN1C(=O)[C@@]2(CN(C)C3(c4cc([N+](=O)[O-])ccc4-n4c3nc3ccccc3c4=O)C2(C#N)C#N)c2ccccc21,0.0768,7.32,Inactive,Inactive
6979,COc1c(O)cc2oc3cc4c(c(O)c3c(=O)c2c1CCC(C)(C)OC)CCC(C)(C)O4,0.0768,7.32,Inactive,Inactive
6980,CO[C@@H]1OCC2=CC[C@H]3[C@]4(C)CC[C@H]5C(C)(C)CCC[C@]5(C)[C@H]4C[C@@H](OC(C)=O)[C@]3(C)[C@H]21,0.0768,7.32,Inactive,Inactive
6981,CCCCCCC1C2C(=O)C(=CC1[C@@H](O)C(=O)[C@H](O)CCC)[C@](C)(C(=O)OC)CC1=C2C(=O)OC1=O,0.0768,7.32,Inactive,Inactive
6982,COC(=O)c1ccc(N2CCN(S(=O)(=O)c3ccc4ccccc4c3)CC2)c([N+](=O)[O-])c1,0.0768,7.32,Inactive,Inactive
6983,Nc1nc(-c2ccc(NC(=O)c3ccccc3)cc2)c(/N=N/c2ccccc2Cl)s1,0.0768,7.32,Inactive,Active
6984,COC(=O)c1ccc(N2C(=O)CC(N3CCN(c4ccccc4)CC3)C2=O)cc1,0.0768,7.32,Inactive,Inactive
6985,COC(=O)c1ccc(/C=N\N2CCN(Cc3ccc(C)cc3)CC2)cc1,0.0768,7.32,Inactive,Active
6986,COC(=O)[C@@]1(C)CCC[C@]2(C)c3cc(OC(=O)CCCNCCCCCCCCNCCCNC(=O)Oc4ccc5c(c4)[C@@]4(C)CCC[C@](C)(C(=O)OC)[C@@H]4CC5)ccc3CC[C@@H]12,0.0768,7.32,Inactive,Inactive
6987,COC(=O)[C@@H]1C(OC)Sc2c(C3CC3)c(Cc3cccc4ccccc34)cc(=O)n21,0.0768,7.32,Inactive,Inactive
6988,Nc1c(F)c(NCCNc2ccccn2)c2c3c1c(=O)c(C(=O)O)cn3C1(CCC1)CO2,0.0768,7.32,Inactive,Inactive
6989,COC(=O)C(NC(C)=O)(Nc1nc2c(s1)CCCC2)C(F)(F)F,0.0768,7.32,Inactive,Inactive
6990,CNS(=O)(=O)c1cccc(C(=O)OCC(=O)NCc2ccccc2)c1,0.0768,7.32,Inactive,Inactive
6991,COc1ccc(NC(=O)CSc2nnc3n2CCCCC3)cc1,0.0768,7.32,Inactive,Inactive
6992,CCOP(=O)(OCC)C(NC(=O)c1ccc(OC)cc1)c1ccccc1,0.0768,7.32,Inactive,Inactive
6993,CC(C)=CCc1c(OCCCCCC(=O)NCc2c(O)c(=O)cc(C)n2C)cc(/C=C/c2ccc(F)cc2)c(C(=O)O)c1O,0.0768,7.32,Inactive,Inactive
6994,CCOC(=O)CSc1nnc(-c2nc(C(C)C)cs2)n1-c1ccccc1,0.0768,7.32,Inactive,Inactive
6995,CC(C)C[C@@H]1NC(=O)[C@H](CCCN)NC(=O)[C@H](C(C)C)NC(=O)[C@H](CC(C)C)NC(=O)[C@H](CC(N)=O)NC(=O)[C@H](CC(N)=O)NC(=O)[C@@H](Cc2ccccc2)NC(=O)[C@H](Cc2ccc(O)cc2)NC(=O)[C@@H]2CCCN2C(=O)[C@H](Cc2ccccc2)NC1=O,0.0768,7.32,Inactive,Inactive
6996,CC(C)C[C@@H]1NC(=O)[C@H](CC(N)=O)NC(=O)[C@H](CC(N)=O)NC(=O)[C@H](Cc2ccccc2)NC(=O)[C@H](Cc2ccc(O)cc2)NC(=O)[C@@H]2CCCN2C(=O)[C@@H](Cc2ccccc2)NC(=O)[C@H](CC(C)C)NC(=O)[C@H](CCCN)NC(=O)[C@H](C(C)C)NC1=O,0.0768,7.32,Inactive,Inactive
6997,CC(C)C[C@@H]1NC(=O)[C@H](CCCN)NC(=O)[C@H](C(C)C)NC(=O)[C@H](CC(C)C)NC(=O)[C@H](CC(N)=O)NC(=O)[C@H](CC(N)=O)NC(=O)[C@H](Cc2ccccc2)NC(=O)[C@H](Cc2ccc(O)cc2)NC(=O)[C@@H]2CCCN2C(=O)[C@H](Cc2ccccc2)NC1=O,0.0768,7.32,Inactive,Inactive
6998,Clc1cc2nc(C3CCNCC3)n(Cc3ccc(Cn4c(C5CCNCC5)nc5cc(Cl)c(Cl)cc54)cc3)c2cc1Cl,0.0768,7.32,Inactive,Inactive
6999,Cn1c(=O)c(=O)n(C)c2cc(C(=O)Nc3ccc4c(c3)C(=O)NC[C@@H](N)C(=O)N[C@@H](Cc3ccc(N)cc3)C(=O)N[C@@H](CCCN=C(N)N)CO4)ccc21,0.0768,7.32,Inactive,Inactive
7000,CC(C)=C/C(C)=N\N=C1\SCC(=O)N1C(=O)c1ccccc1,0.0768,7.32,Inactive,Inactive
7001,COc1ccc2nc(SCc3ccccc3C)nc(C)c2c1,0.0768,7.32,Inactive,Inactive
7002,CCOC(=O)C1=C(COC(=O)CSc2ccc(C)cc2)NC(=O)NC1C,0.0768,7.32,Inactive,Inactive
7003,O=Cc1cn(-c2nc(-c3cc4cc(Br)ccc4oc3=O)cs2)nc1-c1ccccc1,0.0768,7.32,Inactive,Inactive
7004,CCOC(=O)N1CCN(CCCCN2C(=O)N(CC(=O)OC)C(=O)C2(c2ccccc2)c2ccccc2)CC1,0.0768,7.32,Inactive,Inactive
7005,COc1ccc(OC)c(C2NC(=O)NC(C)=C2C(=O)OC2CCCCC2)c1,0.0768,7.32,Inactive,Inactive
7006,CC(C)C[C@@H]1NC(=O)[C@H](CC(N)=O)NC(=O)[C@H](CC(N)=O)NC(=O)[C@@H](Cc2ccccc2)NC(=O)[C@H](Cc2ccccc2)NC(=O)[C@@H]2CCCN2C(=O)[C@@H](Cc2ccccc2)NC(=O)[C@H](CC(C)C)NC(=O)[C@H](CCCN)NC(=O)[C@H](C(C)C)NC1=O,0.0768,7.32,Inactive,Inactive
7007,COc1ccc(OC)c(/C=C/c2nnc(Nc3ccc(Cl)cc3)s2)c1,0.0768,7.32,Inactive,Inactive
7008,CC(C)C(=O)NCCc1nc(-c2ccc(Cl)cc2)no1,0.0768,7.32,Inactive,Inactive
7009,COc1ccc(S(=O)(=O)NCCSCc2ccco2)cc1Cl,0.0768,7.32,Inactive,Inactive
7010,CCOC(=O)N1CCC(NC(=O)CCC(=O)c2ccccc2)CC1,0.0768,7.32,Inactive,Inactive
7011,CCOC(=O)CSc1nnc(CS(=O)(=O)c2ccc(NC(C)=O)cc2)o1,0.0768,7.32,Inactive,Inactive
7012,COc1ccc(OC)c(/C=C/c2nnc(SC)n2-c2ccc(Cl)cc2)c1,0.0768,7.32,Inactive,Inactive
7013,CC(C)C1C(=O)CC(c2ccccc2)N(C(=O)Cn2ccnc2)C1c1ccccc1,0.0768,7.32,Inactive,Inactive
7014,COc1ccc(Nn2c(SCC(=O)c3ccc(Cl)c(Cl)c3)nc(C)c2C)cc1,0.0768,7.32,Inactive,Inactive
7015,CC(C)C[C@@H]1NC(=O)[C@H](CC(N)=O)NC(=O)[C@H](CC(N)=O)NC(=O)[C@@H](Cc2ccccc2)NC(=O)[C@H](Cc2ccc(O)cc2)NC(=O)[C@@H]2CCCN2C(=O)[C@@H](Cc2ccccc2)NC(=O)[C@H](CC(C)C)NC(=O)[C@H](CCCN)NC(=O)[C@H](C(C)C)NC1=O,0.0768,7.32,Inactive,Inactive
7016,CC(C)C[C@@H]1NC(=O)[C@H](CC(N)=O)NC(=O)[C@H](CC(N)=O)NC(=O)[C@@H](Cc2ccccc2)NC(=O)[C@H](Cc2ccccc2)NC(=O)[C@@H]2CCCN2C(=O)[C@@H](Cc2ccc(O)cc2)NC(=O)[C@H](CC(C)C)NC(=O)[C@H](CCCN)NC(=O)[C@H](C(C)C)NC1=O,0.0768,7.32,Inactive,Inactive
7017,CC(C)C1C(=O)CC(c2ccccc2)N(C(=O)CN2CCOCC2)C1c1ccccc1,0.0768,7.32,Inactive,Inactive
7018,CCCC(c1nnnn1CS(=O)(=O)c1ccc(C)cc1)N1CCC(C(N)=O)CC1,0.0589,5.68,Inactive,Inactive
7019,COc1cc(C2SCC(=O)N2c2nnc(C34CC5CC(CC(C5)C3)C4)s2)cc(OC)c1OC,0.0589,5.68,Inactive,Inactive
7020,CCOC(=O)Cc1csc(N/N=C2\CC(c3ccc(Br)cc3)NC(c3ccc(Br)cc3)C2C)n1,0.0589,5.68,Inactive,Active
7021,C=CCNC(=O)C1CCN(S(=O)(=O)c2cccc3nsnc23)CC1,0.0589,5.68,Inactive,Inactive
7022,Cc1ccc(S(=O)(=O)N2CCOCC2)cc1NC(=O)COC(=O)CNC(=O)c1ccc(C(C)(C)C)cc1,0.0589,5.68,Inactive,Inactive
7023,CCC1C(=O)CC(c2ccccc2)N(C(=O)Cn2ccnc2)C1c1ccccc1,0.0589,5.68,Inactive,Inactive
7024,Cc1ccc(S(=O)(=O)N2CCOCC2)cc1C(=O)NC(C)CCc1ccccc1,0.0589,5.68,Inactive,Inactive
7025,Cc1ccc(S(=O)(=O)NCC(C)(C)N2CCOCC2)cc1C,0.0589,5.68,Inactive,Inactive
7026,COc1cc(C2C(C#N)=C(N)OC3=C2C(=O)CCC3)cc(OC)c1OC(=O)N1CCOCC1,0.0589,5.68,Inactive,Inactive
7027,COc1cc(C2C(C#N)=C(N)OC3=C2C(=O)CCC3)ccc1OC(=O)N1CCOCC1,0.0589,5.68,Inactive,Inactive
7028,Cc1ccc(S(=O)(=O)N2CCN(C(=O)CC(C)n3nc(C)c(Cl)c3C)CC2)cc1C,0.0589,5.68,Inactive,Inactive
7029,C/C(=N\N=C1/SCC(=O)N1Cc1cccc([N+](=O)[O-])c1)c1ccccn1,0.0589,5.68,Inactive,Inactive
7030,C/C(=N\N=C1/SCC(=O)N1Cc1ccccc1Cl)c1ccccn1,0.0589,5.68,Inactive,Inactive
7031,CCCC/C(CC)=N\N=C1\SCC(=O)N1C(=O)c1ccccc1,0.0589,5.68,Inactive,Inactive
7032,C=CCC/C(C)=N\N=C1\SCC(=O)N1C(=O)c1ccccc1,0.0589,5.68,Inactive,Inactive
7033,CCCCC/C(C)=N\N=C1\SCC(=O)N1C(=O)c1ccccc1,0.0589,5.68,Inactive,Inactive
7034,Cc1ccc(Oc2c(/C=C3\SC(=S)N([C@@H](Cc4c[nH]c5ccccc45)C(=O)O)C3=O)c(C)nn2-c2ccccc2)cc1,0.0589,5.68,Inactive,Inactive
7035,Cc1ccc(Oc2c(/C=C3\SC(=S)N([C@@H](Cc4c[nH]c5ccccc45)C(=O)O)C3=O)c(C)nn2-c2ccccc2)c(C)c1,0.0589,5.68,Inactive,Inactive
7036,COc1c(OS(=O)(=O)c2ccc(Br)cc2)cc2oc3cc(OS(=O)(=O)c4ccc(Br)cc4)c(CC=C(C)C)c(O)c3c(=O)c2c1CC=C(C)C,0.0589,5.68,Inactive,Inactive
7037,C/C(=N\N=C1/SCC(=O)N1Cc1ccccc1F)c1ccccn1,0.0589,5.68,Inactive,Inactive
7038,O=C(COC(=O)c1ccc(S(=O)(=O)NCc2ccco2)cc1)NC1CCCCCC1,0.0589,5.68,Inactive,Inactive
7039,O=C(COC(=O)/C=C/c1cccc(C(F)(F)F)c1)NCc1ccccc1,0.0589,5.68,Inactive,Inactive
7040,Cc1ccc(Nn2c(SCC(=O)c3ccc(Cl)c(Cl)c3)nc(C)c2C)cc1,0.0589,5.68,Inactive,Inactive
7041,Cc1ccc(S(=O)(=O)NCCC(=O)OCn2nnc3ccccc3c2=O)cc1,0.0589,5.68,Inactive,Inactive
7042,Cc1nc(SCC(=O)c2cccc(F)c2)n(Nc2ccccc2)c1C,0.0589,5.68,Inactive,Inactive
7043,CCC/C(CC)=N\N=C1\SCC(=O)N1C(=O)c1ccccc1,0.0589,5.68,Inactive,Inactive
7044,C/C(=N\N=C1/SCC(=O)N1Cc1ccc([N+](=O)[O-])cc1)c1ccccn1,0.0589,5.68,Inactive,Inactive
7045,Cc1cccc(-c2nnc(CN3C(=O)CSC3=S)o2)c1,0.0589,5.68,Inactive,Inactive
7046,Cc1cccc(-c2nn3c(=O)c4c5c(sc4nc3s2)CCCC5)c1,0.0589,5.68,Inactive,Inactive
7047,CC1C(=O)C(C)C(c2ccccc2)N(C(=O)CN2CCOCC2)C1c1ccccc1,0.0589,5.68,Inactive,Inactive
7048,CC1C(=O)C(C)C(c2ccccc2)N(C(=O)Cn2ccnc2)C1c1ccccc1,0.0589,5.68,Inactive,Inactive
7049,CC1C(=O)CC(c2ccccc2)N(C(=O)Cn2ccnc2)C1c1ccccc1,0.0589,5.68,Inactive,Inactive
7050,Cn1c(CN2CCOCC2)nnc1SCC(=O)Nc1nccs1,0.0589,5.68,Inactive,Inactive
7051,COc1ccc(OC)c(/C=N/N=c2\scc(C3=CC(=O)C=CC3=O)n2-c2ccc(Cl)cc2)c1,0.0589,5.68,Inactive,Inactive
7052,COc1ccc(OC)c(C(=O)CSc2nnnn2-c2ccc(OC)c(OC)c2)c1,0.0589,5.68,Inactive,Inactive
7053,COc1ccc(-c2csc(N/N=C(\C)C3CCCCC3)n2)c(OC)c1,0.0589,5.68,Inactive,Inactive
7054,CC1CCCN(CC(=O)Nc2ccc(S(=O)(=O)N3CCCCC3)cc2)C1,0.0589,5.68,Inactive,Inactive
7055,Cc1ccc2nc(NC(=O)CSc3nnc(-c4cc5ccccc5oc4=O)o3)sc2c1,0.0589,5.68,Inactive,Inactive
7056,Cc1ccc(-c2nnn(CC(=O)NC3CCCc4ccccc43)n2)cc1,0.0589,5.68,Inactive,Inactive
7057,Cc1ccc2nc(C)c(C(=O)NCc3ccccc3)n2n1,0.0589,5.68,Inactive,Inactive
7058,CC(C)CNC(=O)CN1C(=O)NC2(CCCc3ccccc32)C1=O,0.0589,5.68,Inactive,Inactive
7059,CCOC(=O)Cc1csc(N/N=C2\CC(c3ccc(C)cc3)NC(c3ccc(C)cc3)C2C)n1,0.0589,5.68,Inactive,Inactive
7060,COc1cccc(S(=O)(=O)Nc2ccc(-c3nc4ccccc4o3)cc2)c1,0.0589,5.68,Inactive,Inactive
7061,COc1ccc(-[n+]2noc([O-])c2Cn2cnc3ccccc32)cc1,0.0589,5.68,Inactive,Inactive
7062,O=S(=O)(c1ccccc1)c1ccc(C(Cc2cn(Cc3ccccc3)nn2)OCc2cn(Cc3ccccc3)nn2)cc1,0.0589,5.68,Inactive,Inactive
7063,CCC(CC)=N/N=C1/SCC(=O)N1C(=O)c1ccccc1,0.0589,5.68,Inactive,Inactive
7064,Clc1cccc(N2CCN(c3nc4ccccc4o3)CC2)c1,0.0589,5.68,Inactive,Inactive
7065,Cc1ccc(SCc2ccc(C(=O)N3CCCC3)cc2)cc1,0.0589,5.68,Inactive,Inactive
7066,Cc1ccc(S(=O)(=O)c2c(COC(=O)c3ccccc3Cl)c(-c3ccccc3)nn2C)cc1,0.0589,5.68,Inactive,Inactive
7067,COc1ccc(Oc2c(/C=C3\SC(=S)N([C@@H](Cc4c[nH]c5ccccc45)C(=O)O)C3=O)c(C)nn2-c2ccccc2)cc1,0.0589,5.68,Inactive,Inactive
7068,COc1ccc(S(=O)(=O)N(CC(=O)NCC2CCCO2)c2ccccc2)cc1OC,0.0589,5.68,Inactive,Inactive
7069,COc1cc(O)c(C(=O)/C=C/c2ccc(OCc3cn(-c4ccc(F)c(Cl)c4)nn3)c(OCc3cn(-c4ccc(F)c(Cl)c4)nn3)c2)c(OC)c1,0.0589,5.68,Inactive,Inactive
7070,Cc1ccc(S(=O)(=O)OC(CN(Cc2ccccc2)C(=O)OC(C)(C)C)c2ccccc2)cc1,0.0589,5.68,Inactive,Inactive
7071,Cc1ccc(S(=O)(=O)Nc2cccc(C(=O)NCC(C)(C)N3CCOCC3)c2)cc1F,0.0589,5.68,Inactive,Inactive
7072,COc1cc(O)c(C(=O)/C=C/c2ccc(OCc3cn(-c4ccc(Cl)cc4)nn3)c(OCc3cn(-c4ccc(Cl)cc4)nn3)c2)c(OC)c1,0.0589,5.68,Inactive,Inactive
7073,Cc1ccc(Nc2nc3c(s2)C(OC(=O)n2ccnc2)CCC3)cc1,0.0589,5.68,Inactive,Inactive
7074,COCCCNC(=S)N1CCN(S(C)(=O)=O)CC1,0.0589,5.68,Inactive,Inactive
7075,CCCCCC/C(C)=N\N=C1\SCC(=O)N1C(=O)c1ccccc1,0.0589,5.68,Inactive,Inactive
7076,CCOc1ccccc1NC(=O)C1CCC(=O)N1S(=O)(=O)c1ccc(C)cc1,0.0589,5.68,Inactive,Inactive
7077,CCCS(=O)(=O)N1CCN(C(=O)c2cc(OC)cc(OC)c2)CC1,0.0589,5.68,Inactive,Inactive
7078,CCCSc1oc(-c2ccccc2)nc1S(=O)(=O)c1ccccc1,0.0589,5.68,Inactive,Inactive
7079,CCn1c(-c2cc(OC)c(O)c3c2CC2c4cc5c(cc4CCN2C3)OCO5)nc2ccccc21,0.0589,5.68,Inactive,Inactive
7080,CCN(CC)S(=O)(=O)c1cccc(-c2nnc(SCC(N)=O)n2CCc2ccccc2)c1,0.0589,5.68,Inactive,Inactive
7081,CC(C)(O)[C@@H]1CC[C@@](C)([C@H]2CC[C@]3(C)[C@@H]2[C@H](OC(=O)/C=C/c2ccccc2)C[C@@H]2[C@@]4(C)CC[C@H](O)C(C)(C)[C@@H]4CC[C@]23C)O1,0.0589,5.68,Inactive,Inactive
7082,O=C(CN1CCCSc2ccccc21)N1CCN(S(=O)(=O)c2cccc(F)c2)CC1,0.0589,5.68,Inactive,Active
7083,CCc1ccccc1NC(=S)N1CCC(C(=O)c2ccc(F)cc2)CC1,0.0589,5.68,Inactive,Inactive
7084,Cc1noc(C)c1S(=O)(=O)N1CCCC(C(=O)NCC2CCCO2)C1,0.0589,5.68,Inactive,Inactive
7085,CCc1ccc(S(=O)(=O)Nc2ccc(-c3nc4ccccc4o3)cc2)cc1,0.0589,5.68,Inactive,Inactive
7086,CC[C@H](C)[C@H](NC(=O)[C@H](CCCNC(=N)N)NC(=O)[C@H](CCCCN)NC(=O)[C@@H](NC(=O)[C@H](Cc1c[nH]c2ccccc12)NC(=O)[C@H](Cc1c[nH]c2ccccc12)NC(=O)[C@H](Cc1c[nH]c2ccccc12)NC(=O)[C@H](CCCNC(=N)N)NC(=O)[C@@H](N)CC(C)C)[C@@H](C)CC)C(=O)O,0.0589,5.68,Inactive,Inactive
7087,O=S(=O)(Nc1ccc(-c2nc3ccccc3o2)cc1)c1ccc(C(F)(F)F)cc1,0.0589,5.68,Inactive,Inactive
7088,CC(C)(C)n1nnnc1C(c1cccs1)N1CCCc2ccccc21,0.0589,5.68,Inactive,Inactive
7089,CCS(=O)(=O)Nc1ccc(C(=O)N2CCN(Cc3ccc4c(c3)OCO4)CC2)cc1,0.0589,5.68,Inactive,Inactive
7090,Cc1ccc(C)n1NC(=O)c1ccc(-n2cccc2)cc1,0.0589,5.68,Inactive,Inactive
7091,Nn1c(SCC(=O)c2ccccc2)nc2sc3c(c2c1=O)CCCC3,0.0589,5.68,Inactive,Inactive
7092,COc1c(O)cc2oc3cc4c(c(O)c3c(=O)c2c1CC=C(C)C)CCC(C)(C)O4,0.0589,5.68,Inactive,Inactive
7093,CCOc1ccc(S(=O)(=O)N2CCCCCC2)cc1,0.0589,5.68,Inactive,Inactive
7094,Cc1nnc(NC(=O)CC(C)c2ccccc2)s1,0.0589,5.68,Inactive,Inactive
7095,CC(C)(C)c1ccc(C(=O)NC(=S)NCc2cccnc2)cc1,0.0589,5.68,Inactive,Inactive
7096,O=C(/C=C/c1ccc(F)cc1)N1CCN(S(=O)(=O)/C=C/c2ccccc2)CC1,0.0589,5.68,Inactive,Inactive
7097,Cc1ccc(C)c(N(CC(=O)NN=C2CCCCCCC2)S(C)(=O)=O)c1,0.0589,5.68,Inactive,Inactive
7098,Cc1cc(C(=O)CN2C(=O)CCC2=O)c(C)n1Cc1ccccc1,0.0589,5.68,Inactive,Inactive
7099,CCN(C(C)=O)c1nc(CSc2nnc(NC(C)C)s2)cs1,0.0589,5.68,Inactive,Inactive
7100,O=C(Nc1ccc2oc(-c3ccc(F)cc3)nc2c1)c1cc2ccccc2o1,0.0589,5.68,Inactive,Inactive
7101,CCN(CC(=O)NCc1cccs1)C(=O)/C=C/c1ccc(C)cc1,0.0589,5.68,Inactive,Inactive
7102,CCN(CC)CCSc1nnc(CS(=O)(=O)c2ccc(NC(C)=O)cc2)o1,0.0589,5.68,Inactive,Inactive
7103,CC(C)(C)c1ccc(/C=N/NC(=O)CN2CCS(=O)(=O)CC2)cc1,0.0589,5.68,Inactive,Inactive
7104,O=C(CC1CCCC1)Nc1nc2ccccc2s1,0.0589,5.68,Inactive,Inactive
7105,C/C(CC(C)C)=N/N=C1\NC(=O)CS1,0.0589,5.68,Inactive,Inactive
7106,O=C(CN(c1ccc(Cl)cc1)S(=O)(=O)c1ccccc1)N1CCN(c2ccccc2)CC1,0.0589,5.68,Inactive,Inactive
7107,O=S(=O)(Nc1ccc(-c2nc3ccccc3o2)cc1)c1cccc(C(F)(F)F)c1,0.0589,5.68,Inactive,Inactive
7108,CC(C)=CCc1c2c(c(O)c3c(=O)c4c(oc5cc(O)ccc54)oc13)C=CC(C)(C)O2,0.0589,5.68,Inactive,Inactive
7109,CC(C)=N/N=C1/SCC(=O)N1C(=O)c1ccccc1,0.0589,5.68,Inactive,Inactive
7110,CC(C)=NNC(=O)c1ccc(-n2cccc2)cc1,0.0589,5.68,Inactive,Inactive
7111,CC(C)(C)NS(=O)(=O)c1ccc(CCC(=O)N2CCOCC2)cc1,0.0589,5.68,Inactive,Inactive
7112,CO[C@@H]1OC(=O)C2=CC[C@H]3[C@]4(C)CC[C@H]5C(C)(C)CCC[C@]5(C)[C@H]4C[C@@H](OC(C)=O)[C@]3(C)[C@H]21,0.0589,5.68,Inactive,Inactive
7113,Cc1ccc(NC2CC(=O)N(Cc3ccccc3)C2=O)cc1,0.0589,5.68,Inactive,Inactive
7114,COCc1ccc(C(=O)N2CCCC(Nc3ccc(C(C)C)cc3)C2)o1,0.0589,5.68,Inactive,Inactive
7115,COCCCNC(=O)c1oc2ccc(S(=O)(=O)N(C)C3CCCCC3)cc2c1C,0.0589,5.68,Inactive,Inactive
7116,Oc1cc(O)c2c(c1)O[C@H](c1ccc(O)c(O)c1)[C@@H](OCc1cc(F)cc(F)c1)C2,0.0589,5.68,Inactive,Inactive
7117,O=C(O)[C@@H]1CSc2c(C3CC3)c(Cc3cccc4ccccc34)cc(=O)n21,0.0589,5.68,Inactive,Inactive
7118,O=C(O)[C@@H]1CSc2c(-c3cn(CC4CC4)nn3)c(Cc3cccc4ccccc34)c(Br)c(=O)n21,0.0589,5.68,Inactive,Inactive
7119,COc1ccc(S(=O)(=O)Nc2ccc(-c3nc4ccccc4o3)cc2)cc1,0.0589,5.68,Inactive,Inactive
7120,COC(=O)c1ccc(NC(=O)C2CCCN2S(=O)(=O)c2ccc(OC)cc2)cc1,0.0589,5.68,Inactive,Inactive
7121,Cc1ccc(NC(=O)c2ccc3ncsc3c2)cc1,0.0589,5.68,Inactive,Inactive
7122,O=C1c2ccccc2C(=O)N1CCCCn1c(C2CCNCC2)nc2cc(Cl)c(Cl)cc21,0.0589,5.68,Inactive,Inactive
7123,Clc1ccc(-c2csc(N/N=C(/Cn3nnc4ccccc43)c3ccc(Br)cc3)n2)cc1,0.0589,5.68,Inactive,Inactive
7124,Cc1ccc(NC(=O)CSc2nnc(Cn3nnc4ccccc43)o2)cc1,0.0589,5.68,Inactive,Inactive
7125,COC(=O)[C@@H]1CSc2c(C3CC3)c(Cc3cccc4ccccc34)cc(=O)n21,0.0589,5.68,Inactive,Inactive
7126,Clc1cc2nc(C3CCNCC3)n(Cc3ccc(CNC4CCNCC4)cc3)c2cc1Cl,0.0589,5.68,Inactive,Inactive
7127,COC(=O)[C@@H]1C(C)Sc2c(C3CC3)c(Cc3cccc4ccccc34)cc(=O)n21,0.0589,5.68,Inactive,Inactive
7128,COC(=O)Nc1ccc(S(=O)(=O)N2CCCCCC2)cc1,0.0589,5.68,Inactive,Inactive
7129,COC(=O)Nc1ccc(S(=O)(=O)N2CCCC(C(=O)N3CCCCC3)C2)cc1,0.0589,5.68,Inactive,Inactive
7130,COC(=O)Cn1c(/C=C/c2ccc(C#N)cc2)nc2ccc(OCc3cn(-c4ccc(F)c(Cl)c4)nn3)cc2c1=O,0.0589,5.68,Inactive,Inactive
7131,CCN(Cc1nc(-c2ccc(C)cc2)no1)C(=O)NC(C)(C)C,0.0589,5.68,Inactive,Inactive
7132,Cc1ccc(N(CC(=O)Nc2cccc(C)c2)S(=O)(=O)c2cccc3nonc23)cc1,0.0589,5.68,Inactive,Inactive
7133,O=S(=O)(Nc1ccc(-c2nc3ccccc3o2)cc1)c1ccccc1F,0.0589,5.68,Inactive,Inactive
7134,Clc1cc2nc(C3CCNCC3)n(CCCCCn3cnnc3)c2cc1Cl,0.0589,5.68,Inactive,Inactive
7135,Nc1ccccc1-c1nnn(CC(=O)N2CCCc3ccccc32)n1,0.0589,5.68,Inactive,Inactive
7136,CN(CC(=O)N1CCN(c2ccccn2)CC1)S(=O)(=O)c1ccc2ccccc2c1,0.0589,5.68,Inactive,Inactive
7137,CN(C1CCCCC1)S(=O)(=O)c1ccc(NC(=O)C2COc3ccccc3O2)cc1,0.0589,5.68,Inactive,Inactive
7138,Cc1cc(S(=O)(=O)NC(C)C)ccc1OCC(=O)N1CCN(Cc2ccc3c(c2)OCO3)CC1,0.0589,5.68,Inactive,Inactive
7139,O=S(=O)(Nc1ccc(-c2nc3ccccc3o2)cc1)c1ccccc1,0.0589,5.68,Inactive,Inactive
7140,CC1C(=O)C(C)C(c2cccc(F)c2)N(C(=O)Cn2ccnc2)C1c1cccc(F)c1,0.0589,5.68,Inactive,Inactive
7141,COc1ccc(-n2nnnc2CNC(=O)c2ccc(S(=O)(=O)N3CCOCC3)cc2)cc1,0.0589,5.68,Inactive,Inactive
7142,C/C(=N\N=C1/SCC(=O)N1Cc1ccc([N+](=O)[O-])cc1)C1CCCCC1,0.0589,5.68,Inactive,Inactive
7143,N#CC1=C(N)OC2=C(C(=O)CCC2)C1c1ccc(OC(=O)N2CCOCC2)cc1,0.0589,5.68,Inactive,Inactive
7144,N#CCCSC1=NC(c2ccc([N+](=O)[O-])cc2)=CC(c2cc3cc(Cl)ccc3nc2Cl)N1,0.0589,5.68,Inactive,Inactive
7145,Cc1cccnc1NC(=O)c1ccc(Cl)c(S(=O)(=O)N2CCCC2)c1,0.0589,5.68,Inactive,Inactive
7146,Cc1ccnc(SCC(=O)N2CCc3ccccc3C2)n1,0.0589,5.68,Inactive,Active
7147,Cc1ccc(-c2ccc(C(c3cccc(-n4cc(-c5cccc(N)c5)nn4)c3)P(=O)(O)O)cc2)cc1,0.0589,5.68,Inactive,Inactive
7148,N#CCCSC1=NC(c2ccc(Cl)cc2)=CC(c2cc3cc(Cl)ccc3nc2Cl)N1,0.0589,5.68,Inactive,Inactive
7149,N#CCCSC1=NC(c2ccc(Br)cc2)=CC(c2cc3cc(Cl)ccc3nc2Cl)N1,0.0589,5.68,Inactive,Inactive
7150,C/C(=N/N=C1\SCC(=O)N1Cc1ccc(F)cc1)c1ccccn1,0.0589,5.68,Inactive,Inactive
7151,Fc1ccc(/C(Cn2nnc3ccccc32)=N\Nc2nc(-c3ccc(F)cc3)cs2)cc1,0.0589,5.68,Inactive,Inactive
7152,O=C1CC(/C=C/c2ccccc2)(C(=O)NC2CCCC2)N1c1ccc(S(=O)(=O)N2CCCC2)cc1,0.0589,5.68,Inactive,Inactive
7153,O=C(CSc1nnnn1-c1ccccc1)c1ccccc1,0.0589,5.68,Inactive,Inactive
7154,CSc1nnc(COc2ccc(C)cc2)n1N,0.0589,5.68,Inactive,Inactive
7155,CCOC(=O)Cc1csc(N/N=C2\CC(c3ccccc3)NC(c3ccccc3)C2CC)n1,0.0589,5.68,Inactive,Inactive
7156,COc1ccc(CCC(=O)NCc2cn3ccccc3n2)cc1,0.0589,5.68,Inactive,Inactive
7157,COc1ccc(CCn2c(C)cc(C(=O)CSc3nnnn3-c3ccccc3)c2C)cc1OC,0.0589,5.68,Inactive,Inactive
7158,c1ccc(N2CCN(c3nc4ccccc4o3)CC2)cc1,0.0589,5.68,Inactive,Inactive
7159,CC(Cc1cn(Cc2ccccc2)nn1)(OCc1cn(Cc2ccccc2)nn1)c1ccc(S(=O)(=O)c2ccccc2)cc1,0.0589,5.68,Inactive,Inactive
7160,Cc1ccccc1Oc1c(/C=C2\SC(=S)N([C@@H](Cc3c[nH]c4ccccc34)C(=O)O)C2=O)c(C)nn1-c1ccccc1,0.0589,5.68,Inactive,Inactive
7161,Cc1ccccc1OCc1ccc(C(=O)N2CCOCC2)o1,0.0589,5.68,Inactive,Inactive
7162,N#CCCSC1=NC(c2cccc(Cl)c2)=CC(c2cc3cc(Cl)ccc3nc2Cl)N1,0.0589,5.68,Inactive,Inactive
7163,O=C(CSc1nnc(SCC(=O)N2CCCC2)s1)N1CCCC1,0.0589,5.68,Inactive,Inactive
7164,N#CCCSC1=NC(c2cccc(O)c2)=CC(c2cc3cc(Cl)ccc3nc2Cl)N1,0.0589,5.68,Inactive,Inactive
7165,CC(NC(=O)Cn1cc(S(=O)(=O)N(C)C)ccc1=O)c1ccc2c(c1)OCCO2,0.0589,5.68,Inactive,Inactive
7166,N#CCCSC1=NC(c2cccc([N+](=O)[O-])c2)=CC(c2cc3cc(Cl)ccc3nc2Cl)N1,0.0589,5.68,Inactive,Inactive
7167,O=c1c2c3c(sc2nc2sc(-c4ccccc4)nn12)CCCC3,0.0589,5.68,Inactive,Inactive
7168,O=C1C2=C(Nc3ccccc3SC2c2cccc(I)c2)c2ccccc21,0.0589,5.68,Inactive,Inactive
7169,O=C1C2=C(Nc3ccccc3SC2c2cccc(Br)c2)c2ccccc21,0.0589,5.68,Inactive,Inactive
7170,N#CCCSC1=NC(c2ccccc2)=CC(c2cc3cc(Cl)ccc3nc2Cl)N1,0.0589,5.68,Inactive,Inactive
7171,COc1ccc(C2C(C#N)=C(N)OC3=C2C(=O)CC(C)(C)C3)cc1Cn1nc(C)c([N+](=O)[O-])c1C,0.0589,5.68,Inactive,Inactive
7172,CC(O)(Cc1cn(CC(=O)c2ccc(S(=O)(=O)c3ccccc3)cc2)nn1)c1ccc(S(=O)(=O)c2ccccc2)cc1,0.0589,5.68,Inactive,Inactive
7173,CCNc1nc(OC)nc(N2CCN(c3ccc(F)cc3)CC2)n1,0.0589,5.68,Inactive,Inactive
7174,O=C1/C(=C/c2ccccc2)NC(=S)N1C(c1ccccc1)c1ccccc1,0.0589,5.68,Inactive,Inactive
7175,O=C(NCCc1ccccc1)C1CCN(S(=O)(=O)N2CCCCCC2)CC1,0.0589,5.68,Inactive,Active
7176,Fc1ccc(-c2csc(N/N=C(/Cn3nnc4ccccc43)c3ccc(Cl)cc3)n2)cc1,0.0589,5.68,Inactive,Inactive
7177,CC/C(C)=N\N=C1\SCC(=O)N1C(=O)c1ccccc1,0.0589,5.68,Inactive,Inactive
7178,Cc1nc(SCC(=O)c2ccc(Cl)cc2)n(Nc2ccc(Cl)cc2)c1C,0.0589,5.68,Inactive,Inactive
7179,CC(C)C[C@@H]1NC(=O)[C@H](CCCN)NC(=O)[C@H](C(C)C)NC(=O)[C@H](Cc2ccc(O)cc2)NC(=O)[C@H](CCCCN)NC(=O)[C@H](CC(N)=O)NC(=O)[C@@H](Cc2ccccc2)NC(=O)[C@H](Cc2c(F)c(F)c(F)c(F)c2F)NC(=O)[C@@H]2CCCN2C(=O)[C@@H](Cc2ccccc2)NC1=O,0.0589,5.68,Inactive,Inactive
7180,CC(C)C[C@@H]1NC(=O)[C@H](CCCN)NC(=O)[C@H](C(C)C)NC(=O)[C@H](Cc2ccc(O)cc2)NC(=O)[C@H](CCCCN)NC(=O)[C@H](CC(N)=O)NC(=O)[C@@H](Cc2ccccc2)NC(=O)[C@H](Cc2ccccc2)NC(=O)[C@@H]2CCCN2C(=O)[C@@H](Cc2ccccc2)NC1=O,0.0589,5.68,Inactive,Inactive
7181,CC(C)C[C@H](NC(=O)[C@H](CC(C)C)NC(=O)[C@H](Cc1ccc(O)cc1)NC(=O)[C@H](CCCCN)NC(=O)[C@H](CC(C)C)NC(=O)[C@H](CCCNC(=N)N)NC(=O)[C@H](CCCCN)NC(=O)[C@H](Cc1c[nH]c2ccccc12)NC(=O)[C@H](CC(C)C)NC(=O)CN)C(N)=O,0.0589,5.68,Inactive,Inactive
7182,O=C1N(c2ccc(Cl)cc2)N(c2ccc(Cl)cc2)C(=O)C1(CCCCCCc1ccccc1)CCCCCCc1ccccc1,0.0589,5.68,Inactive,Inactive
7183,COc1ccc(NC(=O)c2ccc3c(c2)OCO3)cc1S(=O)(=O)N1CCOCC1,0.0589,5.68,Inactive,Inactive
7184,COc1ccc(NC(=O)c2cc(S(=O)(=O)N(C)C)ccc2N2CCCC2)cc1Cl,0.0589,5.68,Inactive,Inactive
7185,Cc1nc(SCC(=O)c2ccc(Cl)cc2)n(Nc2ccccc2)c1C,0.0589,5.68,Inactive,Inactive
7186,COc1ccc(CSCC(=O)Nc2ccccc2SC)cc1,0.0589,5.68,Inactive,Inactive
7187,Cc1nc(SCC(=O)c2ccc(F)c(F)c2)n(Nc2ccc(Cl)cc2)c1C,0.0589,5.68,Inactive,Inactive
7188,Cc1nc(SCC(=O)c2ccc(F)c(F)c2)n(Nc2ccccc2)c1C,0.0589,5.68,Inactive,Inactive
7189,CCOC(=O)N1CCN(S(=O)(=O)c2ccc(C(=O)Nc3nnc(C4CC4)o3)cc2)CC1,0.0589,5.68,Inactive,Inactive
7190,Cc1nc(SCC(=O)c2ccccc2)n(Nc2ccc(Cl)cc2)c1C,0.0589,5.68,Inactive,Inactive
7191,O=C(NC1CCN(S(=O)(=O)c2ccc(F)cc2)CC1)c1ccccc1,0.0589,5.68,Inactive,Inactive
7192,Cc1nc(SCC(=O)c2cccc(Cl)c2)n(Nc2ccccc2)c1C,0.0589,5.68,Inactive,Inactive
7193,COc1ccc(N2CCN(C(=O)c3cc(=O)c4cc(C)ccc4o3)CC2)cc1,0.0589,5.68,Inactive,Inactive
7194,Cc1nc(C)c(C(=O)N(c2cccc(C)c2C)C(C(=O)NC2CCCCC2)c2cccnc2)s1,0.0589,5.68,Inactive,Inactive
7195,O=C1NC(=S)S/C1=C\c1cc([N+](=O)[O-])ccc1Sc1ccc(Cl)cc1,0.0589,5.68,Inactive,Inactive
7196,O=C1NC(=S)S/C1=C\c1ccc(/C=C/c2ccccc2)cc1,0.0589,5.68,Inactive,Inactive
7197,CC(C)C[C@@H]1NC(=O)[C@H](CCCN)NC(=O)[C@H](C(C)C)NC(=O)[C@H](Cc2c(F)c(F)c(F)c(F)c2F)NC(=O)[C@H](CCC(N)=O)NC(=O)[C@H](CC(N)=O)NC(=O)[C@@H](Cc2ccccc2)NC(=O)[C@H](Cc2ccccc2)NC(=O)[C@@H]2CCCN2C(=O)[C@@H](Cc2ccccc2)NC1=O,0.0589,5.68,Inactive,Inactive
7198,C/C(=N/N=C1\NC(=O)CS1)c1cccc2ccccc12,0.0589,5.68,Inactive,Inactive
7199,O=C(Cn1c(C2CCNCC2)nc2cc(Cl)c(Cl)cc21)N/N=C/c1ccncc1,0.0589,5.68,Inactive,Inactive
7200,COc1ccc(N(CC(=O)NCCSc2ccccc2)S(=O)(=O)c2ccccc2)cc1,0.0589,5.68,Inactive,Inactive
7201,COc1ccccc1Oc1c(/C=C2\SC(=S)N([C@@H](Cc3c[nH]c4ccccc34)C(=O)O)C2=O)c(C)nn1-c1ccccc1,0.0589,5.68,Inactive,Inactive
7202,CC(=O)OC[C@]12CCCC(C)(C)[C@@H]1CC[C@@]1(C)[C@@H]3CC=C4C(=O)O[C@@H](OC(C)=O)[C@@H]4[C@@]3(C)CC[C@@H]12,0.0589,5.68,Inactive,Inactive
7203,CC(=O)OC[C@]12CCCC(C)(C)[C@@H]1CC[C@@]1(C)[C@@H]3CC=C4C(=O)O[C@@H](O)[C@@H]4[C@@]3(C)CC[C@@H]12,0.0589,5.68,Inactive,Inactive
7204,O=C(NC1CCCN(c2nc3ccccc3s2)C1)N1CC=CCC1,0.0589,5.68,Inactive,Inactive
7205,COc1ccccc1S(=O)(=O)Nc1ccc(-c2nc3ccccc3o2)cc1,0.0589,5.68,Inactive,Inactive
7206,O=C1CS/C(=N\N=C2C3CCCC2C(c2cccc(F)c2)NC3c2cccc(F)c2)N1,0.0589,5.68,Inactive,Inactive
7207,O=C1CS/C(=N\N=C2C3CCCC2C(c2ccc(F)cc2)NC3c2ccc(F)cc2)N1,0.0589,5.68,Inactive,Inactive
7208,O=C1CS/C(=N\N=C2C3CCCC2C(c2ccc(Cl)cc2)NC3c2ccc(Cl)cc2)N1,0.0589,5.68,Inactive,Inactive
7209,O=C(Cc1cccc(C(F)(F)F)c1)NCC(c1ccco1)N1CCCCC1,0.0589,5.68,Inactive,Inactive
7210,O=C(c1ccco1)N1CCN(C(c2coc3ccc(Cl)cc3c2=O)c2nnnn2C2CCCC2)CC1,0.0589,5.68,Inactive,Inactive
7211,O=C(CSc1nnc(Cn2nnc3ccccc32)o1)Nc1ccc(F)cc1,0.0589,5.68,Inactive,Inactive
7212,O=C(CSc1nnc(Cn2nnc3ccccc32)o1)Nc1ccc(Cl)cc1,0.0589,5.68,Inactive,Inactive
7213,N#Cc1ccc(/C=C/c2nc3cc(-c4ccccc4)ccc3c(=O)n2-c2cccc(Cl)c2)cc1,0.0589,5.68,Inactive,Inactive
7214,CCOC(=O)Cc1csc(N/N=C2\CC(c3ccccc3)NC(c3ccccc3)C2C)n1,0.0589,5.68,Inactive,Inactive
7215,COc1ccc(C(=O)CSc2nc(C)c(C)n2Nc2ccc(Cl)cc2)cc1OC,0.0589,5.68,Inactive,Inactive
7216,COc1ccc(C(=O)CSc2nc(C)c(C)n2Nc2ccc(Cl)cc2)cc1,0.0589,5.68,Inactive,Inactive
7217,COc1ccc(C(=O)CSc2nc(C)c(C)n2Nc2ccc(C)cc2)cc1OC,0.0589,5.68,Inactive,Inactive
7218,Cc1cccc(NC(=O)N2CCCN(Cc3ccccc3F)C2)c1,0.0589,5.68,Inactive,Inactive
7219,O=C(NCc1ccccn1)C1CCN(S(=O)(=O)N2CCCCC2)CC1,0.0589,5.68,Inactive,Inactive
7220,CCOC(=O)Cc1csc(N/N=C2\CC(c3ccc(F)cc3)NC(c3ccc(F)cc3)C2C)n1,0.0589,5.68,Inactive,Inactive
7221,CCOC(=O)Cc1csc(N/N=C2\CC(c3ccc(Cl)cc3)NC(c3ccc(Cl)cc3)C2C)n1,0.0589,5.68,Inactive,Inactive
7222,COc1ccc(C(=O)/C=C/c2cc(OC)c(OC)c(OC)c2)cc1Nc1nc2ccccc2o1,0.0589,5.68,Inactive,Inactive
7223,CC(C(=O)Nc1ncccn1)(c1ccccc1)c1ccccc1,0.0589,5.68,Inactive,Inactive
7224,O=C(OCC(=O)c1ccc(S(=O)(=O)N2CCCC2)cc1)C1=COCCO1,0.0589,5.68,Inactive,Inactive
7225,C[C@]1(C(=O)O)CCC[C@]2(C)c3cc(OC(=O)CCCNCCCCCCCCCCCCNCCCNC(=O)Oc4ccc5c(c4)[C@@]4(C)CCC[C@](C)(C(=O)O)[C@@H]4CC5)ccc3CC[C@@H]12,0.0589,5.68,Inactive,Inactive
7226,N=C(N)NCCCC(N)C(=O)NC(CCCNC(=N)N)C(=O)NC(Cc1ccccc1)C(=O)Nc1cccc(C(=O)NC(Cc2ccccc2)C(=O)NC(CCCNC(=N)N)C(N)=O)c1,0.0589,5.68,Inactive,Inactive
7227,Cc1cccc(N2CCN(C(=O)C3CCN(S(=O)(=O)c4cnc[nH]4)CC3)CC2)c1C,0.0589,5.68,Inactive,Inactive
7228,COc1ccc(Nn2c(SCC(=O)c3ccccc3)nc(C)c2C)cc1,0.0589,5.68,Inactive,Inactive
7229,C[C@]1(C(=O)O)CCC[C@]2(C)c3cc(OC(=O)CCCNCCCCCCCCNCCCNC(=O)Oc4ccc5c(c4)[C@@]4(C)CCC[C@](C)(C(=O)O)[C@@H]4CC5)ccc3CC[C@@H]12,0.0589,5.68,Inactive,Inactive
7230,O=C(OC1CCCc2nc(Nc3ccccc3)sc21)n1ccnc1,0.0589,5.68,Inactive,Inactive
7231,Cc1cccc(N(Cc2ccccc2)C(=O)c2ccc(C)c(S(=O)(=O)N3CCOCC3)c2)c1,0.0589,5.68,Inactive,Inactive
7232,Cc1cccc(N(C(=O)c2ccncc2)C(C(=O)NC2CCCCC2)c2ccccc2)c1C,0.0589,5.68,Inactive,Inactive
7233,N=C(N)NCCC[C@H](N)C(=O)NCCCC[C@H](NC(=O)[C@@H](N)CCCNC(=N)N)C(=O)N[C@@H](Cc1c[nH]c2ccccc12)C(=O)N[C@@H](Cc1c[nH]c2ccccc12)C(=O)N[C@@H](Cc1c[nH]c2ccccc12)C(N)=O,0.0589,5.68,Inactive,Inactive
7234,O=C(CSc1nnc(-c2ccoc2)o1)N1CCOCC1,0.0589,5.68,Inactive,Inactive
7235,Cc1cccc(CN2CCC(n3nccc3NC(=O)CCCc3ccccc3)CC2)n1,0.0589,5.68,Inactive,Inactive
7236,Cc1ccc(-c2nnc(CN3C(=O)CSC3=S)o2)cc1,0.0589,5.68,Inactive,Inactive
7237,N=C(N)NCCC[C@H](NC(=O)[C@H](Cc1ccccc1)NC(=O)[C@@H](N)CCCNC(=N)N)C(=O)NCc1ccccc1,0.0589,5.68,Inactive,Inactive
7238,COc1ccc(/C=C/C(=O)N2CCN(S(=O)(=O)/C=C/c3ccccc3)CC2)cc1OC,0.0589,5.68,Inactive,Inactive
7239,Cc1cccc(C)c1NC(=O)CSc1nnc(Cn2nnc3ccccc32)o1,0.0589,5.68,Inactive,Inactive
7240,CC1=C(O)/C(=C/[C@H](C)CC/C=C(/C)CCC/C=C(/C)CCc2ccoc2)OC1=O,0.0589,5.68,Inactive,Inactive
7241,COc1cccc(C(=O)CSc2nc(C)c(C)n2Nc2ccc(Cl)cc2)c1,0.0589,5.68,Inactive,Inactive
7242,Cc1cc(N/C=C\c2nnnn2-c2ccc(F)cc2)no1,0.0589,5.68,Inactive,Inactive
7243,N#Cc1ccc(/C=C/c2nc3ccccc3c(=O)n2-c2ccc(OCc3cn(Cc4ccc(Br)cc4)nn3)cc2)cc1,0.0589,5.68,Inactive,Inactive
7244,CC1(C)CC(=O)C2=C(C1)OC(N)=C(C#N)C2c1ccc(OC(=O)N2CCOCC2)cc1,0.0589,5.68,Inactive,Inactive
7245,COc1cccc(C(=O)CSc2nc(C)c(C)n2Nc2ccccc2)c1,0.0589,5.68,Inactive,Inactive
7246,CC1(C)CC(=O)C2=C(C1)NC(=S)NC2c1cc2ccccc2[nH]c1=S,0.0589,5.68,Inactive,Inactive
7247,C[C@H](NC(=O)[C@H](CCCNC(=N)N)NC(=O)[C@H](Cc1c[nH]c2ccccc12)NC(=O)[C@H](C)NC(=O)[C@H](CCCNC(=N)N)NC(=O)[C@H](CCCNC(=N)N)NC(=O)[C@H](Cc1c[nH]c2ccccc12)NC(=O)[C@H](Cc1c[nH]c2ccccc12)NC(=O)[C@@H](N)CCCNC(=N)N)C(N)=O,0.0589,5.68,Inactive,Inactive
7248,COc1ccccc1N1CCN(C(=O)c2cc(=O)c3cc(C)ccc3o2)CC1,0.0589,5.68,Inactive,Inactive
7249,COc1ccc(C(=O)NC(=S)NCc2ccc(-c3nc4ccccc4o3)cc2)cc1OC,0.0589,5.68,Inactive,Inactive
7250,CC(=O)c1ccc(S(=O)(=O)N2CCC(c3nnc(SCCN4CCCC4)n3C)CC2)cc1,0.0589,5.68,Inactive,Inactive
7251,Cc1ccccc1-n1c(Cn2c(=O)sc3ccccc32)nnc1SC(C)C,0.0589,5.68,Inactive,Inactive
7252,C[C@H](NC(=O)[C@H](C)NC(=O)[C@H](CCCNC(=N)N)NC(=O)[C@H](Cc1c[nH]c2ccccc12)NC(=O)[C@H](Cc1c[nH]c2ccccc12)NC(=O)[C@@H](N)CCCNC(=N)N)C(=O)N[C@@H](Cc1c[nH]c2ccccc12)C(=O)N[C@@H](CCCNC(=N)N)C(=O)N[C@@H](CCCNC(=N)N)C(N)=O,0.0589,5.68,Inactive,Inactive
7253,COc1ccc(C(=O)CSc2nc3sc4c(c3c(=O)n2N)CCCC4)cc1,0.0589,5.68,Inactive,Inactive
7254,O=C(c1cccc(Br)c1)N1CCN(S(=O)(=O)N2CCOCC2)CC1,0.0589,5.68,Inactive,Inactive
7255,O=C(CSc1nnc(Cn2nnc3ccccc32)o1)Nc1c(Cl)cccc1Cl,0.0589,5.68,Inactive,Inactive
7256,C[C@H](N)C(=O)N[C@@H](Cc1c[nH]c2ccccc12)C(=O)N[C@@H](Cc1c[nH]c2ccccc12)C(=O)N[C@@H](CCCNC(=N)N)C(=O)N[C@@H](CCCNC(=N)N)C(=O)N[C@@H](C)C(=O)N[C@@H](Cc1c[nH]c2ccccc12)C(=O)N[C@@H](CCCNC(=N)N)C(=O)N[C@@H](CCCNC(=N)N)C(N)=O,0.0589,5.68,Inactive,Inactive
7257,CC1(C)CC(=O)C2=C(C1)NC(=O)NC2c1cc2ccccc2[nH]c1=S,0.0589,5.68,Inactive,Inactive
7258,CCOC(=O)Cc1csc(N/N=C2\CC(c3ccc(OC)cc3)NC(c3ccc(OC)cc3)C2C)n1,0.0589,5.68,Inactive,Inactive
7259,COc1ccc(Nn2c(SCC(=O)c3cccc(Cl)c3)nc(C)c2C)cc1,0.0589,5.68,Inactive,Inactive
7260,O=C(c1ccc(Cl)cc1)N1CCN(S(=O)(=O)/C=C/c2ccccc2)CC1,0.0589,5.68,Inactive,Inactive
7261,C[C@H](NC(=O)[C@H](CCCNC(=N)N)NC(=O)[C@H](Cc1c[nH]c2ccccc12)NC(=O)[C@H](Cc1c[nH]c2ccccc12)NC(=O)[C@H](CCCNC(=N)N)NC(=O)[C@H](CCCNC(=N)N)NC(=O)[C@H](C)NC(=O)[C@H](Cc1c[nH]c2ccccc12)NC(=O)[C@@H](N)CCCNC(=N)N)C(N)=O,0.0589,5.68,Inactive,Inactive
7262,C[C@H](NC(=O)[C@H](Cc1c[nH]c2ccccc12)NC(=O)[C@@H](N)CCCNC(=N)N)C(=O)N[C@@H](CCCNC(=N)N)C(=O)N[C@@H](CCCNC(=N)N)C(=O)N[C@@H](Cc1c[nH]c2ccccc12)C(=O)N[C@@H](Cc1c[nH]c2ccccc12)C(=O)N[C@@H](CCCNC(=N)N)C(N)=O,0.0589,5.68,Inactive,Inactive
7263,COc1ccc(C(=O)CSc2nc(C)c(C)n2Nc2ccccc2)cc1OC,0.0589,5.68,Inactive,Inactive
7264,CC(=O)Nc1ccc(S(=O)(=O)C/C(=N/NC(=O)c2ccccc2)c2nccs2)cc1,0.0589,5.68,Inactive,Inactive
7265,C[C@H](NC(=O)[C@H](Cc1c[nH]c2ccccc12)NC(=O)[C@H](C)NC(=O)[C@H](CCCNC(=N)N)NC(=O)[C@H](CCCNC(=N)N)NC(=O)[C@H](Cc1c[nH]c2ccccc12)NC(=O)[C@H](Cc1c[nH]c2ccccc12)NC(=O)[C@@H](N)CCCNC(=N)N)C(=O)N[C@@H](CCCNC(=N)N)C(N)=O,0.0589,5.68,Inactive,Inactive
7266,COc1ccccc1N1CCN(C(=O)c2c(C)cc(=O)oc2C)CC1,0.0589,5.68,Inactive,Inactive
7267,Cc1cccc(Oc2c(/C=C3\SC(=S)N([C@@H](Cc4c[nH]c5ccccc45)C(=O)O)C3=O)c(C)nn2-c2ccccc2)c1,0.0589,5.68,Inactive,Inactive
7268,CC(=O)c1cccc(NC(=O)c2ccc(C)c(S(=O)(=O)N3CCOCC3)c2)c1,0.0589,5.68,Inactive,Inactive
7269,COc1ccc(C(=O)CSc2nc(C)c(C)n2Nc2ccccc2)cc1,0.0589,5.68,Inactive,Inactive
7270,C[C@H](NC(=O)[C@H](CCCNC(=N)N)NC(=O)[C@H](CCCNC(=N)N)NC(=O)[C@H](Cc1c[nH]c2ccccc12)NC(=O)[C@H](Cc1c[nH]c2ccccc12)NC(=O)[C@@H](N)CCCNC(=N)N)C(=O)N[C@@H](Cc1c[nH]c2ccccc12)C(=O)N[C@@H](CCCNC(=N)N)C(N)=O,0.0589,5.68,Inactive,Inactive
7271,O=c1oc2ccccc2cc1-c1nnc(Sc2nc(Oc3cccc4cccnc34)nc(N3CCOCC3)n2)o1,0.0526,5.1,Inactive,Inactive
7272,COc1cccc(C(=O)CSc2nc(C)c(C)n2Nc2ccc(C)cc2)c1,0.0526,5.1,Inactive,Inactive
7273,Cc1ccc(-n2c(SCc3cc(=O)n4ccsc4n3)nnc2-c2cccnc2)c(C)c1,0.0491,4.76,Inactive,Inactive
7274,O=C(COC(=O)C1CC2C=CC1C2)Nc1cccc(S(=O)(=O)N2CCCCC2)c1,0.0491,4.76,Inactive,Inactive
7275,Cc1cc(C)nc(SCc2nnc(SCC(=O)Nc3nccs3)n2Cc2ccco2)n1,0.0491,4.76,Inactive,Inactive
7276,O=C(CSc1nnnn1C1CCCCC1)N1CCCC1,0.0491,4.76,Inactive,Inactive
7277,Cc1ccc(-c2nnc(SCC(=O)N/N=C/c3ccc(C)s3)n2-c2ccccc2)cc1,0.0491,4.76,Inactive,Inactive
7278,CCOC(=O)N1CCN(S(=O)(=O)c2ccc(C)cc2)C1c1ccc(OC)cc1,0.0491,4.76,Inactive,Inactive
7279,CCOC(=O)C1CCN(S(=O)(=O)c2ccc(Cl)nc2)CC1,0.0491,4.76,Inactive,Inactive
7280,C/C(=N\N=C1/SCC(=O)N1Cc1ccc([N+](=O)[O-])cc1)c1ccccc1,0.0491,4.76,Inactive,Inactive
7281,O=C(CSc1nnnn1-c1ccccc1)N/N=c1/scc(-c2ccc(Cl)cc2)n1-c1ccccc1,0.0491,4.76,Inactive,Inactive
7282,O=C(CSc1nnnn1-c1ccccc1)N/N=c1/scc(-c2ccc([N+](=O)[O-])cc2)n1-c1ccccc1,0.0491,4.76,Inactive,Inactive
7283,Cc1ccc(-c2nn(-c3ccccc3)cc2/C=N/NS(=O)(=O)c2ccccc2)cc1,0.0491,4.76,Inactive,Inactive
7284,O=C(CN(Cc1ccco1)S(=O)(=O)c1ccc(Cl)cc1)N1CCCc2ccccc21,0.0491,4.76,Inactive,Inactive
7285,O=C(CSc1nnc(Cc2ccccc2)o1)N1CCCc2ccccc21,0.0491,4.76,Inactive,Inactive
7286,COc1ccc(/C(C)=N/NC(=O)CNC(=O)C2COc3ccccc3O2)c(OC)c1,0.0491,4.76,Inactive,Inactive
7287,C/C(CC(C)C)=N/N=C1/SCC(=O)N1C(=O)c1ccccc1,0.0491,4.76,Inactive,Inactive
7288,O=c1c2ccccc2nc(/C=C/c2ccc(Cl)cc2)n1-c1cccc(-n2cc(-c3ccccc3)nn2)c1,0.0491,4.76,Inactive,Inactive
7289,Cc1nc(SCC(=O)c2ccc(F)cc2)n(Nc2ccc(Cl)cc2)c1C,0.0491,4.76,Inactive,Inactive
7290,Cn1nnc(NC(=O)CSc2nnnn2-c2ccc(F)cc2)n1,0.0491,4.76,Inactive,Inactive
7291,COc1ccc(N2CCN(C(=O)CSc3nnc(COc4cccc5cccnc45)o3)CC2)cc1,0.0491,4.76,Inactive,Inactive
7292,COc1ccc(N2CCN(C(=O)CN(c3cccc(Br)c3)S(C)(=O)=O)CC2)cc1,0.0491,4.76,Inactive,Inactive
7293,O=C1CS/C(=N\N=C\c2cccc3ccccc23)N1Cc1cccc2ccccc12,0.0491,4.76,Inactive,Inactive
7294,Cc1csc2nc(CSc3nncn3-c3ccccc3)c(Br)n12,0.0491,4.76,Inactive,Inactive
7295,Fc1ccc(NC(=S)NC2C3CC4CC(C3)CC2C4)c(F)c1F,0.0491,4.76,Inactive,Inactive
7296,CSc1ccccc1NC(=O)CSCc1ccc(C)cc1,0.0491,4.76,Inactive,Inactive
7297,COc1ccc(C2NC(c3ccc(OC)cc3)C3CCCC2C3=N/N=C2/NC(=O)CS2)cc1,0.0491,4.76,Inactive,Inactive
7298,CC(=O)Nc1cccc(NC(=O)CSc2nnc(Cc3cccn3C)n2-c2ccc(C)cc2)c1,0.0491,4.76,Inactive,Inactive
7299,N#CCCSC1=NC(c2ccc(F)cc2)=CC(c2cc3cc(Cl)ccc3nc2Cl)N1,0.0491,4.76,Inactive,Inactive
7300,CC(C)n1cnnc1SCC(=O)Nc1ccc(Br)cc1F,0.0491,4.76,Inactive,Inactive
7301,N#CCCSC1=NC(c2cccc(Br)c2)=CC(c2cc3cc(Cl)ccc3nc2Cl)N1,0.0491,4.76,Inactive,Inactive
7302,Cc1ccccc1S(=O)(=O)Nc1ccc(-c2nc3ccccc3o2)cc1,0.0491,4.76,Inactive,Inactive
7303,N#CCCSC1=NC(c2cccc(F)c2)=CC(c2cc3cc(Cl)ccc3nc2Cl)N1,0.0491,4.76,Inactive,Inactive
7304,Cc1nc(SCC(=O)c2ccc(F)cc2)n(Nc2ccccc2)c1C,0.0491,4.76,Inactive,Inactive
7305,Cc1nc(SCC(=O)c2cccc(Cl)c2)n(Nc2ccc(Cl)cc2)c1C,0.0491,4.76,Inactive,Inactive
7306,Cc1nc(SCC(=O)c2cccc(F)c2)n(Nc2ccc(Cl)cc2)c1C,0.0491,4.76,Inactive,Inactive
7307,O=S(=O)(c1ccc(Cl)cc1)c1ccc(-c2nnc3n2N=C(Nc2ccccc2)CS3)cc1,0.0491,4.76,Inactive,Inactive
7308,COc1cccc(-n2nnnc2SCC(=O)NCc2ccc3c(c2)OCO3)c1,0.0491,4.76,Inactive,Inactive
7309,O=S(=O)(Nc1ccc(-c2nc3ccccc3o2)cc1)c1ccc(F)cc1,0.0491,4.76,Inactive,Inactive
7310,Clc1cc2nc(C3CCNCC3)n(CCCCCn3cnc4ccccc43)c2cc1Cl,0.0491,4.76,Inactive,Inactive
7311,COc1cccc(C2=CC(c3cc4cc(Cl)ccc4nc3Cl)NC(SCCC#N)=N2)c1,0.0491,4.76,Inactive,Inactive
7312,COc1cccc(N2CCN(C(=S)NCc3ccco3)CC2)c1,0.0491,4.76,Inactive,Inactive
7313,O=S(=O)(c1ccc(Br)cc1)c1ccc(-c2nnc3n2N=C(Nc2ccccc2)CS3)cc1,0.0491,4.76,Inactive,Inactive
7314,COc1ccc(Nn2c(SCC(=O)c3cccc(OC)c3)nc(C)c2C)cc1,0.0491,4.76,Inactive,Inactive
7315,COc1ccccc1NC(=O)CSc1nnc(Cc2cccn2C)n1-c1ccc(F)cc1,0.0491,4.76,Inactive,Inactive
7316,COc1ccccc1N(CC(=O)N1CCCC1)S(=O)(=O)c1ccc(C)cc1,0.0491,4.76,Inactive,Inactive
7317,COc1ccc(Nn2c(SCC(=O)c3cccc(F)c3)nc(C)c2C)cc1,0.0491,4.76,Inactive,Inactive
7318,COc1ccc(Nn2c(SCC(=O)c3ccc(OC)c(OC)c3)nc(C)c2C)cc1,0.0491,4.76,Inactive,Inactive
7319,COc1ccc(Nn2c(SCC(=O)c3ccc(F)cc3)nc(C)c2C)cc1,0.0491,4.76,Inactive,Inactive
7320,COc1ccc(Nn2c(SCC(=O)c3ccc(F)c(F)c3)nc(C)c2C)cc1,0.0491,4.76,Inactive,Inactive
7321,COc1ccc(Nn2c(SCC(=O)c3ccc(Cl)cc3)nc(C)c2C)cc1,0.0491,4.76,Inactive,Inactive
7322,CCN(CC(=O)Nc1ccccc1OC)C(=O)c1cc(S(=O)(=O)N2CCCCCC2)ccc1OC,0.0491,4.76,Inactive,Inactive
7323,COc1ccc(C2/C=C\CC(NS(=O)(=O)c3ccc(C)cc3)CC(=O)N2Cc2ccccc2F)cc1,0.0491,4.76,Inactive,Inactive
7324,Cc1ccccc1N1C(=O)CSC1c1cc2ccccc2nc1Cl,0.0491,4.76,Inactive,Inactive
7325,Cc1cccc(S(=O)(=O)Nc2ccc(-c3nc4ccccc4o3)cc2)c1,0.0491,4.76,Inactive,Inactive
7326,Cc1ccc(S(=O)(=O)Nc2ccc(-c3nc4ccccc4o3)cc2)cc1,0.0491,4.76,Inactive,Inactive
7327,COc1cc(CO[C@H]2Cc3c(O)cc(O)cc3O[C@@H]2c2ccc(O)c(O)c2)cc(OC)c1OC,0.0491,4.76,Inactive,Inactive
7328,CCCC/C(C)=N\N=C1\SCC(=O)N1C(=O)c1ccccc1,0.0491,4.76,Inactive,Inactive
7329,Cc1ccc(Nn2c(SCC(=O)c3ccccc3)nc(C)c2C)cc1,0.0491,4.76,Inactive,Inactive
7330,Cc1ccc(Nn2c(SCC(=O)c3cccc(F)c3)nc(C)c2C)cc1,0.0491,4.76,Inactive,Inactive
7331,Cc1ccc(Nn2c(SCC(=O)c3cccc(Cl)c3)nc(C)c2C)cc1,0.0491,4.76,Inactive,Inactive
7332,Cc1ccc(Nn2c(SCC(=O)c3ccc(F)cc3)nc(C)c2C)cc1,0.0491,4.76,Inactive,Inactive
7333,Cc1ccc(Nn2c(SCC(=O)c3ccc(F)c(F)c3)nc(C)c2C)cc1,0.0491,4.76,Inactive,Inactive
7334,Cc1ccc(Nn2c(SCC(=O)c3ccc(Cl)cc3)nc(C)c2C)cc1,0.0491,4.76,Inactive,Inactive
7335,Cc1ccc(N2C(=O)CSC2c2cc3ccccc3nc2Cl)cc1,0.0491,4.76,Inactive,Inactive
7336,Cc1ccc(CSC2=NCCN2C(=O)c2ccc(S(=O)(=O)N(C)C)cc2)cc1,0.0491,4.76,Inactive,Inactive
7337,CCCNC(=O)C1CCN(S(=O)(=O)c2cccc3nonc23)CC1,0.0491,4.76,Inactive,Inactive
7338,CCCS(=O)(=O)N1CCN(C(=O)c2ccccc2F)CC1,0.0491,4.76,Inactive,Inactive
7339,O=C(Nc1nnc(C2COc3ccccc3O2)o1)c1ccc(F)cc1,0.0491,4.76,Inactive,Active
7340,CCc1nc(SCC(=O)N2CCCc3ccccc32)c2oc3ccccc3c2n1,0.0491,4.76,Inactive,Inactive
7341,CCSc1nnc(/C=C/c2cc(OC)ccc2OC)n1-c1ccc(C)cc1,0.0491,4.76,Inactive,Inactive
7342,O=C(/C=C/c1ccc(/C=C2\SC(=S)N([C@@H](Cc3ccccc3)C(=O)O)C2=O)cc1)c1ccc2ccccc2c1,0.0491,4.76,Inactive,Inactive
7343,CCC(C)(C)c1ccc(-c2cn(-c3cccc(-n4c(/C=C/c5ccc(C#N)cc5)nc5ccccc5c4=O)c3)nn2)cc1,0.0491,4.76,Inactive,Inactive
7344,CC1CCc2ccccc2N1CC(=O)Nc1cccc(S(=O)(=O)N2CCCC2)c1,0.0491,4.76,Inactive,Inactive
7345,CCSc1nnc(/C=C/c2cc(OC)ccc2OC)n1-c1ccccc1,0.0491,4.76,Inactive,Inactive
7346,Cc1ccc2nc(CSc3nnc(COc4ccccc4Cl)o3)cn2c1,0.0491,4.76,Inactive,Inactive
7347,COc1ccc(-c2nn(-c3ccccc3)cc2/C=C/c2oc3c4c(ccc3c2C(=O)c2ccc(Br)cc2)OCC=C4)cc1OC,0.0491,4.76,Inactive,Active
7348,Cc1cccc(C)c1NC(=O)C1CCCN1S(=O)(=O)c1ccccc1,0.0491,4.76,Inactive,Inactive
7349,COc1ccc(-n2c(Cc3cccn3C)nnc2SCC(=O)Nc2ccc(C)cc2C)cc1,0.0491,4.76,Inactive,Inactive
7350,Cc1cccc(C2=CC(c3cc4cc(Cl)ccc4nc3Cl)NC(SCCC#N)=N2)c1,0.0491,4.76,Inactive,Inactive
7351,N=C(N)NCCC[C@H](NC(=O)[C@@H](N)CCCNC(=N)N)C(=O)N[C@@H](CCCCN)C(=O)N[C@@H](Cc1c[nH]c2ccccc12)C(=O)N[C@@H](Cc1c[nH]c2ccccc12)C(=O)N[C@@H](Cc1c[nH]c2ccccc12)C(N)=O,0.0491,4.76,Inactive,Inactive
7352,N=C(N)NCCC[C@H](N)C(=O)N[C@@H](Cc1c[nH]c2ccccc12)C(=O)N[C@@H](Cc1ccc(NC(=N)N)cc1)C(=O)NCc1ccccc1,0.0491,4.76,Inactive,Inactive
7353,C=Cc1ccc(S(=O)(=O)Nc2ccc(-c3nc4ccccc4o3)cc2)cc1,0.0491,4.76,Inactive,Inactive
7354,Cc1cccc(N2C(=O)CSC2c2cc3ccccc3nc2Cl)c1,0.0491,4.76,Inactive,Inactive
7355,COc1ccc(C(=O)CSc2nc(C)c(C)n2Nc2ccc(C)cc2)cc1,0.0491,4.76,Inactive,Inactive
7356,O=C(CSc1nnnn1-c1ccccc1)N/N=c1/scc(-c2ccc(F)cc2)n1-c1ccccc1,0.0374,3.65,Inactive,Inactive
7357,N#Cc1ccc(-c2cs/c(=N/NC(=O)CSc3nnnn3-c3ccccc3)n2-c2ccccc2)cc1,0.0374,3.65,Inactive,Inactive
7358,O=C(CSc1nnnn1-c1ccccc1)N/N=c1/scc(-c2ccccc2)n1-c1ccccc1,0.0374,3.65,Inactive,Inactive
7359,O=C(CSc1nnnn1-c1ccccc1)N/N=c1/scc(-c2ccc(Br)cc2)n1-c1ccccc1,0.037,3.62,Inactive,Inactive
7360,COc1ccc(-c2cs/c(=N/NC(=O)CSc3nnnn3-c3ccccc3)n2-c2ccccc2)cc1,0.037,3.62,Inactive,Inactive
7361,N#Cc1ccc(/C=C/c2nc3ccccc3c(=O)n2-c2cccc(-n3cc(-c4ccccc4)nn3)c2)cc1,0.0364,3.56,Inactive,Inactive
7362,Cc1ccc(-c2cs/c(=N/NC(=O)CSc3nnnn3-c3ccccc3)n2-c2ccccc2)cc1,0.0283,2.78,Inactive,Inactive
7363,Cc1cccc(OCc2nnc(SCC(=O)c3cc(C)n(-c4ccc5c(c4)OCO5)c3C)o2)c1,0.0283,2.78,Inactive,Inactive
